formula,cluster,y_log,pred_cv,pred_loco,klass
AcInTe2,full:X2=Te,-0.35684353438029376,-0.4625460867930604,-0.29937290705379316,full
AcNiAs,half:X=Ac,0.769081787118219,0.7636948766017937,0.8512661774250974,half
AcNiP,half:X=Ac,0.8603380065709937,0.8508156445024279,0.8942202821852459,half
AcNiSb,half:X=Ac,0.7123971314067149,0.7387623433441485,0.761750952814505,half
AcOF,half:X=Ac,1.0837247268694314,0.6994504040139901,0.7477075059702669,half
AcTlTe2,full:X2=Te,-0.14331158122505538,-0.21892128450758497,-0.1941541521120559,full
Al2CoOs,full:X2=Al,1.3459615418131412,1.3717656355500185,1.4436576078176317,full
Al2CoOs,full:X2=Al,1.3237469757150113,1.3513255204875483,1.423179253578863,full
Al2CoOs,full:X2=Al,1.302720449896134,1.3435442582293269,1.371451575896137,full
Al2CoOs,full:X2=Al,1.2827806682491263,1.325746695019944,1.3520603076618636,full
Al2CoOs,full:X2=Al,1.2637780490226218,1.3093174107594026,1.3238804688095864,full
Al2CoOs,full:X2=Al,1.245636029406203,1.28629212990122,1.3131598741062747,full
Al2CoOs,full:X2=Al,1.2282720021239995,1.2412525374131014,1.2938497747063513,full
Al2CoOs,full:X2=Al,1.2116277231686166,1.2183064526947156,1.2805004587729174,full
Al2CoOs,full:X2=Al,1.1956229435869368,1.1741827693126186,1.251464464230978,full
Al2CoOs,full:X2=Al,1.1802406009557402,1.165683616414701,1.23272707156414,full
Al2CoOs,full:X2=Al,1.1653927267698108,1.1502635751402526,1.2242535459448838,full
Al2CoOs,full:X2=Al,1.3779337210752851,1.1502635751402526,1.2242535459448838,full
Al2CoOs,full:X2=Al,1.3408068669085873,1.1502635751402526,1.2242535459448838,full
Al2CoOs,full:X2=Al,1.1510632533537501,1.1412840491770382,1.2173087438312136,full
Al2CoOs,full:X2=Al,1.1371958119405483,1.1039889288542204,1.2124463443965112,full
Al2CoOs,full:X2=Al,1.123786328615372,1.0923023611496898,1.1998978658660004,full
Al2CoOs,full:X2=Al,1.1107916607711061,1.0550856061678173,1.1864293300475826,full
Al2CoOs,full:X2=Al,1.0981589834605336,1.0328071954520472,1.1650998390393459,full
Al2CoOs,full:X2=Al,1.085932445550636,1.0295215914353455,1.1553333986572678,full
Al2CoOs,full:X2=Al,1.074011446008945,1.0235500132739401,1.1551025273925901,full
Al2CoOs,full:X2=Al,1.0624315531626123,0.9973763736112661,1.1436209976947658,full
Al2CoOs,full:X2=Al,1.0511911246856986,0.9771036841714016,1.1310948731132449,full
Al2CoOs,full:X2=Al,1.040206627574711,0.9659221012522666,1.122133534464584,full
Al2CoOs,full:X2=Al,1.029505525426577,0.9541455457551564,1.1099610158937647,full
Al2CoOs,full:X2=Al,1.0190747291778988,0.9444128373095895,1.1107416016289746,full
Al2CoOs,full:X2=Al,1.0088555639962127,0.9551525949696579,1.1060775692023797,full
Al2CoOs,full:X2=Al,0.9989129043587858,0.9893303494257472,1.0973953295022332,full
Al2CoOs,full:X2=Al,0.9891827512555476,1.0043432109866652,1.1162525014566242,full
Al2CoOs,full:X2=Al,0.9796849238270258,1.0202788435776937,1.1093241509975003,full
Al2CoOs,full:X2=Al,0.9703468762300933,1.0025685891091862,1.0966948535695937,full
Al2CoOs,full:X2=Al,0.9612311970446631,0.9963081533524432,1.0911255654402567,full
Al2CoOs,full:X2=Al,0.9523080096621253,1.0058639639952407,1.0771538637618847,full
Al2CoOs,full:X2=Al,0.943593432768369,1.0053195053292316,1.0782042158623395,full
Al2CoOs,full:X2=Al,0.9350031514536548,0.98610332222849,1.0648250292559094,full
Al2CoOs,full:X2=Al,0.9266510770888888,0.9579866549516327,1.0707295627755289,full
Al2CoOs,full:X2=Al,0.9183973388437002,0.9409179782062741,1.0607633062200597,full
Al2CoOs,full:X2=Al,0.9103041680685687,0.9296226721790127,1.0468053602975327,full
Al2CoOs,full:X2=Al,0.9023836844324715,0.9267209612152142,1.0457642131175016,full
Al2CoOs,full:X2=Al,0.8945929479229555,0.9225226215820953,1.0368578458853244,full
Al2CoOs,full:X2=Al,0.8869417059834154,0.9125744530207351,1.0327174482156385,full
Al2CoOs,full:X2=Al,0.879439965995217,0.9084840471063256,1.0225122798757664,full
Al2CoOs,full:X2=Al,0.8720396679732862,0.9045719412327874,1.0179189741735817,full
Al2CoOs,full:X2=Al,0.8647483356296588,0.8937119046991279,1.0163572732345383,full
Al2CoOs,full:X2=Al,0.8576339851500081,0.8835076134376518,1.0032716516619886,full
Al2CoOs,full:X2=Al,0.8505849763520315,0.8795056732929458,0.9944919276587297,full
Al2CoOs,full:X2=Al,0.8436687229791437,0.8723189577694316,0.9926631533460561,full
Al2CoOs,full:X2=Al,0.8368302864888789,0.864382130467579,0.9689258958777531,full
Al2CoOs,full:X2=Al,0.8301393874253428,0.8548334248944613,0.9658927146785317,full
Al2CoOs,full:X2=Al,0.823539433656859,0.8525166604903319,0.9630139832652336,full
Al2CoOs,full:X2=Al,0.8170362260500289,0.8417194331039198,0.9526280923454071,full
Al2CoOs,full:X2=Al,0.8106357002755373,0.8393923834430611,0.9499351146344658,full
Al2CoOs,full:X2=Al,0.8043439184798659,0.8363784610966845,0.9484113377899412,full
Al2CoOs,full:X2=Al,0.7980979320624859,0.8179260222311698,0.9444184329571157,full
Al2CoOs,full:X2=Al,0.791971201020768,0.8141085670355069,0.9390307250349362,full
Al2CoOs,full:X2=Al,0.7858990283843835,0.8107317813113383,0.9316661718929748,full
Al2CoOs,full:X2=Al,0.7799570512469061,0.8021361346557884,0.9222367545114938,full
Al2CoOs,full:X2=Al,0.7740788007525189,0.796131370313517,0.9199778440178787,full
Al2CoOs,full:X2=Al,0.7682680164515481,0.7931976722464577,0.9180485553652199,full
Al2CoOs,full:X2=Al,0.7625285224469999,0.7873760049390781,0.9094024000861824,full
Al2CoOs,full:X2=Al,0.7569402360467242,0.7782550161148186,0.9054708133746723,full
Al2CoOs,full:X2=Al,0.7513560997253936,0.7748839882919677,0.9185362067391752,full
Al2CoOs,full:X2=Al,0.7458551951737289,0.7745123011341394,0.9152180963926811,full
Al2CoOs,full:X2=Al,0.7403626894942439,0.7686623042761191,0.9069708002863492,full
Al2CoOs,full:X2=Al,0.7350397050337208,0.7644276663984615,0.9033805568472397,full
Al2CoOs,full:X2=Al,0.7297315952870355,0.7559641974723181,0.8957046160951543,full
Al2CoOs,full:X2=Al,0.7244397233970746,0.7478678323416399,0.8886888698693057,full
Al2CoOs,full:X2=Al,0.7192483984479462,0.7451154591377601,0.8842098243075992,full
Al2CoOs,full:X2=Al,0.7141620460988533,0.7646036532485732,0.8815229918133886,full
Al2CoOs,full:X2=Al,0.7091002815511667,0.7592269943299742,0.8747592883445503,full
Al2CoOs,full:X2=Al,0.7040646794085674,0.7518012627495221,0.8667233908682423,full
Al2CoOs,full:X2=Al,0.6991436873944837,0.7577492254855879,0.8639322055482418,full
Al2CoOs,full:X2=Al,0.6942541120252784,0.7737579165836094,0.8654388198340721,full
Al2CoOs,full:X2=Al,0.6893976628212823,0.7687533041279917,0.8589997683510238,full
Al2CoOs,full:X2=Al,0.6846658640258609,0.7623130700788394,0.8534250534021385,full
Al2CoOs,full:X2=Al,0.6799726942774185,0.7803365356071037,0.8453335747267687,full
Al2CoOs,full:X2=Al,0.6752282535930639,0.7757090316755549,0.8385675108721367,full
Al2CoOs,full:X2=Al,0.6706168864003256,0.7732058888464941,0.8321816604773545,full
Al2CoOs,full:X2=Al,0.6660497384805159,0.7619538206028154,0.8285950001770532,full
Al2CoOs,full:X2=Al,0.6615287401319825,0.7560464925080015,0.8251881006067228,full
Al2CoOs,full:X2=Al,0.6570558528571039,0.7842677215196634,0.8248923771310166,full
Al2CoOs,full:X2=Al,0.6526330680831101,0.7765494219803515,0.8161826317542706,full
Al2CoOs,full:X2=Al,0.6481647785740011,0.7683595897845142,0.8107299189575603,full
Al2CoOs,full:X2=Al,0.6438473102997142,0.7630925363804981,0.7988014208195933,full
AlCoMo,half:X=Al,1.360839456683622,1.3586212334091141,1.3955583521711548,half
AlCoW,half:X=Al,1.3991023610261597,1.356836537669432,1.3115634974858934,half
AlCrCo,half:X=Al,1.5036409005132225,1.295808489173629,1.3301270268468481,half
AlCrIr,half:X=Al,1.3712711014875845,1.3101170971476972,1.2645422164604507,half
AlCrRh,half:X=Al,1.4555756880848911,1.3577250053228158,1.3589069575336925,half
AlIrW,half:X=Al,1.3942414874776412,1.2389968125136819,1.032386581399519,half
AlRhW,half:X=Al,1.4100176082030527,1.3174362104014756,1.154167162062255,half
AlVFe2,full:X2=Fe,1.7879773527380916,1.0882018459651,0.9367748152391592,full
AlVNi,half:X=Al,1.4429028824185497,1.4587111934558317,1.3627545292555376,half
AlVPt,half:X=Al,1.295017011881458,1.3199151987054958,1.2650022429968668,half
BIrW,half:X=B,1.4689820589625704,1.4354925360393724,0.5236377197031862,half
BMoIr,half:X=B,1.5345718058407403,1.4172792835448615,0.8378962425026083,half
BMoRh,half:X=B,1.6155607998873003,1.321222869115837,0.9190128908545907,half
BRhW,half:X=B,1.5062208215432054,1.4322410570321873,0.6497348696671403,half
Ba2AgBi,full:X2=Ba,-0.12977172098820555,-0.16607810431054149,-0.1364743129504481,full
Ba2AgSb,full:X2=Ba,0.12385164096708581,0.23814160245765625,0.2558353329032437,full
Ba2AgSb,full:X2=Ba,-0.3010299956639812,0.07801669220291818,0.1357198011901276,full
Ba2AsAu,full:X2=Ba,-0.12205304837081175,-0.3007409508454515,-0.1632448756271394,full
Ba2AsAu,full:X2=Ba,-0.14266750356873156,-0.31868095290391185,-0.18564664604666126,full
Ba2AsAu,full:X2=Ba,-0.16241156176448873,-0.33965777558157284,-0.19994769394532086,full
Ba2AsAu,full:X2=Ba,-0.1817741063860445,-0.35871397401959904,-0.21738030799251007,full
Ba2AsAu,full:X2=Ba,-0.19997064075586568,-0.37954080967978343,-0.23085033238292985,full
Ba2AsAu,full:X2=Ba,-0.21752737583371382,-0.40492725138716,-0.24596372019633606,full
Ba2AsAu,full:X2=Ba,-0.23433144524098595,-0.41993266588152167,-0.25906495860087064,full
Ba2AsAu,full:X2=Ba,-0.2502636844309389,-0.4322189017161333,-0.26362243650238293,full
Ba2AsAu,full:X2=Ba,-0.266000713461613,-0.4371462468481606,-0.2627920710252565,full
Ba2AsAu,full:X2=Ba,-0.28066871301627333,-0.44027773426687067,-0.2727104180288973,full
Ba2AsAu,full:X2=Ba,-0.2958494831602009,-0.4409943335398898,-0.2692066494867986,full
Ba2AsAu,full:X2=Ba,-0.20300960945431362,-0.4409943335398898,-0.2692066494867986,full
Ba2AsAu,full:X2=Ba,-0.3098039199714863,-0.4662301811326537,-0.28881041773401206,full
Ba2AsAu,full:X2=Ba,-0.3233063903751334,-0.49474561869262845,-0.3383708191856507,full
Ba2AsAu,full:X2=Ba,-0.33629907461035186,-0.5079304128217776,-0.33870719830613316,full
Ba2AsAu,full:X2=Ba,-0.34969247686806354,-0.5119104999918642,-0.34168283430003843,full
Ba2AsAu,full:X2=Ba,-0.3615107430453627,-0.5405566265011152,-0.35603936600807096,full
Ba2AsAu,full:X2=Ba,-0.37365963262495766,-0.5461471493630057,-0.3659936298961477,full
Ba2AsAu,full:X2=Ba,-0.38615817812393083,-0.5529406200202807,-0.37948337483774264,full
Ba2AsAu,full:X2=Ba,-0.39685562737981767,-0.585385546560107,-0.37851990543525416,full
Ba2AsAu,full:X2=Ba,-0.4089353929735008,-0.6020615993725342,-0.40335010026511986,full
Ba2AsAu,full:X2=Ba,-0.4190750243243807,-0.6088084025208877,-0.4176208461804225,full
Ba2AsAu,full:X2=Ba,-0.43062609038495414,-0.6135448699996007,-0.4065952802388979,full
Ba2AsAu,full:X2=Ba,-0.4400933749638875,-0.6254017168793735,-0.4256521590887179,full
Ba2AsAu,full:X2=Ba,-0.4509967379742122,-0.6417053413160501,-0.4327390192438689,full
Ba2AsAu,full:X2=Ba,-0.46092390120722343,-0.6464661710081971,-0.4375099337563155,full
Ba2AsAu,full:X2=Ba,-0.4698003017969178,-0.6567657373687676,-0.43592175744611783,full
Ba2AsAu,full:X2=Ba,-0.48017200622428124,-0.6617439988038336,-0.43978475215521673,full
Ba2AsAu,full:X2=Ba,-0.48945498979338786,-0.6913383416905394,-0.4730953093755772,full
Ba2AsAu,full:X2=Ba,-0.4975728800155673,-0.6958482046839689,-0.4744083890346422,full
Ba2AsAu,full:X2=Ba,-0.5072396109731625,-0.7035273218186244,-0.48051562201019293,full
Ba2AsAu,full:X2=Ba,-0.5157001606532142,-0.7036571671325991,-0.48073892824755426,full
Ba2AsAu,full:X2=Ba,-0.5243288116755703,-0.7132735214615127,-0.49392878099573445,full
Ba2AsAu,full:X2=Ba,-0.5331323796458906,-0.7263406594777713,-0.5024301459482075,full
Ba2AsAu,full:X2=Ba,-0.5406075122407692,-0.7308127347722064,-0.5308728183004192,full
Ba2AsAu,full:X2=Ba,-0.549750891680639,-0.7430974510953927,-0.533503487740123,full
Ba2AsAu,full:X2=Ba,-0.5575202309355514,-0.7419405929756353,-0.531310859725628,full
Ba2AsAu,full:X2=Ba,-0.5654310959658012,-0.7541013672282808,-0.5582178455959688,full
Ba2AsAu,full:X2=Ba,-0.5718652059712112,-0.762811836054412,-0.5525010299836439,full
Ba2AsAu,full:X2=Ba,-0.5800442515102421,-0.769663462547435,-0.5610361634101286,full
Ba2AsAu,full:X2=Ba,-0.5867002359187482,-0.7732935349865493,-0.5610899041534059,full
Ba2AsAu,full:X2=Ba,-0.595166283380062,-0.7868840110288913,-0.5657195776521744,full
Ba2AsAu,full:X2=Ba,-0.6020599913279624,-0.7972884628455923,-0.5839381165666839,full
Ba2AsAu,full:X2=Ba,-0.6090648928966209,-0.7992535698177596,-0.5851102178525842,full
Ba2AsAu,full:X2=Ba,-0.6161846340195687,-0.8039230523960967,-0.5903347476657594,full
Ba2AsAu,full:X2=Ba,-0.623423042943488,-0.8100477496868093,-0.5926836789269181,full
Ba2AsAu,full:X2=Ba,-0.6289321377282637,-0.812718614736595,-0.597512543724243,full
Ba2AsAu,full:X2=Ba,-0.6363880201078557,-0.8150854825395688,-0.5981787317757474,full
Ba2AsAu,full:X2=Ba,-0.6420651529995461,-0.833173042856767,-0.6062515044117669,full
Ba2AsAu,full:X2=Ba,-0.6497519816658371,-0.8384804201890645,-0.6081053749026566,full
Ba2AsAu,full:X2=Ba,-0.6556077263148893,-0.8413760845662417,-0.6112997510314848,full
Ba2AsAu,full:X2=Ba,-0.6615435063953952,-0.8646704807046997,-0.6216813783744408,full
Ba2AsAu,full:X2=Ba,-0.6675615400843947,-0.8689939413149805,-0.6231075481412294,full
Ba2AsAu,full:X2=Ba,-0.6736641390712486,-0.8714286280154795,-0.6276800232404558,full
Ba2AsAu,full:X2=Ba,-0.679853713888946,-0.8765581140254406,-0.631936976029863,full
Ba2AsAu,full:X2=Ba,-0.6861327796308466,-0.8797639126032635,-0.6373834963515708,full
Ba2AsAu,full:X2=Ba,-0.6925039620867871,-0.8823592456531284,-0.6416212560448056,full
Ba2AsAu,full:X2=Ba,-0.6968039425795111,-0.8904895613126493,-0.6507718954278783,full
Ba2AsAu,full:X2=Ba,-0.7033348097384688,-0.8972350838312435,-0.653751607004232,full
Ba2AsAu,full:X2=Ba,-0.707743928643524,-0.9012741496901093,-0.66330598943938,full
Ba2AsAu,full:X2=Ba,-0.7144426909922262,-0.9069218883781873,-0.6656816806700807,full
Ba2AsAu,full:X2=Ba,-0.7189666327522725,-0.9110693977526694,-0.6709066756475792,full
Ba2AsAu,full:X2=Ba,-0.7258421507363202,-0.9174601704855103,-0.6717625212333378,full
Ba2AsAu,full:X2=Ba,-0.7304870557820837,-0.9199261674101513,-0.6820664742451266,full
Ba2AsAu,full:X2=Ba,-0.7351821769904635,-0.926177085773713,-0.6902205796100298,full
Ba2AsAu,full:X2=Ba,-0.7399286120149252,-0.9291823557743555,-0.6942068741454517,full
Ba2AsAu,full:X2=Ba,-0.744727494896694,-0.9367774759520566,-0.6965440734066279,full
Ba2AsAu,full:X2=Ba,-0.7495799976911061,-0.9418430013184502,-0.6988637542322547,full
Ba2AsAu,full:X2=Ba,-0.7569619513137056,-0.9500647126862525,-0.7084275551153467,full
Ba2AsAu,full:X2=Ba,-0.7619538968712046,-0.9533789942114033,-0.708584487280842,full
Ba2AsAu,full:X2=Ba,-0.7644715530924511,-0.9585354104299395,-0.7138031662297943,full
Ba2AsAu,full:X2=Ba,-0.769551078621726,-0.9604690739803705,-0.7161573069016327,full
Ba2AsAu,full:X2=Ba,-0.7746907182741372,-0.9661700888646305,-0.7264837151932642,full
Ba2AsAu,full:X2=Ba,-0.7798919119599449,-0.973403065011542,-0.7249098822934839,full
Ba2AsAu,full:X2=Ba,-0.7851561519523022,-0.977924623684493,-0.7307473386103265,full
Ba2AsAu,full:X2=Ba,-0.790484985457369,-0.9823880186313514,-0.733780146824446,full
Ba2AsAu,full:X2=Ba,-0.7931741239681502,-0.9859649897938216,-0.7376633493587694,full
Ba2AsAu,full:X2=Ba,-0.7986028756795485,-0.9907657259895486,-0.7453763811401037,full
Ba2AsAu,full:X2=Ba,-0.8041003475907662,-0.994448159323085,-0.7453859287238596,full
Ba2AsAu,full:X2=Ba,-0.8068754016455384,-0.9990173621301923,-0.745816796663535,full
Ba2AsAu,full:X2=Ba,-0.8124792791635369,-1.004161287718479,-0.7491899287903567,full
Ba2AsAu,full:X2=Ba,-0.8153085691824012,-1.0078704786641868,-0.754209078885451,full
Ba2BiAu,full:X2=Ba,-0.5559552040819237,-0.2262633292796088,-0.18359600920177876,full
Ba2BiAu,full:X2=Ba,-0.575118363368933,-0.24530464648070183,-0.2006254002237564,full
Ba2BiAu,full:X2=Ba,-0.595166283380062,-0.2673291683024783,-0.21866984003911538,full
Ba2BiAu,full:X2=Ba,-0.6143937264016879,-0.2853311404360337,-0.2354503833998547,full
Ba2BiAu,full:X2=Ba,-0.632644078973981,-0.30453623399513385,-0.24712693915945794,full
Ba2BiAu,full:X2=Ba,-0.6497519816658371,-0.31810189804765177,-0.25336676632333544,full
Ba2BiAu,full:X2=Ba,-0.6655462488490691,-0.3279779691913234,-0.2612132962719391,full
Ba2BiAu,full:X2=Ba,-0.6819366650372385,-0.3384273071093249,-0.2598770677172082,full
Ba2BiAu,full:X2=Ba,-0.6968039425795111,-0.3541884534372479,-0.26805110096281615,full
Ba2BiAu,full:X2=Ba,-0.712198270069774,-0.355258511238012,-0.2816469676474571,full
Ba2BiAu,full:X2=Ba,-0.7258421507363202,-0.36168814973139285,-0.284757271283816,full
Ba2BiAu,full:X2=Ba,-0.24767568986735744,-0.36168814973139285,-0.284757271283816,full
Ba2BiAu,full:X2=Ba,-0.538651566352017,-0.36168814973139285,-0.284757271283816,full
Ba2BiAu,full:X2=Ba,-0.7399286120149252,-0.3692478181900798,-0.31375407972687186,full
Ba2BiAu,full:X2=Ba,-0.7544873321858502,-0.3920156699921613,-0.3735341221038557,full
Ba2BiAu,full:X2=Ba,-0.7670038896078462,-0.40339755584247916,-0.379564654119799,full
Ba2BiAu,full:X2=Ba,-0.7798919119599449,-0.42001717682276896,-0.37216699860779645,full
Ba2BiAu,full:X2=Ba,-0.7931741239681502,-0.44485492099661306,-0.38577663669461515,full
Ba2BiAu,full:X2=Ba,-0.8041003475907662,-0.44971818457203083,-0.3888613630811386,full
Ba2BiAu,full:X2=Ba,-0.8153085691824012,-0.4541831522506443,-0.40615665994510297,full
Ba2BiAu,full:X2=Ba,-0.826813731587726,-0.46796055418787486,-0.42721771846470835,full
Ba2BiAu,full:X2=Ba,-0.8386319977650252,-0.4822151072352798,-0.45977443140650576,full
Ba2BiAu,full:X2=Ba,-0.8507808873446201,-0.5046843765412283,-0.47528375392863054,full
Ba2BiAu,full:X2=Ba,-0.8601209135987634,-0.5093552804686081,-0.45788856099225494,full
Ba2BiAu,full:X2=Ba,-0.8696662315049939,-0.5084379612637051,-0.4979019967124967,full
Ba2BiAu,full:X2=Ba,-0.8794260687941501,-0.5256109972923066,-0.5053651390390352,full
Ba2BiAu,full:X2=Ba,-0.889410289700751,-0.5717213272260568,-0.509625425853145,full
Ba2BiAu,full:X2=Ba,-0.8996294548824371,-0.5837119115508183,-0.5275065172578866,full
Ba2BiAu,full:X2=Ba,-0.9100948885606021,-0.589457874057574,-0.5309495961672646,full
Ba2BiAu,full:X2=Ba,-0.9172146296835499,-0.6415124085345645,-0.5652340693926099,full
Ba2BiAu,full:X2=Ba,-0.9281179926938746,-0.6469887844945024,-0.5676456594235402,full
Ba2BiAu,full:X2=Ba,-0.9355420107730815,-0.6538891533073314,-0.5771117233306928,full
Ba2BiAu,full:X2=Ba,-0.9469215565165803,-0.6527762687046386,-0.5773348607309108,full
Ba2BiAu,full:X2=Ba,-0.9546770212133425,-0.6628190324712908,-0.5874241429186227,full
Ba2BiAu,full:X2=Ba,-0.9625735020593764,-0.6762739373383901,-0.5962284508607367,full
Ba2BiAu,full:X2=Ba,-0.9706162223147904,-0.68221797067668,-0.6025196802471346,full
Ba2BiAu,full:X2=Ba,-0.978810700930062,-0.6945026869998663,-0.6048464318291384,full
Ba2BiAu,full:X2=Ba,-0.9871627752948278,-0.6954495219984302,-0.6013900989696888,full
Ba2BiAu,full:X2=Ba,-0.9956786262173574,-0.7035985670028357,-0.6299846993775886,full
Ba2BiAu,full:X2=Ba,-1.0,-0.7145017851589603,-0.6333721325733914,full
Ba2BiAu,full:X2=Ba,-1.0087739243075051,-0.721449154903905,-0.6419072659998761,full
Ba2BiAu,full:X2=Ba,-1.0177287669604316,-0.7247029364744979,-0.6322116710143293,full
Ba2BiAu,full:X2=Ba,-1.0222763947111522,-0.7384789459271843,-0.6373079670268891,full
Ba2BiAu,full:X2=Ba,-1.031517051446065,-0.7500671350784751,-0.6668589915859342,full
Ba2BiAu,full:X2=Ba,-1.0362121726544447,-0.7530234278973018,-0.6690797679065081,full
Ba2BiAu,full:X2=Ba,-1.0457574905606752,-0.7570350806282953,-0.673871087786369,full
Ba2BiAu,full:X2=Ba,-1.0506099933550872,-0.7636510255399325,-0.6930475430443592,full
Ba2BiAu,full:X2=Ba,-1.0604807473813815,-0.764943577891086,-0.707819304654896,full
Ba2BiAu,full:X2=Ba,-1.0655015487564323,-0.7673990965124693,-0.7084854927064008,full
Ba2BiAu,full:X2=Ba,-1.0705810742857071,-0.7705974207385748,-0.7156320967046146,full
Ba2BiAu,full:X2=Ba,-1.080921907623926,-0.7730098268530876,-0.6883019367642327,full
Ba2BiAu,full:X2=Ba,-1.0861861476162833,-0.776528002892632,-0.6914963128930605,full
Ba2BiAu,full:X2=Ba,-1.0915149811213503,-0.800976641439163,-0.7036953762000351,full
Ba2BiAu,full:X2=Ba,-1.0969100130080565,-0.8035111876270575,-0.6931880165982809,full
Ba2BiAu,full:X2=Ba,-1.1023729087095586,-0.8061252231907765,-0.6968446710157006,full
Ba2BiAu,full:X2=Ba,-1.1079053973095196,-0.8114210175128838,-0.6977225621880161,full
Ba2BiAu,full:X2=Ba,-1.1135092748275182,-0.8142797000801565,-0.6934466781674302,full
Ba2BiAu,full:X2=Ba,-1.1191864077192086,-0.8174701374122448,-0.6979013444063791,full
Ba2BiAu,full:X2=Ba,-1.1249387366083,-0.8259215179831023,-0.711968647126328,full
Ba2BiAu,full:X2=Ba,-1.1307682802690238,-0.8316231078886083,-0.7149483587026817,full
Ba2BiAu,full:X2=Ba,-1.136677139879544,-0.8363898267926739,-0.7253288744950301,full
Ba2BiAu,full:X2=Ba,-1.1426675035687315,-0.8400530343880452,-0.7272233966681985,full
Ba2BiAu,full:X2=Ba,-1.1487416512809248,-0.8448643868639443,-0.7353567135255827,full
Ba2BiAu,full:X2=Ba,-1.154901959985743,-0.8517906855677704,-0.7294464528390467,full
Ba2BiAu,full:X2=Ba,-1.1611509092627446,-0.846855249171123,-0.718963036101586,full
Ba2BiAu,full:X2=Ba,-1.1674910872937636,-0.8527232905532702,-0.7064533891295441,full
Ba2BiAu,full:X2=Ba,-1.1674910872937636,-0.8505920000568166,-0.706865242756016,full
Ba2BiAu,full:X2=Ba,-1.1739251972991736,-0.858747503319804,-0.7119535393013499,full
Ba2BiAu,full:X2=Ba,-1.1804560644581312,-0.8656537276229177,-0.7139955157572035,full
Ba2BiAu,full:X2=Ba,-1.1870866433571443,-0.8702396547049684,-0.7281834649627157,full
Ba2BiAu,full:X2=Ba,-1.1870866433571443,-0.8765624673628576,-0.6984771947729114,full
Ba2BiAu,full:X2=Ba,-1.193820026016113,-0.8758382920189591,-0.6989418251931874,full
Ba2BiAu,full:X2=Ba,-1.2006594505464183,-0.8728425524805372,-0.6996129200819472,full
Ba2BiAu,full:X2=Ba,-1.207608310501746,-0.8754056792442415,-0.701017684515991,full
Ba2BiAu,full:X2=Ba,-1.207608310501746,-0.8480673865027542,-0.7127463893165757,full
Ba2BiAu,full:X2=Ba,-1.214670164989233,-0.853573289314854,-0.7192030905266471,full
Ba2BiAu,full:X2=Ba,-1.2218487496163564,-0.8573660243180752,-0.7263599925357929,full
Ba2BiAu,full:X2=Ba,-1.2218487496163564,-0.8608152028527607,-0.727112913330237,full
Ba2BiAu,full:X2=Ba,-1.2291479883578558,-0.8663180224899916,-0.7375183052911873,full
Ba2BiAu,full:X2=Ba,-1.2291479883578558,-0.870277938774721,-0.7401519636751444,full
Ba2BiAu,full:X2=Ba,-1.2365720064370627,-0.8783645563143649,-0.7445427039349382,full
Ba2BiAu,full:X2=Ba,-1.2441251443275085,-0.8831072561627593,-0.7519558201564951,full
Ba2BiAu,full:X2=Ba,-1.2441251443275085,-0.891109854209307,-0.7598104195232451,full
Ba2SbAu,full:X2=Ba,-0.40011692792631215,-0.3590095839811849,-0.1563555505003581,full
Ba2SbAu,full:X2=Ba,-0.42136079003192767,-0.38629997532334515,-0.1774034170367571,full
Ba2SbAu,full:X2=Ba,-0.4400933749638875,-0.407679536813778,-0.19857066032633464,full
Ba2SbAu,full:X2=Ba,-0.4596705252091263,-0.4270134556473295,-0.21515311330790587,full
Ba2SbAu,full:X2=Ba,-0.4775557664936801,-0.4465214417102905,-0.22915123352613187,full
Ba2SbAu,full:X2=Ba,-0.494850021680094,-0.4673676449060733,-0.24664326482679688,full
Ba2SbAu,full:X2=Ba,-0.5114492834995558,-0.48498713915642244,-0.2590430871892815,full
Ba2SbAu,full:X2=Ba,-0.5272435506827877,-0.4985073399715192,-0.2649331748482706,full
Ba2SbAu,full:X2=Ba,-0.5421181032660077,-0.5064477921472337,-0.2786808243537753,full
Ba2SbAu,full:X2=Ba,-0.5575202309355514,-0.5049747792877788,-0.28829340602077425,full
Ba2SbAu,full:X2=Ba,-0.5718652059712112,-0.5114763644228313,-0.28378861913471565,full
Ba2SbAu,full:X2=Ba,-0.4295738216410274,-0.5114763644228313,-0.28378861913471565,full
Ba2SbAu,full:X2=Ba,-0.5867002359187482,-0.5289207117436094,-0.3045459825640615,full
Ba2SbAu,full:X2=Ba,-0.5985994592184559,-0.5476292361576056,-0.3642055797048116,full
Ba2SbAu,full:X2=Ba,-0.6126101736612706,-0.5673124097233908,-0.36519130228488383,full
Ba2SbAu,full:X2=Ba,-0.6252516539898961,-0.5834536116920543,-0.37403611593070174,full
Ba2SbAu,full:X2=Ba,-0.638272163982407,-0.5973211086401964,-0.3898631668904162,full
Ba2SbAu,full:X2=Ba,-0.6497519816658371,-0.6287627969476377,-0.39327278574032953,full
Ba2SbAu,full:X2=Ba,-0.6615435063953952,-0.6272564125386628,-0.41046243050458275,full
Ba2SbAu,full:X2=Ba,-0.6736641390712486,-0.6478789871302524,-0.4071451314520793,full
Ba2SbAu,full:X2=Ba,-0.6840296545430823,-0.6510583418289939,-0.42800595960424737,full
Ba2SbAu,full:X2=Ba,-0.6946486305533762,-0.6633582511329335,-0.4423959679850309,full
Ba2SbAu,full:X2=Ba,-0.7055337738384071,-0.6743050233107752,-0.43756437533543213,full
Ba2SbAu,full:X2=Ba,-0.7166987712964504,-0.6872743585978733,-0.477276494591808,full
Ba2SbAu,full:X2=Ba,-0.7258421507363202,-0.6902009588476887,-0.48469556794772495,full
Ba2SbAu,full:X2=Ba,-0.7351821769904635,-0.7082421790634752,-0.48864884897671934,full
Ba2SbAu,full:X2=Ba,-0.744727494896694,-0.7125119912399247,-0.5000260349694401,full
Ba2SbAu,full:X2=Ba,-0.7544873321858502,-0.7284859972856588,-0.5039028621240018,full
Ba2SbAu,full:X2=Ba,-0.7644715530924511,-0.7265577963274761,-0.5373167683786271,full
Ba2SbAu,full:X2=Ba,-0.7746907182741372,-0.7353916006566685,-0.5401311337766033,full
Ba2SbAu,full:X2=Ba,-0.7825160557860937,-0.7552423499081637,-0.5487299270800219,full
Ba2SbAu,full:X2=Ba,-0.790484985457369,-0.7576986292170742,-0.549057954817008,full
Ba2SbAu,full:X2=Ba,-0.7986028756795485,-0.7667021294705798,-0.562247807565188,full
Ba2SbAu,full:X2=Ba,-0.8068754016455384,-0.775863850161173,-0.5706608639372026,full
Ba2SbAu,full:X2=Ba,-0.8153085691824012,-0.7897956224816187,-0.5754590866302725,full
Ba2SbAu,full:X2=Ba,-0.8239087409443188,-0.7937923276223326,-0.5780897560699756,full
Ba2SbAu,full:X2=Ba,-0.8326826652518239,-0.799818206592513,-0.575897128055481,full
Ba2SbAu,full:X2=Ba,-0.8386319977650252,-0.8049917574700225,-0.6028218044973428,full
Ba2SbAu,full:X2=Ba,-0.8477116556169435,-0.8153771847789197,-0.6008151837752516,full
Ba2SbAu,full:X2=Ba,-0.8538719643217619,-0.8160697509292087,-0.6093503172017367,full
Ba2SbAu,full:X2=Ba,-0.8632794328435932,-0.8271307080792456,-0.6094040579450126,full
Ba2SbAu,full:X2=Ba,-0.8696662315049939,-0.8322634339823909,-0.6140397696074362,full
Ba2SbAu,full:X2=Ba,-0.8761483590329142,-0.8415962921355762,-0.6312696491357801,full
Ba2SbAu,full:X2=Ba,-0.8827287043442357,-0.8590692510824605,-0.632440937944392,full
Ba2SbAu,full:X2=Ba,-0.889410289700751,-0.8616409746496987,-0.6379720550954893,full
Ba2SbAu,full:X2=Ba,-0.8961962790440431,-0.8634410752228472,-0.6427392305502078,full
Ba2SbAu,full:X2=Ba,-0.9030899869919435,-0.8701694812581722,-0.6465374747426567,full
Ba2SbAu,full:X2=Ba,-0.9100948885606021,-0.8790192851393073,-0.6472036627941611,full
Ba2SbAu,full:X2=Ba,-0.9172146296835499,-0.8810774743496375,-0.6579491152725563,full
Ba2SbAu,full:X2=Ba,-0.9244530386074693,-0.8838498449229604,-0.6598029857634455,full
Ba2SbAu,full:X2=Ba,-0.9318141382538383,-0.8904777841602491,-0.6629973618922738,full
Ba2SbAu,full:X2=Ba,-0.9355420107730815,-0.8975177336826556,-0.6716229409477039,full
Ba2SbAu,full:X2=Ba,-0.9430951486635274,-0.9026409840798959,-0.673049110714492,full
Ba2SbAu,full:X2=Ba,-0.9469215565165803,-0.9092781484212173,-0.6767171815730566,full
Ba2SbAu,full:X2=Ba,-0.9546770212133425,-0.9215017184884255,-0.6807359334848315,full
Ba2SbAu,full:X2=Ba,-0.958607314841775,-0.9276476090556436,-0.6858526318953904,full
Ba2SbAu,full:X2=Ba,-0.9665762445130504,-0.9338366909880385,-0.6900903915886243,full
Ba2SbAu,full:X2=Ba,-0.9706162223147904,-0.9339460687462893,-0.70582987840936,full
Ba2SbAu,full:X2=Ba,-0.978810700930062,-0.9423862141268609,-0.7088095899857136,full
Ba2SbAu,full:X2=Ba,-0.9829666607012196,-0.9532091845491764,-0.7186429670755987,full
Ba2SbAu,full:X2=Ba,-0.9871627752948278,-0.9561081376279597,-0.7210065523740274,full
Ba2SbAu,full:X2=Ba,-0.9956786262173574,-0.9614963067834672,-0.728394340830341,full
Ba2SbAu,full:X2=Ba,-1.0,-0.9642851418926457,-0.7292501864160992,full
Ba2SbAu,full:X2=Ba,-1.00436480540245,-0.9705322324371739,-0.7228115061946714,full
Ba2SbAu,full:X2=Ba,-1.0087739243075051,-0.978871890540095,-0.7309837283858946,full
Ba2SbAu,full:X2=Ba,-1.0132282657337552,-0.9821989527084687,-0.7325378792008743,full
Ba2SbAu,full:X2=Ba,-1.0222763947111522,-0.9889435107924089,-0.7352860737746216,full
Ba2SbAu,full:X2=Ba,-1.0268721464003014,-0.9926445933406456,-0.7381698606036535,full
Ba2SbAu,full:X2=Ba,-1.031517051446065,-0.9779168764731321,-0.7474408890052506,full
Ba2SbAu,full:X2=Ba,-1.0362121726544447,-0.9774397591623625,-0.7375695004589338,full
Ba2SbAu,full:X2=Ba,-1.0409586076789064,-0.9434535613764286,-0.7328496796838444,full
Ba2SbAu,full:X2=Ba,-1.0457574905606752,-0.949132452224851,-0.7350923090769212,full
Ba2SbAu,full:X2=Ba,-1.0506099933550872,-0.9537225838050878,-0.746519720599297,full
Ba2SbAu,full:X2=Ba,-1.0555173278498313,-0.9463835960261342,-0.7580091426408149,full
Ba2SbAu,full:X2=Ba,-1.0604807473813815,-0.9508748571595638,-0.7638465989576575,full
Ba2SbAu,full:X2=Ba,-1.0655015487564323,-0.9547833032562105,-0.7665564553698869,full
Ba2SbAu,full:X2=Ba,-1.0705810742857071,-0.959483473130389,-0.7703824474051586,full
Ba2SbAu,full:X2=Ba,-1.0757207139381184,-0.964642111552515,-0.7781822568691925,full
Ba2SbAu,full:X2=Ba,-1.0757207139381184,-0.9687816023858473,-0.7793375676064682,full
Ba2SbAu,full:X2=Ba,-1.080921907623926,-0.9732482663061437,-0.7821817286865775,full
Ba2SbAu,full:X2=Ba,-1.0861861476162833,-0.9781087956613514,-0.7863420222465598,full
Ba2SbAu,full:X2=Ba,-1.0915149811213503,-0.9809464200557403,-0.7905365547642116,full
BaBrCl,half:X=Ba,0.1439199383858365,0.506829283142692,0.4957160440575085,half
BaNaSb,half:X=Ba,0.3364597338485295,0.014784474901226474,0.05093607470770267,half
BaNaSb,half:X=Ba,0.3364597338485295,0.014784474901226474,0.05093607470770267,half
BaNaSb,half:X=Ba,0.11394335230683679,0.014784474901226474,0.05093607470770267,half
BaNaSb,half:X=Ba,-0.3979400086720376,-0.36876510048426736,-0.3825631288836959,half
BaSrIn,half:X=Ba,-0.23507701535011155,0.22415809595092628,0.05576121482622254,half
BaSrSn,half:X=Ba,0.30319605742048883,-0.0763900194862226,0.15420728836156194,half
BeAlB,half:X=Be,1.2720737875000099,1.5339827748946258,,half
BeAlB,half:X=Be,1.2720737875000099,1.5339827748946258,,half
Ca2SnHg,full:X2=Ca,-0.15211900255462477,-0.0857005410797893,,full
CaAcCd2,full:X2=Cd,-0.05734718830678784,0.10891926535337126,,full
CaCdSi,half:X=Ca,0.5301996982030822,0.6481345544182445,0.6869189136971062,half
CaCdSi,half:X=Ca,0.5301996982030822,0.6481345544182445,0.6869189136971062,half
CaCdSn,half:X=Ca,0.48000694295715063,0.4803684228448345,0.2954824898602373,half
CaCdSn,half:X=Ca,0.48000694295715063,0.4803684228448345,0.2954824898602373,half
CaHF,half:X=Ca,1.2390015034789101,0.8342495641073052,0.8669854376326098,half
CaMgSn,half:X=Ca,0.6222140229662954,0.5483223635030454,0.5049411338666463,half
CaMgSn,half:X=Ca,0.6222140229662954,0.5483223635030454,0.5049411338666463,half
CaZnGe,half:X=Ca,0.43933269383026263,0.668398992352298,0.6800366297188323,half
CaZnSi,half:X=Ca,0.39093510710337914,0.744512942559017,0.7423048578516942,half
CaZnSi,half:X=Ca,0.39093510710337914,0.744512942559017,0.7423048578516942,half
CeHN,half:X=Ce,0.3950816511739456,1.2679656198696847,,half
CoBW,half:X=Co,1.5340895947605684,1.519974313817774,,half
CrBIr,half:X=Cr,1.5010592622177514,1.4307990138784392,1.2768596960390448,half
CrBRh,half:X=Cr,1.6136092905701205,1.5930548731309515,1.3450753649184475,half
CrCoB,half:X=Cr,1.7134821427325866,1.6527083735365047,1.300233903806616,half
CrFeC,half:X=Cr,1.7901091581617736,1.5438088766522484,1.370377281582939,half
CrFeGe,half:X=Cr,1.5049870873452253,1.2009618185411126,1.1366668829889464,half
CrFeSi,half:X=Cr,1.6841179376375808,1.6479017713101507,1.3096484579458392,half
CrFeSn,half:X=Cr,1.3317713562909275,0.7340078434743126,1.0625145251386179,half
CrGaCo,half:X=Cr,1.3957281698646444,1.3412233822128226,1.1224984462021441,half
CrGaIr,half:X=Cr,1.3223847087454041,1.3236066851362094,1.1290766969017267,half
CrGaRh,half:X=Cr,1.370753578104503,1.464891320335652,1.2171801583562036,half
CrGeOs,half:X=Cr,1.4102034170894535,1.395032704778382,1.2193739068995277,half
CrGeRu,half:X=Cr,1.4841289357641108,1.46429653389372,1.286949120741947,half
CrInCo,half:X=Cr,1.2328182926273603,0.976640633616698,0.9085549862648947,half
CrInIr,half:X=Cr,1.205285583500525,0.9718896318816135,0.9974215145961025,half
CrOsPb,half:X=Cr,1.0996461171232306,1.0242644072888991,0.7782225714664152,half
CrReAs,half:X=Cr,1.4033607757655246,1.325842709390803,1.0756840649546062,half
CrReP,half:X=Cr,1.5111343927288667,1.4008608789609402,1.1473734369970483,half
CrReSb,half:X=Cr,1.3175201272848094,1.1785352061735856,0.9383167452643175,half
CrRuC,half:X=Cr,1.6769678142947586,1.603830864237928,1.3056292810426349,half
CrRuPb,half:X=Cr,1.1427335113135193,0.9091140269265547,0.9570699098074698,half
CrSiOs,half:X=Cr,1.5148531123501594,1.4290382268039847,1.2651882916271773,half
CrSiRu,half:X=Cr,1.6248903009798095,1.4990319765342002,1.3233890897078804,half
CrSnOs,half:X=Cr,1.304813543394108,1.2925921126974647,1.1429868528555476,half
CrSnPd,half:X=Cr,-0.6819366650372385,1.1193806217810254,0.98011765601148,half
CrSnPt,half:X=Cr,-0.5257837359237448,0.8756877421172085,1.0278151382083556,half
CrSnRu,half:X=Cr,1.3531658049657576,1.312347781302657,1.1217454634265305,half
CrTcAs,half:X=Cr,1.5043077165563985,1.3824358345958112,1.1802608539727701,half
CrTcP,half:X=Cr,1.6405013126932648,1.5567908782008835,1.2638236882038094,half
CrTcSb,half:X=Cr,1.384729651619834,1.1587140820784425,1.0233515293271536,half
CsAcTe2,full:X2=Te,-0.29576366269121235,-0.3405046547656274,-0.35135045585501623,full
CsAgO,half:X=Cs,0.1383974429905462,0.21118311335734963,,half
CsAgO,half:X=Cs,0.01728382156001779,0.21118311335734963,,half
CsK2Bi,full:X2=K,-0.4941719661451638,-0.1393543216566212,-0.0007566450224789634,full
CsK2Sb,full:X2=K,-0.44977164694490596,-0.23178723428680015,-0.12468382120654398,full
DyBiPd,half:X=Dy,0.8407332346118067,0.7203104112021916,0.6300421031172083,half
DyBiPd,half:X=Dy,0.8407332346118067,0.7203104112021916,0.6300421031172083,half
DyBiPt,half:X=Dy,0.7944880466591696,0.7890960012045938,0.7309266182256712,half
DyBiPt,half:X=Dy,0.7944880466591696,0.7890960012045938,0.7309266182256712,half
DyNiBi,half:X=Dy,1.0711354468228318,0.9137780785478937,0.8867509167109795,half
DyNiSb,half:X=Dy,0.9758911364017928,0.945344185681665,0.9846726822062795,half
DyNiSb,half:X=Dy,0.9758911364017928,0.945344185681665,0.9846726822062795,half
DyPbAu,half:X=Dy,0.5250448070368452,0.4179494867079252,0.3603880006620193,half
DyPbAu,half:X=Dy,0.5250448070368452,0.4179494867079252,0.3603880006620193,half
DySbPd,half:X=Dy,0.884795363948981,0.7817972257428313,0.7222617978913976,half
DySbPd,half:X=Dy,0.884795363948981,0.7817972257428313,0.7222617978913976,half
DySbPt,half:X=Dy,0.9990870226258883,0.9519157719316889,0.9688474224726769,half
DySbPt,half:X=Dy,0.9782718416106352,0.9316085763867921,0.949352858002081,half
DySbPt,half:X=Dy,0.9584205280525182,0.9100488650776146,0.9273539447244145,half
DySbPt,half:X=Dy,0.9394693308435301,0.8898164601393507,0.909402422140982,half
DySbPt,half:X=Dy,0.921322243583822,0.8756083970007793,0.8896180427605962,half
DySbPt,half:X=Dy,0.903849338096681,0.8580836142370207,0.8705115696047522,half
DySbPt,half:X=Dy,0.8871107031248837,0.8395922503402379,0.8579317620504737,half
DySbPt,half:X=Dy,0.8709888137605752,0.8222006814496786,0.8490497328084531,half
DySbPt,half:X=Dy,0.8553979966540688,0.8088939906053549,0.826527174015055,half
DySbPt,half:X=Dy,0.8404197777364861,0.7972473179998353,0.8108709448787328,half
DySbPt,half:X=Dy,0.8258802989361795,0.7907185429809322,0.811037416975705,half
DySbPt,half:X=Dy,0.6464037262230695,0.7907185429809322,0.811037416975705,half
DySbPt,half:X=Dy,0.8081703107908474,0.7907185429809322,0.811037416975705,half
DySbPt,half:X=Dy,0.6464037262230695,0.7907185429809322,0.811037416975705,half
DySbPt,half:X=Dy,0.851180841647137,0.7907185429809322,0.811037416975705,half
DySbPt,half:X=Dy,0.8118430061764773,0.7618567995172711,0.797958177285736,half
DySbPt,half:X=Dy,0.7982361763679358,0.7453838728630726,0.7442766222754391,half
DySbPt,half:X=Dy,0.7850449583315441,0.7364174150472078,0.7415759414771794,half
DySbPt,half:X=Dy,0.7722483399718536,0.7184686397120021,0.7337231015566725,half
DySbPt,half:X=Dy,0.7598188773748262,0.7123904672357568,0.7171104946220805,half
DySbPt,half:X=Dy,0.7477224620355084,0.6892854443028757,0.7079720169617202,half
DySbPt,half:X=Dy,0.7359978840917938,0.6778214560001924,0.6986645587087836,half
DySbPt,half:X=Dy,0.7245216271185627,0.6652714681765481,0.6910282114117595,half
DySbPt,half:X=Dy,0.7133225049870277,0.6579306621011631,0.6829543673447684,half
DySbPt,half:X=Dy,0.7025166974381506,0.642354954651079,0.673867111829209,half
DySbPt,half:X=Dy,0.6918768225593313,0.6354446197011316,0.6630844380286198,half
DySbPt,half:X=Dy,0.6815125866389622,0.6249119699270529,0.6542849821085603,half
DySbPt,half:X=Dy,0.6713580034434916,0.6125523999815088,0.643630699042764,half
DySbPt,half:X=Dy,0.6615287401319825,0.6045032677551856,0.6317512554773488,half
DySbPt,half:X=Dy,0.6518592692469489,0.5953107077309634,0.6231954487673391,half
DySbPt,half:X=Dy,0.6423655808449733,0.5907910365662965,0.6141321231446257,half
DySbPt,half:X=Dy,0.6331653536839031,0.5795136454480889,0.5910148126346593,half
DySbPt,half:X=Dy,0.6240757311456827,0.5644561494248068,0.5845698255369185,half
DySbPt,half:X=Dy,0.6152133348013585,0.5582303437509137,0.5761417559652986,half
DySbPt,half:X=Dy,0.6064888504426481,0.5693707652650782,0.5761194933282365,half
DySbPt,half:X=Dy,0.5979144712025283,0.5385328987719793,0.5620072611292575,half
DySbPt,half:X=Dy,0.5896145406312664,0.5368802468212422,0.5623172370694784,half
DySbPt,half:X=Dy,0.5813806887099868,0.5143977594706046,0.553893378484621,half
DySbPt,half:X=Dy,0.5733358400660676,0.5121145978739157,0.5449130046509145,half
DySbPt,half:X=Dy,0.5653755027140737,0.49595919293816276,0.5433748212894092,half
DySbPt,half:X=Dy,0.5576274884268266,0.4839846284505148,0.5349789714494857,half
DySbPt,half:X=Dy,0.5499836111596887,0.4802261505225004,0.5156700967892884,half
DySbPt,half:X=Dy,0.5425764762605296,0.4766449751005762,0.5079570415243799,half
DySbPt,half:X=Dy,0.5351674851149442,0.4638466545706232,0.5042691051911941,half
DySbPt,half:X=Dy,0.5278875659527047,0.4618608258310242,0.4963055586839275,half
DySbPt,half:X=Dy,0.5207454715194824,0.45457243221969656,0.4918471785840971,half
DySbPt,half:X=Dy,0.5137501500818236,0.44637070716414945,0.4818484705427941,half
DySbPt,half:X=Dy,0.5067755366066433,0.4415058632280057,0.4789853668036581,half
DySbPt,half:X=Dy,0.5000991919157228,0.4352764291536091,0.47573600715103864,half
DySbPt,half:X=Dy,0.49331860823210144,0.42972741674920534,0.4638221097763528,half
DySbPt,half:X=Dy,0.4867137759824855,0.42053907623828984,0.4619354345704642,half
DySbPt,half:X=Dy,0.4802944600030065,0.417501326458757,0.45139073795526946,half
DySbPt,half:X=Dy,0.4739246934161574,0.4074625860031416,0.44725704838866187,half
DySbPt,half:X=Dy,0.4676081055836333,0.40213228423354036,0.44623188408196307,half
DySbPt,half:X=Dy,0.4613484336479829,0.3952227431359415,0.43466604286795446,half
DySbPt,half:X=Dy,0.4553017716570764,0.38970693934409073,0.429533949442669,half
DySbPt,half:X=Dy,0.44916973216520095,0.3862196902136603,0.4240184488138739,half
DySbPt,half:X=Dy,0.443262987458695,0.3658420767244909,0.4179370671396758,half
DySbPt,half:X=Dy,0.43743344379797117,0.3611750773209525,0.4112990988903479,half
DySbPt,half:X=Dy,0.43152458418745093,0.3492264342858257,0.40686357124717215,half
DySbPt,half:X=Dy,0.42586014507784037,0.3455683680372957,0.4004722401610881,half
DySbPt,half:X=Dy,0.42012084808570294,0.3402584352532848,0.3961940642316454,half
DySbPt,half:X=Dy,0.4146391467370091,0.3344460334805476,0.38884772519587674,half
DySbPt,half:X=Dy,0.4090873694478351,0.3292853595242114,0.3845764027529304,half
DySbPt,half:X=Dy,0.40363518979054797,0.32492356061392885,0.37925761329422136,half
DySbPt,half:X=Dy,0.3982873053574011,0.3175687735139094,0.37440149574198456,half
DySbPt,half:X=Dy,0.3930484664167782,0.31285235855334137,0.3702715957149615,half
DySbPt,half:X=Dy,0.3877456596088637,0.30655116370150515,0.36300922471763225,half
DySbPt,half:X=Dy,0.3825573219087858,0.3009985057812064,0.3580111677364579,half
DySbPt,half:X=Dy,0.37748838337613266,0.2977299561231673,0.35229649720174183,half
DySbPt,half:X=Dy,0.37235958252432383,0.29180489079622873,0.3491974372569486,half
DySbPt,half:X=Dy,0.367355921026019,0.2857877525927499,0.3427045876398586,half
DySbPt,half:X=Dy,0.3624824747511744,0.2782249379607401,0.3389248294550397,half
DySbPt,half:X=Dy,0.3575537197430816,0.2753370695294395,0.3340626150852144,half
DySbPt,half:X=Dy,0.35276119172383086,0.27153412213374306,0.3295534997688255,half
DySbPt,half:X=Dy,0.34791518650169134,0.2656548596413625,0.3253934236795002,half
DySbPt,half:X=Dy,0.34321159017974745,0.2629249949817648,0.31940789816450116,half
DySbPt,half:X=Dy,0.3386556655787003,0.2568472219974127,0.3152886402759091,half
DySbPt,half:X=Dy,0.3340514403468918,0.25269976416194473,0.3103146820349621,half
DySbPt,half:X=Dy,0.32939787936104264,0.24831653456012281,0.30671241395192145,half
DySbPt,half:X=Dy,0.32489949705231336,0.24330965145753758,0.30203972560470715,half
DySbPt,half:X=Dy,0.3203540328176719,0.23886432693826098,0.2980959391296279,half
DySbPt,half:X=Dy,0.3159703454569177,0.23439868132331032,0.29337259871621235,half
DySbPt,half:X=Dy,0.311541958401195,0.22992464792718048,0.2885698473729229,half
DySbPt,half:X=Dy,0.307282047033346,0.2261532126712128,0.284449093340581,half
ErBiPd,half:X=Er,0.814913181275074,0.8003173094451941,0.7879064517683303,half
ErBiPd,half:X=Er,0.814913181275074,0.8003173094451941,0.7879064517683303,half
ErBiPt,half:X=Er,0.8027737252919757,0.7834088323297784,0.7860764668389025,half
ErBiPt,half:X=Er,0.8027737252919757,0.7834088323297784,0.7860764668389025,half
ErNiBi,half:X=Er,0.9858753573083937,0.9678712860577198,0.9318972681679458,half
ErNiBi,half:X=Er,0.9858753573083937,0.9678712860577198,0.9318972681679458,half
ErNiBi,half:X=Er,1.0857685030081083,0.9678712860577198,0.9318972681679458,half
ErNiSb,half:X=Er,0.9858753573083937,0.9851023795252686,0.9978179552878512,half
ErNiSb,half:X=Er,0.9858753573083937,0.9851023795252686,0.9978179552878512,half
ErNiSb,half:X=Er,1.0666364560269195,0.9851023795252686,0.9978179552878512,half
ErPbAu,half:X=Er,0.5453071164658241,0.5399680694092265,0.5596843182771943,half
ErPbAu,half:X=Er,0.5453071164658241,0.5399680694092265,0.5596843182771943,half
ErSbPd,half:X=Er,0.8836614351536176,0.8131983995323694,0.8017290088190263,half
ErSbPd,half:X=Er,0.8836614351536176,0.8131983995323694,0.8017290088190263,half
ErSbPd,half:X=Er,0.9478207870932108,0.8131983995323694,0.8017290088190263,half
ErSbPt,half:X=Er,1.0591846176313713,1.0125427645819847,1.0110771789581383,half
ErSbPt,half:X=Er,1.0383419336536062,0.9927778806032588,0.9925178659131489,half
ErSbPt,half:X=Er,1.0184924534014728,0.9728033627153616,0.9699965579543587,half
ErSbPt,half:X=Er,0.9995220131289038,0.9540156334431374,0.951028354885183,half
ErSbPt,half:X=Er,0.9813201732591074,0.9339815469523975,0.9339077665108543,half
ErSbPt,half:X=Er,0.9638822289287774,0.915928377674368,0.9166028089976165,half
ErSbPt,half:X=Er,0.9471395176428291,0.9007148787901472,0.8986895393267682,half
ErSbPt,half:X=Er,0.9309999419561522,0.8861490651789345,0.8819802542560738,half
ErSbPt,half:X=Er,0.9154526016884788,0.8669654735702051,0.8608128663756972,half
ErSbPt,half:X=Er,0.9004217534577376,0.8605336343101331,0.8532822548761813,half
ErSbPt,half:X=Er,0.8859263398014311,0.8464800602382436,0.8486100867678085,half
ErSbPt,half:X=Er,0.7331972651065695,0.8464800602382436,0.8486100867678085,half
ErSbPt,half:X=Er,0.8563642682517693,0.8464800602382436,0.8486100867678085,half
ErSbPt,half:X=Er,0.7331972651065695,0.8464800602382436,0.8486100867678085,half
ErSbPt,half:X=Er,0.9587469745178224,0.8464800602382436,0.8486100867678085,half
ErSbPt,half:X=Er,0.8719230318823734,0.8307204077626889,0.8371284258081597,half
ErSbPt,half:X=Er,0.8582965245338853,0.8040678669101051,0.7816758405347446,half
ErSbPt,half:X=Er,0.8450980400142568,0.7945791853981854,0.7788908600099839,half
ErSbPt,half:X=Er,0.8323172699222616,0.7893045653714627,0.7764824261340924,half
ErSbPt,half:X=Er,0.819872821950546,0.7685480380934725,0.7599301201978148,half
ErSbPt,half:X=Er,0.8078055322706246,0.7617980552299807,0.753179656728763,half
ErSbPt,half:X=Er,0.7960884286806685,0.7552858880061529,0.745939274085126,half
ErSbPt,half:X=Er,0.7846172926328754,0.7439829783614187,0.7320148593748826,half
ErSbPt,half:X=Er,0.7734938922709707,0.726413264833275,0.727031467278629,half
ErSbPt,half:X=Er,0.7626035495668034,0.7168978380053711,0.7149574558294748,half
ErSbPt,half:X=Er,0.7520484478194386,0.7046520800454085,0.7074215751925845,half
ErSbPt,half:X=Er,0.7417029839577399,0.6921395477424116,0.7008884384625131,half
ErSbPt,half:X=Er,0.7315887651867387,0.6764397133825036,0.6870014297526694,half
ErSbPt,half:X=Er,0.7217281985727882,0.6713109072388053,0.6816799997622394,half
ErSbPt,half:X=Er,0.7120601424610747,0.6597953986534792,0.6596917828115858,half
ErSbPt,half:X=Er,0.702602841340427,0.6531987649836403,0.6550603574557835,half
ErSbPt,half:X=Er,0.6933751510251852,0.6153260382088123,0.6409162930951857,half
ErSbPt,half:X=Er,0.6843066460716315,0.6111818665864281,0.6362101276390983,half
ErSbPt,half:X=Er,0.6754116937148633,0.6040887687833092,0.6283389256564577,half
ErSbPt,half:X=Er,0.6667051361198989,0.6039589234693346,0.6280523153369555,half
ErSbPt,half:X=Er,0.6582022533870148,0.5953916420102743,0.6154286534963562,half
ErSbPt,half:X=Er,0.6498214632245652,0.580641811155493,0.6020633013387443,half
ErSbPt,half:X=Er,0.6416723732246865,0.5733212365660534,0.594173522756968,half
ErSbPt,half:X=Er,0.6335694425540919,0.560099854377287,0.5844573138615702,half
ErSbPt,half:X=Er,0.6257239095257559,0.5586509050058686,0.5821449408257083,half
ErSbPt,half:X=Er,0.6179434348289731,0.549123177149827,0.5730000114510468,half
ErSbPt,half:X=Er,0.6103407114521567,0.5385787960223531,0.5522463527198662,half
ErSbPt,half:X=Er,0.6028193424326997,0.5358433341110487,0.5422697330220424,half
ErSbPt,half:X=Er,0.5954962218255742,0.5324984440455913,0.5401809655796801,half
ErSbPt,half:X=Er,0.5882717068423291,0.5276001571563045,0.5366105664509261,half
ErSbPt,half:X=Er,0.5811528919662888,0.5151280938561654,0.5265196181966794,half
ErSbPt,half:X=Er,0.5741470641507227,0.5106874627449182,0.5116346090030248,half
ErSbPt,half:X=Er,0.5671440451956572,0.5055705324250308,0.5103043346157009,half
ErSbPt,half:X=Er,0.5603849229720155,0.4983149135287916,0.5045094972472862,half
ErSbPt,half:X=Er,0.5537616983900043,0.4910261264408729,0.49705502448276184,half
ErSbPt,half:X=Er,0.5471591213274175,0.4885746061312443,0.4926559527069516,half
ErSbPt,half:X=Er,0.5407047833107623,0.4779793748147221,0.4848467621729567,half
ErSbPt,half:X=Er,0.5342800052050815,0.4750409040609575,0.47996128195660936,half
ErSbPt,half:X=Er,0.5280163411892015,0.47229050203078127,0.47676552556075236,half
ErSbPt,half:X=Er,0.5217916496391234,0.44613799296846635,0.466229861954893,half
ErSbPt,half:X=Er,0.5156089492344803,0.44154507864170744,0.4578826651386122,half
ErSbPt,half:X=Er,0.5096057046115561,0.4368727467958472,0.45430488399970304,half
ErSbPt,half:X=Er,0.5036545192429592,0.43291663977702893,0.44742703959299307,half
ErSbPt,half:X=Er,0.49775871828726803,0.42702752281495143,0.44300448756960237,half
ErSbPt,half:X=Er,0.492061604512599,0.4237368733871789,0.4384678574325998,half
ErSbPt,half:X=Er,0.48628876096056634,0.4146625125488077,0.4313839397747052,half
ErSbPt,half:X=Er,0.4805817868291689,0.40409357827494585,0.42495619898538545,half
ErSbPt,half:X=Er,0.47508980338900664,0.4012806935159032,0.4189501036336142,half
ErSbPt,half:X=Er,0.4695274791870139,0.3956049475442674,0.4153808097756062,half
ErSbPt,half:X=Er,0.4641913706409996,0.3903139137353248,0.40952173519705837,half
ErSbPt,half:X=Er,0.458788881710845,0.3858142527589513,0.4073510988753752,half
ErSbPt,half:X=Er,0.4534712337229359,0.38084380563244846,0.3988726306399211,half
ErSbPt,half:X=Er,0.44824241263443915,0.3746682167868214,0.3913853504491029,half
ErSbPt,half:X=Er,0.44310645673726606,0.37223979844754657,0.38980253892523525,half
ErSbPt,half:X=Er,0.4379090355394984,0.3642398904861935,0.3789576405381311,half
ErSbPt,half:X=Er,0.4329692908744057,0.3579771499179736,0.3770392046261815,half
ErSbPt,half:X=Er,0.4279727136082088,0.3528801463391597,0.3694314199027352,half
ErSbPt,half:X=Er,0.42291798076766235,0.34813676695648,0.36662400828928055,half
ErSbPt,half:X=Er,0.4181354984252322,0.3430910806175116,0.36089999937442047,half
ErSbPt,half:X=Er,0.4132997640812518,0.3388164493150057,0.3565492447803931,half
ErSbPt,half:X=Er,0.4085791254086675,0.3336880008463047,0.3527998320077706,half
ErSbPt,half:X=Er,0.4038066105474225,0.3280766581343896,0.3467971354383132,half
ErSbPt,half:X=Er,0.39915433395821653,0.3243431097565759,0.34312094884245714,half
ErSbPt,half:X=Er,0.3944516808262163,0.3197293151805436,0.33787386065875796,half
ErSbPt,half:X=Er,0.38987455839098545,0.31593196586588823,0.33393192281417916,half
ErSbPt,half:X=Er,0.38542751480513054,0.31063295054329876,0.32873438175074066,half
ErSbPt,half:X=Er,0.3809344633307019,0.3065771184901436,0.3252035870978389,half
ErSbPt,half:X=Er,0.37639444203726624,0.30216971386425434,0.3201750612832441,half
ErSbPt,half:X=Er,0.372175286115064,0.2977562953287175,0.31535642282578624,half
ErSbPt,half:X=Er,0.36772854608697647,0.2938890996851179,0.3108077473314859,half
ErSnAu,half:X=Er,0.6560982020128319,0.6598689988267916,0.6697873102187839,half
ErSnAu,half:X=Er,0.6560982020128319,0.6598689988267916,0.6697873102187839,half
FeGeW,half:X=Fe,1.515873843711679,1.3809946818692147,1.3218621445985586,half
FeGeW,half:X=Fe,1.4243915544102774,1.3809946818692147,1.3218621445985586,half
FeGeW,half:X=Fe,1.2322335211147337,1.15926055002865,1.0870313645569973,half
FeGeW,half:X=Fe,1.2322335211147337,1.15926055002865,1.0870313645569973,half
FeSiMo,half:X=Fe,1.5312233745330268,1.5609487151277661,1.3706309935972079,half
FeSiW,half:X=Fe,0.7930916001765802,1.5244007592674151,1.4955110208955296,half
FeSiW,half:X=Fe,1.5351168208029522,1.5244007592674151,1.4955110208955296,half
FeSiW,half:X=Fe,0.7930916001765802,1.5244007592674151,1.4955110208955296,half
FeSiW,half:X=Fe,1.4375296663232253,1.5244007592674151,1.4955110208955296,half
FeSnW,half:X=Fe,1.3238912082568812,1.301217863028543,1.2851581564056582,half
FeWC,half:X=Fe,1.544043226813659,1.5019019047675304,1.451929922988178,half
GaCoW,half:X=Ga,1.351409751925439,1.360770964012569,1.3589754539496464,half
GaIrW,half:X=Ga,1.3576490329184676,0.5039510947817547,1.1586450919553457,half
GaRhW,half:X=Ga,1.36150118846166,1.0582521351158298,1.3522565533265563,half
GdBiPd,half:X=Gd,0.8325089127062363,0.8276357780072823,0.823333469666308,half
GdBiPd,half:X=Gd,0.8325089127062363,0.8276357780072823,0.823333469666308,half
GdBiPt,half:X=Gd,0.7435097647284298,0.7624864860183775,0.7959141100890098,half
GdBiPt,half:X=Gd,0.7435097647284298,0.7624864860183775,0.7959141100890098,half
GdNiBi,half:X=Gd,0.9095560292411753,0.9589103919272606,0.9393630743222072,half
GdNiBi,half:X=Gd,0.9095560292411753,0.9589103919272606,0.9393630743222072,half
GdNiSb,half:X=Gd,0.9232440186302765,0.9081812493652366,0.9047544800374258,half
GdNiSb,half:X=Gd,0.9232440186302765,0.9081812493652366,0.9047544800374258,half
GdPbAu,half:X=Gd,0.5024271199844327,0.42763835589727733,0.4491747811319176,half
GdPbAu,half:X=Gd,0.5024271199844327,0.42763835589727733,0.4491747811319176,half
GdSbPt,half:X=Gd,0.5237464668115644,0.7526870107226846,0.7394401295072267,half
GdSbPt,half:X=Gd,0.5237464668115644,0.7526870107226846,0.7394401295072267,half
GdSnAu,half:X=Gd,0.5717088318086876,0.5775529046381662,0.6450342138722731,half
GdSnAu,half:X=Gd,0.5717088318086876,0.5775529046381662,0.6450342138722731,half
GeOsW,half:X=Ge,-0.7258421507363202,1.3887893125910682,,half
HfAgB,half:X=Hf,1.114210528249993,1.194229514637768,0.9637608264522904,half
HfAlAg,half:X=Hf,1.0194071080188833,1.0021240496455477,0.7880095391096331,half
HfAlAu,half:X=Hf,1.2227164711475833,1.0740413886782132,0.8092631260891561,half
HfAlAu,half:X=Hf,1.0510753076757486,1.0740413886782132,0.8092631260891561,half
HfAlAu,half:X=Hf,1.4234261097131373,1.0740413886782132,0.8092631260891561,half
HfAlAu,half:X=Hf,1.2332500095411003,0.9466860804036555,0.6688250799681998,half
HfAlAu,half:X=Hf,1.2332500095411003,0.9466860804036555,0.6688250799681998,half
HfAsIr,half:X=Hf,0.9561684304753633,1.1597211454783933,0.8890181589736854,half
HfAsIr,half:X=Hf,0.9561684304753633,1.1597211454783933,0.8890181589736854,half
HfAsRh,half:X=Hf,1.2174312992678569,1.2086699190342904,1.130643854385239,half
HfAsRh,half:X=Hf,1.0704073217401198,1.038846173033154,0.9397497696497487,half
HfAsRh,half:X=Hf,1.0704073217401198,1.038846173033154,0.9397497696497487,half
HfBAu,half:X=Hf,1.109780968013576,1.190622108754342,0.9026121878098746,half
HfBiIr,half:X=Hf,0.8182258936139555,0.6848317028949163,0.5714087825928762,half
HfBiIr,half:X=Hf,0.8182258936139555,0.6848317028949163,0.5714087825928762,half
HfBiRh,half:X=Hf,1.1072099696478683,0.9667928574280462,0.9886922777169755,half
HfBiRh,half:X=Hf,1.013174409878867,0.9667928574280462,0.9886922777169755,half
HfBiRh,half:X=Hf,0.8450980400142568,0.7205294468197149,0.7147522209295205,half
HfBiRh,half:X=Hf,0.8450980400142568,0.7205294468197149,0.7147522209295205,half
HfCoAs,half:X=Hf,1.3010299956639813,1.2507706656152697,1.0268863068862395,half
HfCoAs,half:X=Hf,1.2165089781866003,1.2507706656152697,1.0268863068862395,half
HfCoAs,half:X=Hf,1.2196892890858044,1.2507706656152697,1.0268863068862395,half
HfCoAs,half:X=Hf,1.0659529803138696,1.0663285651098229,0.8743005010664563,half
HfCoAs,half:X=Hf,1.0659529803138696,1.0663285651098229,0.8743005010664563,half
HfCoBi,half:X=Hf,1.2695129442179163,1.1601199542084042,0.9915241062111158,half
HfCoBi,half:X=Hf,1.3521825181113625,1.1601199542084042,0.9915241062111158,half
HfCoBi,half:X=Hf,0.9613261559347108,1.1601199542084042,0.9915241062111158,half
HfCoBi,half:X=Hf,1.0831441431430522,1.0472715448007557,0.8094659770672221,half
HfCoBi,half:X=Hf,1.0831441431430522,1.0472715448007557,0.8094659770672221,half
HfCoP,half:X=Hf,1.3185850100788252,1.3411672275498168,1.1362879247735962,half
HfCoSb,half:X=Hf,1.3404441148401183,1.2209801342942979,1.115240666194421,half
HfCoSb,half:X=Hf,1.1426397078324166,1.2209801342942979,1.115240666194421,half
HfCoSb,half:X=Hf,1.0962145853464051,1.0505359199268474,0.9072142397645775,half
HfCoSb,half:X=Hf,1.0962145853464051,1.0505359199268474,0.9072142397645775,half
HfCuB,half:X=Hf,1.188675422969832,1.3545085270494375,1.1970122410060002,half
HfFeTe,half:X=Hf,1.146128035678238,0.925133069646748,0.8502962516421065,half
HfGaAg,half:X=Hf,0.9544837171555521,1.092637770386597,0.9078482210379096,half
HfGaAu,half:X=Hf,0.995020606124758,0.998793258748658,0.8356830096799219,half
HfGePd,half:X=Hf,1.011993114659257,1.06479902391308,0.8809591022772021,half
HfGePd,half:X=Hf,1.011993114659257,1.06479902391308,0.8809591022772021,half
HfGePt,half:X=Hf,1.1382079326681631,1.2009950995096448,1.0546884015052136,half
HfGePt,half:X=Hf,1.044539760392411,1.053194804233375,0.8882833335506033,half
HfGePt,half:X=Hf,1.044539760392411,1.053194804233375,0.8882833335506033,half
HfInAu,half:X=Hf,0.9396190789566982,0.9232730754378162,0.824423135144626,half
HfNiC,half:X=Hf,1.2649358217826856,1.3647273242373603,1.18830264342123,half
HfNiGe,half:X=Hf,1.2922560713564761,1.196268474675588,1.0974099921062817,half
HfNiGe,half:X=Hf,1.1546673776225755,1.196268474675588,1.0974099921062817,half
HfNiGe,half:X=Hf,1.0572856444182146,1.0247269303075062,0.8901686405287688,half
HfNiGe,half:X=Hf,1.0572856444182146,1.0247269303075062,0.8901686405287688,half
HfNiPb,half:X=Hf,0.9982593384236987,0.948278426971713,0.6716012954228318,half
HfNiPb,half:X=Hf,0.9982593384236987,0.948278426971713,0.6716012954228318,half
HfNiSn,half:X=Hf,1.2159018132040316,1.167761958827532,1.063937263906116,half
HfNiSn,half:X=Hf,1.290034611362518,1.167761958827532,1.063937263906116,half
HfNiSn,half:X=Hf,1.071808391833129,1.167761958827532,1.063937263906116,half
HfNiSn,half:X=Hf,1.1643528557844371,1.167761958827532,1.063937263906116,half
HfNiSn,half:X=Hf,1.2159018132040316,1.167761958827532,1.063937263906116,half
HfNiSn,half:X=Hf,1.2869382603002537,1.167761958827532,1.063937263906116,half
HfNiSn,half:X=Hf,1.052693941924968,1.0016007607095443,0.8847563700645292,half
HfNiSn,half:X=Hf,1.052693941924968,1.0016007607095443,0.8847563700645292,half
HfPRh,half:X=Hf,1.3059744143963026,1.3061574072107274,1.080411553702778,half
HfPdPb,half:X=Hf,0.7678976160180907,0.7999056249831169,0.659689317753549,half
HfPdPb,half:X=Hf,0.7678976160180907,0.7999056249831169,0.659689317753549,half
HfPtPb,half:X=Hf,0.9434450490250305,1.0402849472404456,0.759949371767332,half
HfPtPb,half:X=Hf,0.9956351945975499,1.0402849472404456,0.759949371767332,half
HfPtPb,half:X=Hf,0.7387805584843692,0.7803518536687619,0.5401043178462601,half
HfPtPb,half:X=Hf,0.7387805584843692,0.7803518536687619,0.5401043178462601,half
HfSbIr,half:X=Hf,1.3926969532596658,1.219002169654684,1.080247065851137,half
HfSbIr,half:X=Hf,1.1727196613494966,1.219002169654684,1.080247065851137,half
HfSbIr,half:X=Hf,1.1351326513767748,1.0342489892434281,0.8606414021071389,half
HfSbIr,half:X=Hf,1.1351326513767748,1.0342489892434281,0.8606414021071389,half
HfSbRh,half:X=Hf,1.3384564936046048,1.0988384504239488,1.068968572941265,half
HfSbRh,half:X=Hf,1.1806132506116027,1.0988384504239488,1.068968572941265,half
HfSbRh,half:X=Hf,1.0603200286882852,0.8845622263682529,0.8931606229858146,half
HfSbRh,half:X=Hf,1.0603200286882852,0.8845622263682529,0.8931606229858146,half
HfSiNi,half:X=Hf,1.26934946929472,1.2515064272488443,1.2208483239766208,half
HfSiPt,half:X=Hf,1.2245848537315305,1.2102692964670134,0.9659969233984722,half
HfSnPd,half:X=Hf,1.1458177144918276,1.1312518293568479,1.0305941179685316,half
HfSnPd,half:X=Hf,1.1789769472931695,1.1312518293568479,1.0305941179685316,half
HfSnPd,half:X=Hf,1.0731682622651015,1.1312518293568479,1.0305941179685316,half
HfSnPd,half:X=Hf,1.1458177144918276,1.1312518293568479,1.0305941179685316,half
HfSnPd,half:X=Hf,1.2247298360336292,1.1312518293568479,1.0305941179685316,half
HfSnPd,half:X=Hf,0.9694159123539814,0.953129045564597,0.8200475422657997,half
HfSnPd,half:X=Hf,0.9694159123539814,0.953129045564597,0.8200475422657997,half
HfSnPt,half:X=Hf,1.0986783295764397,1.0125219536119006,0.9470216426985301,half
HfSnPt,half:X=Hf,0.9991305412873711,0.8619856329090744,0.7874030755282087,half
HfSnPt,half:X=Hf,0.9991305412873711,0.8619856329090744,0.7874030755282087,half
HfTeRu,half:X=Hf,1.1863629403947311,1.1131075601305709,1.054077483601326,half
HfTlAu,half:X=Hf,0.8137143918811448,0.691483285156691,0.44458580709454315,half
HoBiPd,half:X=Ho,0.8312296938670634,0.8113094278313083,0.7803865724023827,half
HoBiPd,half:X=Ho,0.8312296938670634,0.8113094278313083,0.7803865724023827,half
HoBiPt,half:X=Ho,0.8102325179950841,0.7968926402384432,0.7639733357929346,half
HoBiPt,half:X=Ho,0.8102325179950841,0.7968926402384432,0.7639733357929346,half
HoGeAu,half:X=Ho,0.6374897295125107,0.7205353602449618,0.789634073261178,half
HoGeAu,half:X=Ho,0.6374897295125107,0.7205353602449618,0.789634073261178,half
HoNiBi,half:X=Ho,0.9749719942980689,1.0077356055854363,0.9743369342622831,half
HoNiBi,half:X=Ho,0.9749719942980689,1.0077356055854363,0.9743369342622831,half
HoNiBi,half:X=Ho,0.6010490810183887,1.0077356055854363,0.9743369342622831,half
HoNiSb,half:X=Ho,0.9863237770507653,0.9695137838024754,0.993002614868431,half
HoNiSb,half:X=Ho,0.9863237770507653,0.9695137838024754,0.993002614868431,half
HoNiSb,half:X=Ho,0.8492023351680582,0.9695137838024754,0.993002614868431,half
HoPbAu,half:X=Ho,0.5352941200427705,0.5223243917575608,0.5302302431808611,half
HoPbAu,half:X=Ho,0.5352941200427705,0.5223243917575608,0.5302302431808611,half
HoSbPd,half:X=Ho,0.8876173003357362,0.8035380603393808,0.750551375185348,half
HoSbPd,half:X=Ho,0.8876173003357362,0.8035380603393808,0.750551375185348,half
HoSbPt,half:X=Ho,1.0339462029903608,1.0822105200337466,1.0094848653955202,half
HoSbPt,half:X=Ho,1.0130058500157368,1.0622069405956405,0.9892228206495052,half
HoSbPt,half:X=Ho,0.9930392318069095,1.0403647696512648,0.9689961108308208,half
HoSbPt,half:X=Ho,0.9740047968974147,1.0219160099470295,0.9506289204574013,half
HoSbPt,half:X=Ho,0.9557358422776658,0.9997732404591565,0.9343613658285223,half
HoSbPt,half:X=Ho,0.9382194178127431,0.9827392082019837,0.9139133673565866,half
HoSbPt,half:X=Ho,0.9213742954184744,0.968408938871731,0.9014735607473285,half
HoSbPt,half:X=Ho,0.9051480018560161,0.9489910771500604,0.8813328617767178,half
HoSbPt,half:X=Ho,0.8895257966711911,0.9328290881977086,0.8658907244111974,half
HoSbPt,half:X=Ho,0.8744818176994665,0.9131199883275718,0.8529050613001355,half
HoSbPt,half:X=Ho,0.8598585204809929,0.9069812997416187,0.8503299667159906,half
HoSbPt,half:X=Ho,0.6946051989335688,0.9069812997416187,0.8503299667159906,half
HoSbPt,half:X=Ho,0.8448011913712073,0.9069812997416187,0.8503299667159906,half
HoSbPt,half:X=Ho,0.6946051989335688,0.9069812997416187,0.8503299667159906,half
HoSbPt,half:X=Ho,0.9298002731665307,0.9069812997416187,0.8503299667159906,half
HoSbPt,half:X=Ho,0.8457799671118893,0.8888045324516556,0.8358216088215211,half
HoSbPt,half:X=Ho,0.8321255425340092,0.8709363664261712,0.7842093718165333,half
HoSbPt,half:X=Ho,0.8188854145940099,0.8623984846186837,0.7831438392927641,half
HoSbPt,half:X=Ho,0.8060442357480883,0.8474731051760567,0.7720417060485815,half
HoSbPt,half:X=Ho,0.7935808673681558,0.835374914766649,0.7573591313505645,half
HoSbPt,half:X=Ho,0.7814681428417983,0.8286771796001391,0.7508156197160066,half
HoSbPt,half:X=Ho,0.7696726640554925,0.8142914172593372,0.7425834518891276,half
HoSbPt,half:X=Ho,0.75815462196739,0.8070004085028667,0.7257526306339781,half
HoSbPt,half:X=Ho,0.7469454096151047,0.7952144514396406,0.7141072217633164,half
HoSbPt,half:X=Ho,0.7360776370039458,0.786772387963716,0.7053268793960787,half
HoSbPt,half:X=Ho,0.7254215500742587,0.7763523981340085,0.6931266911087378,half
HoSbPt,half:X=Ho,0.7149999674120424,0.7674133486535243,0.6865943302527602,half
HoSbPt,half:X=Ho,0.7049222912234018,0.7600399421027524,0.6787607290348477,half
HoSbPt,half:X=Ho,0.6949560022498181,0.7487399396408453,0.6708922049464145,half
HoSbPt,half:X=Ho,0.6852937813867841,0.7435637924169248,0.6511327784012438,half
HoSbPt,half:X=Ho,0.6757783416740851,0.7384488722580735,0.6438692301642779,half
HoSbPt,half:X=Ho,0.6665179805548809,0.7299572289011611,0.637365530532857,half
HoSbPt,half:X=Ho,0.6574383227029624,0.7245989879445432,0.631395750433409,half
HoSbPt,half:X=Ho,0.6485551556626707,0.7170348561590464,0.6251641218620876,half
HoSbPt,half:X=Ho,0.6397852129868201,0.7180969836324858,0.630457579838324,half
HoSbPt,half:X=Ho,0.6312407802355091,0.7009435816844858,0.6083288415392606,half
HoSbPt,half:X=Ho,0.6228354795215202,0.6872828699026572,0.6025088478088638,half
HoSbPt,half:X=Ho,0.6146863422820126,0.6718047106028505,0.5883569854881006,half
HoSbPt,half:X=Ho,0.6065963091792852,0.669953214631646,0.5796665297306549,half
HoSbPt,half:X=Ho,0.5986810989071634,0.66688977795808,0.5778842065112288,half
HoSbPt,half:X=Ho,0.5908418347816027,0.6553904772472008,0.5683226814523527,half
HoSbPt,half:X=Ho,0.5831987739686227,0.6469213967324795,0.5473976230578602,half
HoSbPt,half:X=Ho,0.5757649805367194,0.6426332860184477,0.5380584734011213,half
HoSbPt,half:X=Ho,0.5683190850951118,0.6351122421930162,0.5348363626183485,half
HoSbPt,half:X=Ho,0.561101383649056,0.6297067462553466,0.5308425828257091,half
HoSbPt,half:X=Ho,0.5538830266438743,0.6236062553378536,0.5211069462432558,half
HoSbPt,half:X=Ho,0.5469126431812426,0.6144030353764117,0.5168361627472497,half
HoSbPt,half:X=Ho,0.5399538416563967,0.6103648469809998,0.5110698158406632,half
HoSbPt,half:X=Ho,0.5331362882786388,0.6073979328902336,0.5037449253936186,half
HoSbPt,half:X=Ho,0.5264685124694775,0.5932526796723494,0.49787326282526984,half
HoSbPt,half:X=Ho,0.5198279937757188,0.5919816104891593,0.4939141989604267,half
HoSbPt,half:X=Ho,0.513350798805957,0.5834967404411395,0.48311747162226937,half
HoSbPt,half:X=Ho,0.5069107255515181,0.5811383083253641,0.4805050953646293,half
HoSbPt,half:X=Ho,0.5006480633719119,0.5796947631358492,0.469295557515096,half
HoSbPt,half:X=Ho,0.4944328987263987,0.5677753004979711,0.4623304888265947,half
HoSbPt,half:X=Ho,0.48826861549545986,0.5566801934631878,0.45642676563891316,half
HoSbPt,half:X=Ho,0.48230176722344276,0.5545113194870586,0.4529178248750084,half
HoSbPt,half:X=Ho,0.4762517960070336,0.5472044164419613,0.44528390127903705,half
HoSbPt,half:X=Ho,0.47041049097593074,0.5423359331191494,0.44215704046762316,half
HoSbPt,half:X=Ho,0.4646385590950329,0.5363880104996053,0.4391387229297133,half
HoSbPt,half:X=Ho,0.458788881710845,0.5330921971213024,0.4317735502775595,half
HoSbPt,half:X=Ho,0.4531653925258572,0.5239061118003043,0.4259493710767776,half
HoSbPt,half:X=Ho,0.44762309776028614,0.5175804167939597,0.4197215517673314,half
HoSbPt,half:X=Ho,0.44216608578472016,0.5143270231436902,0.4137509231187727,half
HoSbPt,half:X=Ho,0.4366396316926607,0.5083324458150749,0.4097479691042827,half
HoSbPt,half:X=Ho,0.4312028845565166,0.505490421007641,0.40494477350600455,half
HoSbPt,half:X=Ho,0.4260230156898761,0.497846426935346,0.3969381093769604,half
HoSbPt,half:X=Ho,0.4207806195485654,0.49051065189583665,0.3907537417618778,half
HoSbPt,half:X=Ho,0.41547416810923576,0.4884566141574952,0.38637429665742484,half
HoSbPt,half:X=Ho,0.4104397862103466,0.48150555554614133,0.38221899601912285,half
HoSbPt,half:X=Ho,0.4053463601757089,0.4783099322298249,0.37738787920310757,half
HoSbPt,half:X=Ho,0.40036527334993893,0.4713594027593131,0.3703741261803568,half
HoSbPt,half:X=Ho,0.3953263930693509,0.46850996709157977,0.3677701420045834,half
HoSbPt,half:X=Ho,0.3905818785504353,0.461711708155364,0.3606658439950236,half
HoSbPt,half:X=Ho,0.38560627359831223,0.4576959707892893,0.35713410834838144,half
HoSbPt,half:X=Ho,0.3809344633307019,0.45429138115720635,0.3531889218095638,half
HoSbPt,half:X=Ho,0.3762118502826728,0.4484657037610026,0.3471665626929743,half
HoSbPt,half:X=Ho,0.37143731740410085,0.44444600555353697,0.3425387818318126,half
HoSbPt,half:X=Ho,0.3667963832867299,0.4398440934856926,0.3383440431811859,half
HoSbPt,half:X=Ho,0.3622939379642311,0.4349302158039714,0.33477470627662814,half
HoSbPt,half:X=Ho,0.3577443251803756,0.4299735842564082,0.33019823951863536,half
HoSbPt,half:X=Ho,0.35314654621397934,0.4259378534323626,0.32575698611066306,half
HoSbPt,half:X=Ho,0.348888723071438,0.42179647677715376,0.3220752535883082,half
HoSbPt,half:X=Ho,0.3443922736851107,0.41719873639799576,0.31749594654542884,half
HoSbPt,half:X=Ho,0.3400473176613932,0.40942390471621415,0.3133796152025224,half
HoSnAu,half:X=Ho,0.6493348587121419,0.6388527191777756,0.6419168644753017,half
HoSnAu,half:X=Ho,0.6493348587121419,0.6388527191777756,0.6419168644753017,half
InCoW,half:X=In,1.2361088015872816,1.3424756556340576,1.3173757114942968,half
InIrW,half:X=In,1.28535474103037,1.1390877313132883,1.145093344602184,half
InRhW,half:X=In,1.273834318000559,1.2299067680708322,1.2231562281165085,half
K2AgBi,full:X2=K,-0.25181197299379954,-0.02353765782829842,-0.02555091435088841,full
K2AgBi,full:X2=K,-0.638272163982407,-0.312909664337633,-0.4346790688469442,full
K2AgSb,full:X2=K,-0.1549019599857432,-0.20002942870840723,-0.2121674575307917,full
K2AgSb,full:X2=K,-0.5228787452803376,-0.49910161421798405,-0.5905990814277762,full
KAgO,half:X=K,0.5122974136601736,0.20632711022991934,0.2469905054361965,half
KAgTe,half:X=K,-0.29413628771608075,0.235135738622413,0.016789446049496726,half
KBaBi,half:X=K,0.34044411484011833,0.21751134342090273,0.08541674911094,half
KBaBi,half:X=K,0.09342168516223506,0.21751134342090273,0.08541674911094,half
KBaBi,half:X=K,0.2600713879850748,0.21751134342090273,0.08541674911094,half
KBaBi,half:X=K,0.29885307640970665,0.020548760062958915,-0.24078575915694156,half
KBaBi,half:X=K,0.29885307640970665,0.020548760062958915,-0.24078575915694156,half
KBaBi,half:X=K,-0.2218487496163564,-0.34785256596224823,-0.5051387571295842,half
KBaSb,half:X=K,0.45939248775923086,0.13673030222285232,0.17071335407951538,half
KBaSb,half:X=K,0.45939248775923086,0.13673030222285232,0.17071335407951538,half
KCaSb,half:X=K,0.43136376415898736,0.2568700588132592,0.22580744598562252,half
KCuO,half:X=K,0.3599113350135422,0.42597808225542233,0.5095451411441587,half
KCuO,half:X=K,0.34526921281012596,0.42597808225542233,0.5095451411441587,half
KMgSb,half:X=K,0.5185139398778874,0.3097412060758245,0.03281181467981942,half
KNa2Sb,full:X2=Na,0.19200959265367015,0.3336910595904078,0.34549321784709497,full
KNa2Sb,full:X2=Na,0.1705550585212085,0.3121426137771501,0.33301061631103723,full
KNa2Sb,full:X2=Na,0.14983469671578492,0.2919321594145095,0.3104168297033638,full
KNa2Sb,full:X2=Na,0.13033376849500614,0.27287408579512595,0.29105696571634243,full
KNa2Sb,full:X2=Na,0.11159852488039401,0.26369458180169225,0.267200794276786,full
KNa2Sb,full:X2=Na,0.09342168516223506,0.2460244910374818,0.2602289267055147,full
KNa2Sb,full:X2=Na,0.0762762554042176,0.23371185417927653,0.24445800470563495,full
KNa2Sb,full:X2=Na,0.05994188806195468,0.2249358233833918,0.22831082661979107,full
KNa2Sb,full:X2=Na,0.04375512696867949,0.21266207223130396,0.22062548157800288,full
KNa2Sb,full:X2=Na,0.028571252692537637,0.18543147402024251,0.21308222514482422,full
KNa2Sb,full:X2=Na,0.01367969729119256,0.184796974651662,0.20959625388663083,full
KNa2Sb,full:X2=Na,0.1724160977021803,0.184796974651662,0.20959625388663083,full
KNa2Sb,full:X2=Na,0.10494199450237648,0.184796974651662,0.20959625388663083,full
KNa2Sb,full:X2=Na,-0.0008694587126288914,0.16095056503867078,0.18056536144695068,full
KNa2Sb,full:X2=Na,-0.014573525916998339,0.14891321008500724,0.16252012939825855,full
KNa2Sb,full:X2=Na,-0.02826040911222171,0.13576094196160216,0.1573872948377807,full
KNa2Sb,full:X2=Na,-0.040958607678906384,0.12222849663765278,0.14939898674480823,full
KNa2Sb,full:X2=Na,-0.05403929642243141,0.10949078132603896,0.136349106464272,full
KNa2Sb,full:X2=Na,-0.0660068361687577,0.10315760355894876,0.1296691906366192,full
KNa2Sb,full:X2=Na,-0.07831352451639793,0.09107489852593931,0.11616977198890832,full
KNa2Sb,full:X2=Na,-0.08990945440593186,0.05096867057799437,0.08839509916584232,full
KNa2Sb,full:X2=Na,-0.10127481841050648,0.047346722991776224,0.09132289982030106,full
KNa2Sb,full:X2=Na,-0.11238269966426384,0.04127346428618861,0.0831567150120508,full
KNa2Sb,full:X2=Na,-0.12262865413022594,0.021938766111840313,0.07367928938777057,full
KNa2Sb,full:X2=Na,-0.13312218566250114,0.015046712207329005,0.06985975936428657,full
KNa2Sb,full:X2=Na,-0.14387555575769967,0.0033155346960968,0.06239169927499455,full
KNa2Sb,full:X2=Na,-0.15366288787019475,-0.005028550882031024,0.05688049497026826,full
KNa2Sb,full:X2=Na,-0.16367588429324828,-0.051090442226390365,0.048544133612137164,full
KNa2Sb,full:X2=Na,-0.17327747983100789,-0.07252631927969067,0.0358137429021389,full
KNa2Sb,full:X2=Na,-0.1824346304402192,-0.08118614596523643,0.01876932844102286,full
KNa2Sb,full:X2=Na,-0.1917890270757779,-0.08983354720467784,0.0084136008670459,full
KNa2Sb,full:X2=Na,-0.2006594505464183,-0.09905571654462941,-0.0051078081940787445,full
KNa2Sb,full:X2=Na,-0.20901152491118416,-0.10112225298778876,-0.01127783174012853,full
KNa2Sb,full:X2=Na,-0.2182446253475311,-0.109210587295001,-0.04226912280713291,full
KNa2Sb,full:X2=Na,-0.22621355501880647,-0.13952802754526628,-0.05177311617594349,full
KNa2Sb,full:X2=Na,-0.23433144524098595,-0.14341516925347364,-0.057463140974480686,full
KNa2Sb,full:X2=Na,-0.24260397120697583,-0.14943291658298885,-0.0671025535445825,full
KNa2Sb,full:X2=Na,-0.25103713874383854,-0.15319725004042284,-0.0765028458197724,full
KNa2Sb,full:X2=Na,-0.2588484011482149,-0.1630363709356576,-0.0927956370674432,full
KNa2Sb,full:X2=Na,-0.266000713461613,-0.16965180848696382,-0.09238697433000587,full
KNa2Sb,full:X2=Na,-0.2740883677049518,-0.17172806289221287,-0.1015471935994039,full
KNa2Sb,full:X2=Na,-0.2814983111327257,-0.17812418356447113,-0.10722118009150794,full
KNa2Sb,full:X2=Na,-0.28903688100472424,-0.19185041998546992,-0.11192529339227786,full
KNa2Sb,full:X2=Na,-0.2958494831602009,-0.2003127613740041,-0.1187979881692185,full
KNa2Sb,full:X2=Na,-0.30277065724028246,-0.21560134456646352,-0.12821112340011465,full
KNa2Sb,full:X2=Na,-0.3098039199714863,-0.21834628869169315,-0.13462171229301134,full
KNa2Sb,full:X2=Na,-0.31695296176115045,-0.22317318985493362,-0.13887403410160526,full
KNa2Sb,full:X2=Na,-0.3233063903751334,-0.22927861848746,-0.14719724464926676,full
KNa2Sb,full:X2=Na,-0.32975414692587596,-0.23080155118979628,-0.14954759677433804,full
KNa2Sb,full:X2=Na,-0.33629907461035186,-0.24160934747027696,-0.16333464848060253,full
KNa2Sb,full:X2=Na,-0.34294414714289606,-0.24342757846734409,-0.16676489770702974,full
KNa2Sb,full:X2=Na,-0.34969247686806354,-0.2501313892520869,-0.16916818084803587,full
KNa2Sb,full:X2=Na,-0.35556141053216145,-0.2653195343554924,-0.17689152383178985,full
KNa2Sb,full:X2=Na,-0.3615107430453627,-0.2683930321663266,-0.1911521634491824,full
KNa2Sb,full:X2=Na,-0.36754270781527576,-0.2765780767310275,-0.19912208359764394,full
KNa2Sb,full:X2=Na,-0.37365963262495766,-0.2805222684989612,-0.20358793195417735,full
KNa2Sb,full:X2=Na,-0.3798639450262425,-0.27608179373306174,-0.21581773851299646,full
KNa2Sb,full:X2=Na,-0.38615817812393083,-0.28197192499324975,-0.22421567962646938,full
KNa2Sb,full:X2=Na,-0.39147396642280585,-0.28006893115141973,-0.23305132263057193,full
KNa2Sb,full:X2=Na,-0.39685562737981767,-0.30017821978792325,-0.2370766250243279,full
KNa2Sb,full:X2=Na,-0.40230481407448765,-0.3048138469350046,-0.2450709291296953,full
KNa2Sb,full:X2=Na,-0.40782324260413316,-0.30810025856646095,-0.2507486232965601,full
KNa2Sb,full:X2=Na,-0.41341269532824504,-0.3134396741299461,-0.2559621847999307,full
KNa2Sb,full:X2=Na,-0.4190750243243807,-0.31676663183168774,-0.26290371689774794,full
KNa2Sb,full:X2=Na,-0.42481215507233894,-0.29978488304617557,-0.26609742747730647,full
KNa2Sb,full:X2=Na,-0.4294570601181025,-0.308305215941423,-0.27663082937684425,full
KNa2Sb,full:X2=Na,-0.4353339357479107,-0.3034502537268662,-0.2792629868279024,full
KNa2Sb,full:X2=Na,-0.4400933749638875,-0.30112528388178794,-0.26449967768516247,full
KNa2Sb,full:X2=Na,-0.44490555142168087,-0.30769632395725677,-0.2690100661270214,full
KNa2Sb,full:X2=Na,-0.44977164694490596,-0.3322112527949572,-0.2761763126793202,full
KNa2Sb,full:X2=Na,-0.4546928835341759,-0.33314101049924916,-0.2786012684959065,full
KNa2Sb,full:X2=Na,-0.4596705252091263,-0.33974339662049213,-0.28592493414000875,full
KNa2Sb,full:X2=Na,-0.46470587995722945,-0.3422444187420033,-0.28838604196228035,full
KNa2Sb,full:X2=Na,-0.4698003017969178,-0.3464155378975122,-0.29471802549978565,full
KNa2Sb,full:X2=Na,-0.47495519296315475,-0.3569796795521829,-0.29965522816154544,full
KNa2Sb,full:X2=Na,-0.4788619162959637,-0.36114792854977407,-0.30246642335294327,full
KNa2Sb,full:X2=Na,-0.4841261562883209,-0.37205010997814836,-0.30642816371267867,full
KNa2Sb,full:X2=Na,-0.4881166390211256,-0.37642851303164604,-0.3107761128962234,full
KNa2Sb,full:X2=Na,-0.4934949675951279,-0.38302351746531516,-0.31585163819164586,full
KNa2Sb,full:X2=Na,-0.4975728800155673,-0.38638667165455876,-0.30913969923198636,full
KNa2Sb,full:X2=Na,-0.5016894462103995,-0.39223866558497433,-0.31540212593940664,full
KNa2Sb,full:X2=Na,-0.5058454059815573,-0.3980611166518293,-0.3212334819088838,full
KNa2Sb,full:X2=Na,-0.5100415205751654,-0.40127544220339795,-0.3268707610315005,full
KNaSe,half:X=K,-0.18974529724971861,0.5818979337215855,0.4734253905368393,half
KSrBi,half:X=K,0.292256071356476,0.3668191877976054,0.18072445011948746,half
KSrBi,half:X=K,0.3173110202068117,0.3668191877976054,0.18072445011948746,half
KSrSb,half:X=K,0.5634810853944107,0.22560397757759054,0.03538370049740425,half
KSrSb,half:X=K,0.5634810853944107,0.22560397757759054,0.03538370049740425,half
KYSn,half:X=K,-0.1592667653881933,0.12138142332741009,0.1483338057931205,half
LaAlHg,half:X=La,0.6471872978959895,0.6391030175127019,0.37944318653675746,half
LaBiPd,half:X=La,0.6384892569546373,0.43136333480743105,0.3155699280961464,half
LaBiPd,half:X=La,0.6384892569546373,0.43136333480743105,0.3155699280961464,half
LaBiPd,half:X=La,0.6144964683222162,0.43136333480743105,0.3155699280961464,half
LaBiPt,half:X=La,0.4623979978989561,0.3538501575769774,0.3108935128229947,half
LaCoS,half:X=La,1.0586157970105616,0.8478025434085126,0.8354284764584319,half
LaCoSe,half:X=La,0.9516288938366382,0.9053351612178244,0.7198644287893285,half
LaCoTe,half:X=La,0.8899176834362058,0.6672984733280447,0.484287292067343,half
LaCoTe,half:X=La,0.03236366887339214,0.6672984733280447,0.484287292067343,half
LaCuC,half:X=La,0.9558320102324217,0.9687178028197627,0.9181046618215734,half
LaFeF,half:X=La,0.37235958252432383,0.930079039636017,0.9293711504200047,half
LaInHg,half:X=La,0.5199591807520684,0.20788236996803477,0.20722868937891026,half
LaMgTl,half:X=La,0.7965743332104297,-0.08835257020848686,0.10589835284244231,half
LaMgTl,half:X=La,0.7965743332104297,-0.08835257020848686,0.10589835284244231,half
LaNiAs,half:X=La,0.9403172215742179,0.8876314807232122,0.8511213970681947,half
LaNiP,half:X=La,1.058084224750925,0.8596003312123491,0.8333151053586554,half
LaNiSb,half:X=La,0.864985460659794,0.8586275774715176,0.8224937495070539,half
LaOF,half:X=La,0.9675745104267142,1.0467407503221169,1.0007373473113732,half
LaRhS,half:X=La,1.0463000196529693,0.9075817618488203,0.8194661008446164,half
LaRhSe,half:X=La,0.9624640460579013,0.8636747944488371,0.7687102799440152,half
LaRuF,half:X=La,0.8177636322803677,0.9208222735573643,0.8001203192655466,half
LaSbPt,half:X=La,0.2355284469075489,0.5003409049888952,0.672904037046907,half
LaSbPt,half:X=La,0.8410464654093036,0.5003409049888952,0.672904037046907,half
LaSbPt,half:X=La,0.2355284469075489,0.5003409049888952,0.672904037046907,half
LaSbPt,half:X=La,-0.07058107428570728,0.2651281807871887,0.4578829615432197,half
LaSbPt,half:X=La,-0.07058107428570728,0.2651281807871887,0.4578829615432197,half
LaSeCl,half:X=La,0.756636108245848,0.33638097584873466,0.4189974029061907,half
LaSiAu,half:X=La,0.8232785569516707,0.7475047690419424,0.575783873546491,half
LaSnAu,half:X=La,0.6958317728266923,0.4552791205502862,0.21794106223805298,half
LaTeRh,half:X=La,0.45331834004703764,0.40954990462296587,0.4894035434124777,half
LaTeRh,half:X=La,0.921322243583822,0.40954990462296587,0.4894035434124777,half
LaTeRh,half:X=La,0.045322978786657475,0.21916050138747034,0.3495295650896739,half
LaTeRh,half:X=La,0.045322978786657475,0.21916050138747034,0.3495295650896739,half
Li2CaGe,full:X2=Li,0.8705209500127643,0.7625321383373158,0.554454953364609,full
Li2CaGe,full:X2=Li,0.8549130223078556,0.7525523670891904,0.5300970876721659,full
Li2CaGe,full:X2=Li,0.8399805576783427,0.7317714078927042,0.489172325871013,full
Li2CaGe,full:X2=Li,0.825555932290357,0.7085146049474615,0.4682186289751177,full
Li2CaGe,full:X2=Li,0.811642021453151,0.68543023860184,0.4479107189385708,full
Li2CaGe,full:X2=Li,0.7982361763679358,0.6749190802924647,0.42870582295764825,full
Li2CaGe,full:X2=Li,0.7851874200293619,0.6581177038438794,0.3901578943832881,full
Li2CaGe,full:X2=Li,0.7726150498491708,0.6485323974209033,0.3834479889104926,full
Li2CaGe,full:X2=Li,0.7604978752265267,0.6437888732730744,0.35448611332432267,full
Li2CaGe,full:X2=Li,0.7486530934242673,0.6339463586359798,0.346783679871275,full
Li2CaGe,full:X2=Li,0.7371926427047373,0.6113354775700439,0.3348112367681192,full
Li2CaGe,full:X2=Li,0.7600011038955643,0.6113354775700439,0.3348112367681192,full
Li2CaGe,full:X2=Li,0.9712108853032545,0.6113354775700439,0.3348112367681192,full
Li2CaGe,full:X2=Li,0.72607487021537,0.5983785808269342,0.33773334035239366,full
Li2CaGe,full:X2=Li,0.7151673578484579,0.5727709706485348,0.33315452610512863,full
Li2CaGe,full:X2=Li,0.7046651854545292,0.560232323980451,0.32795164918565967,full
Li2CaGe,full:X2=Li,0.6944296909570831,0.5533178715777584,0.3203906450269819,full
Li2CaGe,full:X2=Li,0.6843964784190205,0.5338081514901118,0.30480347456945156,full
Li2CaGe,full:X2=Li,0.6746774678731989,0.5159088196347763,0.29871736023653617,full
Li2CaGe,full:X2=Li,0.6651117370750514,0.518411461057826,0.2852105496681613,full
Li2CaGe,full:X2=Li,0.6558104944952523,0.5021494154430286,0.2707000207259501,full
Li2CaGe,full:X2=Li,0.6467956887784694,0.5000030672517509,0.27466498554144747,full
Li2CaGe,full:X2=Li,0.6378898165807906,0.4855218216916953,0.3037273587138155,full
Li2CaGe,full:X2=Li,0.6292056571023038,0.47518151922630675,0.2928043339637335,full
Li2CaGe,full:X2=Li,0.6207604899942057,0.464216037319539,0.2886574066502712,full
Li2CaGe,full:X2=Li,0.6124659639531423,0.4613391584661334,0.30799414416763615,full
Li2CaGe,full:X2=Li,0.6043340731029111,0.44407877306070004,0.3071341303447719,full
Li2CaGe,full:X2=Li,0.5963771439975991,0.4398323907624537,0.292459313049245,full
Li2CaGe,full:X2=Li,0.5886078047426866,0.42220816839812747,0.28631589314061023,full
Li2CaGe,full:X2=Li,0.5809249756756193,0.4157039931245833,0.2701141964885879,full
Li2CaGe,full:X2=Li,0.5734518220354853,0.404940780452511,0.27884535907014085,full
Li2CaGe,full:X2=Li,0.5660837841679959,0.3976488197543202,0.28114963643321056,full
Li2CaGe,full:X2=Li,0.5588285248170116,0.39674296972305173,0.2896427421256692,full
Li2CaGe,full:X2=Li,0.5516939151272248,0.38610898001814425,0.2664308974677584,full
Li2CaGe,full:X2=Li,0.5448119117577761,0.3751958183394141,0.26882908678966255,full
Li2CaGe,full:X2=Li,0.5379449592914869,0.3598623295273626,0.2651974986639629,full
Li2CaGe,full:X2=Li,0.5312233745330268,0.3561213206119087,0.25402055102478194,full
Li2CaGe,full:X2=Li,0.5245259366263757,0.34916549205497543,0.25416160914383046,full
Li2CaGe,full:X2=Li,0.518118947143153,0.343284743124808,0.2706506439302363,full
Li2CaGe,full:X2=Li,0.5116160205691377,0.3345089589375141,0.23736620298361621,full
Li2CaGe,full:X2=Li,0.505421327583281,0.3339147180207921,0.22702315801790374,full
Li2CaGe,full:X2=Li,0.4991369945373827,0.3228295604622176,0.22587430742788972,full
Li2CaGe,full:X2=Li,0.4930395883176513,0.30746973410525147,0.21993125603007235,full
Li2CaGe,full:X2=Li,0.48713837547718647,0.3006892267046253,0.21153212694738066,full
Li2CaGe,full:X2=Li,0.4811558708280351,0.30445978620290204,0.20604644706199404,full
Li2CaGe,full:X2=Li,0.4753805931433612,0.30250180767355916,0.2005488188672837,full
Li2CaGe,full:X2=Li,0.4695274791870139,0.30029311076887133,0.19936859332584345,full
Li2CaGe,full:X2=Li,0.4638929889859073,0.28031873338635716,0.2103654836254869,full
Li2CaGe,full:X2=Li,0.4583356259919475,0.2748042541873844,0.20943136438922016,full
Li2CaGe,full:X2=Li,0.4528593357958523,0.26583609649283646,0.19805747149354413,full
Li2CaGe,full:X2=Li,0.4474681309497558,0.2634968412945161,0.2061477802813937,full
Li2CaGe,full:X2=Li,0.44216608578472016,0.24722280813835706,0.2043969985406826,full
Li2CaGe,full:X2=Li,0.4367985102318035,0.24284047120805397,0.22721979761583821,full
Li2CaGe,full:X2=Li,0.4316853446860118,0.23808336735457314,0.22269397275428904,full
Li2CaGe,full:X2=Li,0.42651126136457523,0.2310533588590612,0.21262860550337936,full
Li2CaGe,full:X2=Li,0.42143939022004967,0.21728201982292294,0.21267076086411651,full
Li2CaGe,full:X2=Li,0.4164740791002208,0.1989427231568277,0.20538849461829833,full
Li2CaGe,full:X2=Li,0.41145134213793755,0.1968356157276785,0.19996236509518361,full
Li2CaGe,full:X2=Li,0.4065401804339551,0.18970619209230588,0.1982054350902751,full
Li2CaGe,full:X2=Li,0.4017450822370628,0.18436729834561472,0.21566041323882612,full
Li2CaGe,full:X2=Li,0.39689644914252387,0.17673783711612623,0.21372303961658745,full
Li2CaGe,full:X2=Li,0.39234515536120407,0.17399564774353193,0.20580289112731842,full
Li2CaGe,full:X2=Li,0.38756777941718856,0.16947152742453175,0.20221291196304392,full
Li2CaGe,full:X2=Li,0.3830969299490942,0.16585991318073334,0.19837422624361212,full
Li2CaGe,full:X2=Li,0.3783979009481377,0.15840472692706364,0.18917528197927425,full
Li2CaGe,full:X2=Li,0.37401474029191156,0.1512380721781893,0.19351676133164453,full
Li2CaGe,full:X2=Li,0.3695868907363443,0.14850911403908307,0.18908448111722231,full
Li2CaGe,full:X2=Li,0.3651134316275772,0.14355318368933334,0.21260003880175338,full
Li2CaGe,full:X2=Li,0.36078268987328005,0.1412246281864874,0.2083405697927171,full
Li2CaGe,full:X2=Li,0.3565994357249708,0.13656766414413635,0.21738069853312947,full
Li2CaGe,full:X2=Li,0.3521825181113625,0.1334556137958519,0.21578919608657088,full
Li2CaGe,full:X2=Li,0.34811006848023773,0.12765986054454492,0.20971868265138327,full
Li2CaGe,full:X2=Li,0.3439990690571613,0.12260612858672326,0.20810900616951467,full
Li2CaGe,full:X2=Li,0.33984878303763705,0.11157332524345764,0.22375383294476114,full
Li2CaGe,full:X2=Li,0.3356584522893015,0.10424748408296536,0.22095010919054148,full
Li2CaGe,full:X2=Li,0.33162971762993226,0.10035691372711064,0.2161270942838719,full
Li2CaGe,full:X2=Li,0.3277674899027289,0.09234667836383892,0.23283567405820582,full
Li2CaGe,full:X2=Li,0.3236645356081002,0.08949708132773204,0.2296710020313385,full
Li2CaGe,full:X2=Li,0.31973049433022455,0.0843374753298538,0.22705948151529787,full
Li2CaGe,full:X2=Li,0.3159703454569177,0.0807087518563252,0.22325697159809266,full
Li2CaGe,full:X2=Li,0.3121773564397787,0.07631478101313982,0.21886267192627473,full
Li2CaGe,full:X2=Li,0.30835094858672574,0.07205663165856147,0.22960161285229552,full
Li2CaGe,full:X2=Li,0.3044905277734877,0.06750162194424303,0.24237193930373624,full
Li2CaSi,full:X2=Li,0.4399639359209049,0.8519364443947736,0.5194286391277199,full
Li2CaSi,full:X2=Li,0.4191293077419757,0.8291316610963768,0.4827627214231949,full
Li2CaSi,full:X2=Li,0.39932753215867883,0.8119137930025303,0.43009569087874244,full
Li2CaSi,full:X2=Li,0.3807537708039001,0.8167092155502284,0.4080169431665046,full
Li2CaSi,full:X2=Li,0.36285930295868024,0.7873476141911908,0.3873980121489541,full
Li2CaSi,full:X2=Li,0.34596154181314126,0.7692830990067646,0.33139881901687873,full
Li2CaSi,full:X2=Li,0.32960124835651883,0.7600208571909352,0.2900944694024573,full
Li2CaSi,full:X2=Li,0.31407799177921286,0.7311593682385102,0.27512763791443173,full
Li2CaSi,full:X2=Li,0.2990712600274096,0.7097461801237898,0.2479409242408379,full
Li2CaSi,full:X2=Li,0.2846562827885157,0.686533545028024,0.24023849078779058,full
Li2CaSi,full:X2=Li,0.2709116394104812,0.6658548364511176,0.22524617229205335,full
Li2CaSi,full:X2=Li,0.5143359990867489,0.6658548364511176,0.22524617229205335,full
Li2CaSi,full:X2=Li,0.4984025041880302,0.6658548364511176,0.22524617229205335,full
Li2CaSi,full:X2=Li,0.25743856685981376,0.6784031612330986,0.2191542755058793,full
Li2CaSi,full:X2=Li,0.24452451157008376,0.6571276178547214,0.21340861887558915,full
Li2CaSi,full:X2=Li,0.2319790268315042,0.6493061467077841,0.22564655762529018,full
Li2CaSi,full:X2=Li,0.2198463860243607,0.6409925497270847,0.23095694753500484,full
Li2CaSi,full:X2=Li,0.2081725266671217,0.6181447056346782,0.22007976180246014,full
Li2CaSi,full:X2=Li,0.19672872262328683,0.6532723739833348,0.21274836215976367,full
Li2CaSi,full:X2=Li,0.18582535961296218,0.6426832504332342,0.20071147060566275,full
Li2CaSi,full:X2=Li,0.17493159352844256,0.6315430741508818,0.2243931317443164,full
Li2CaSi,full:X2=Li,0.1643528557844371,0.6250252165459702,0.2367281002194832,full
Li2CaSi,full:X2=Li,0.15411952551584673,0.6174178332383562,0.2697694197471878,full
Li2CaSi,full:X2=Li,0.1442627737619906,0.6265618668618076,0.2624993407507803,full
Li2CaSi,full:X2=Li,0.13449585583467355,0.6132196171424731,0.25834944341834276,full
Li2CaSi,full:X2=Li,0.12515582958053018,0.6084807497636161,0.2511371431484265,full
Li2CaSi,full:X2=Li,0.11594317693905513,0.6052440143022284,0.2459148306277542,full
Li2CaSi,full:X2=Li,0.10687054447865389,0.588260256550222,0.2322277262903253,full
Li2CaSi,full:X2=Li,0.09795107099414996,0.5821365925121942,0.2260843063816912,full
Li2CaSi,full:X2=Li,0.08919836680514887,0.5993531242050563,0.26534655376696104,full
Li2CaSi,full:X2=Li,0.08062648692180573,0.6123123338252809,0.29901556364467585,full
Li2CaSi,full:X2=Li,0.07261747654523654,0.606441706796042,0.29974372341585764,full
Li2CaSi,full:X2=Li,0.06445798922691845,0.6055965375160836,0.3202259038248727,full
Li2CaSi,full:X2=Li,0.05652372407910037,0.5974681392745358,0.3049528169244625,full
Li2CaSi,full:X2=Li,0.04844180355040453,0.5865001098617189,0.3144738993242615,full
Li2CaSi,full:X2=Li,0.04099769242349056,0.5830275365822368,0.3108423111985623,full
Li2CaSi,full:X2=Li,0.03342375548694973,0.5803233774002698,0.3126411311197963,full
Li2CaSi,full:X2=Li,0.025715383901340642,0.5773945047842518,0.3253270702557338,full
Li2CaSi,full:X2=Li,0.01870049866624337,0.5931424072185688,0.3135001042263065,full
Li2CaSi,full:X2=Li,0.01157044359727816,0.5645344952735301,0.28589438607044215,full
Li2CaSi,full:X2=Li,0.004321373782642578,0.5624583663047236,0.27727681161467566,full
Li2CaSi,full:X2=Li,-0.00261361560268669,0.5561412966251964,0.274220482403454,full
Li2CaSi,full:X2=Li,-0.009217308196862183,0.5520228753447998,0.26914981222477175,full
Li2CaSi,full:X2=Li,-0.01592296609716924,0.5657202494195681,0.26075068314207983,full
Li2CaSi,full:X2=Li,-0.022276394711152253,0.564348935624141,0.2634188670907003,full
Li2CaSi,full:X2=Li,-0.028724151261894745,0.5615533873389268,0.25913594891720493,full
Li2CaSi,full:X2=Li,-0.03526907894637064,0.5546060952364775,0.25795572337576467,full
Li2CaSi,full:X2=Li,-0.041436116778032536,0.5626576059337292,0.2682339985125817,full
Li2CaSi,full:X2=Li,-0.047691990337874794,0.5698924656541204,0.26782411399037154,full
Li2CaSi,full:X2=Li,-0.05354773498692691,0.5595897427152376,0.289283868789576,full
Li2CaSi,full:X2=Li,-0.059981844992336796,0.5583485548621396,0.2848560821642725,full
Li2CaSi,full:X2=Li,-0.06550154875643228,0.5535931284649773,0.2831053004235612,full
Li2CaSi,full:X2=Li,-0.07160414774328619,0.5493904733855554,0.30585434198023354,full
Li2CaSi,full:X2=Li,-0.07727454200674003,0.5501579770691059,0.31789319800144633,full
Li2CaSi,full:X2=Li,-0.0830199526796178,0.5442368654326333,0.307707696358952,full
Li2CaSi,full:X2=Li,-0.08830984124613889,0.5397708852833346,0.30900867316028047,full
Li2CaSi,full:X2=Li,-0.09420411963213146,0.5362413518959728,0.31151749020047315,full
Li2CaSi,full:X2=Li,-0.09963287134352969,0.5294148158361149,0.30704153848464644,full
Li2CaSi,full:X2=Li,-0.10457745396059209,0.5269402210149148,0.3052846084797377,full
Li2CaSi,full:X2=Li,-0.11013827874181155,0.5203757626447741,0.29548166260613384,full
Li2CaSi,full:X2=Li,-0.11520463605101904,0.5159928310730026,0.2874605838588983,full
Li2CaSi,full:X2=Li,-0.12033079436794646,0.5116525890950588,0.2795082412213973,full
Li2CaSi,full:X2=Li,-0.12551818230053352,0.5063198871725902,0.2823423348025278,full
Li2CaSi,full:X2=Li,-0.13076828026902382,0.5002683632883704,0.27835492670717377,full
Li2CaSi,full:X2=Li,-0.13548891894160814,0.4937518683942723,0.2747957099697691,full
Li2CaSi,full:X2=Li,-0.1402614338028531,0.4890620450155797,0.27893500153817585,full
Li2CaSi,full:X2=Li,-0.1456939581989194,0.48226790275129977,0.27440968413953626,full
Li2CaSi,full:X2=Li,-0.149966742310231,0.47799435866998613,0.3096482006547451,full
Li2CaSi,full:X2=Li,-0.1549019599857432,0.4737955384061825,0.30529593501314667,full
Li2CaSi,full:X2=Li,-0.15989390554324223,0.4883939454958802,0.3140575046790335,full
Li2CaSi,full:X2=Li,-0.1643094285075744,0.4875770762307044,0.31234334807143393,full
Li2CaSi,full:X2=Li,-0.16877030613293661,0.48398338854322526,0.3069451771969255,full
Li2CaSi,full:X2=Li,-0.17327747983100789,0.47873047914846845,0.3065559409969477,full
Li2CaSi,full:X2=Li,-0.1778319206319825,0.4760155772763524,0.3004217614847714,full
Li2CaSi,full:X2=Li,-0.1824346304402192,0.46617168047680224,0.29639079921686184,full
Li2CaSi,full:X2=Li,-0.18708664335714442,0.4627541175733574,0.2915677843101925,full
Li2CaSi,full:X2=Li,-0.1911141326401879,0.4571390085894617,0.3086131281133133,full
Li2CaSi,full:X2=Li,-0.19517932127883766,0.45421620714282096,0.3057873015313832,full
Li2CaSi,full:X2=Li,-0.19997064075586568,0.4525871305248812,0.3043541001499256,full
Li2CaSi,full:X2=Li,-0.2041199826559248,0.44795041497859034,0.316511293100601,full
Li2CaSi,full:X2=Li,-0.208309350979882,0.44237263581575426,0.32046047052475135,full
Li2CaSi,full:X2=Li,-0.21253952548158497,0.4387891602177003,0.33173952002174745,full
Li2CaSi,full:X2=Li,-0.21609642072726507,0.43581528195420316,0.3518293759438784,full
Li2CuSb,full:X2=Li,0.9623219727295845,0.8357535539222315,0.6209265594992666,full
Li2CuSb,full:X2=Li,0.9394693308435301,0.7859064585268034,0.5934421126439391,full
Li2CuSb,full:X2=Li,0.9177680024477564,0.7546897804179692,0.5677214543194531,full
Li2CuSb,full:X2=Li,0.8971870765801536,0.734440446265508,0.546779064752031,full
Li2CuSb,full:X2=Li,0.877544107715944,0.6958799142588031,0.526989530665435,full
Li2CuSb,full:X2=Li,0.8588378514285855,0.6549042545542362,0.5057671968273152,full
Li2CuSb,full:X2=Li,0.8409212001987717,0.6175273350153337,0.4817501120884724,full
Li2CuSb,full:X2=Li,0.8237349883987312,0.5864271956820262,0.44878816878139066,full
Li2CuSb,full:X2=Li,0.8071966607109473,0.5667173292206217,0.42328141947016296,full
Li2CuSb,full:X2=Li,0.7913397039651394,0.5562963731482305,0.4152454252198486,full
Li2CuSb,full:X2=Li,0.7760470711817798,0.5296664910308819,0.4031313675356944,full
Li2CuSb,full:X2=Li,0.7305138665586319,0.5296664910308819,0.4031313675356944,full
Li2CuSb,full:X2=Li,0.5650563988119622,0.5296664910308819,0.4031313675356944,full
Li2CuSb,full:X2=Li,0.7613263224214566,0.5103339172868551,0.4105638674826973,full
Li2CuSb,full:X2=Li,0.7471009313649862,0.4909361570537245,0.3944258427576916,full
Li2CuSb,full:X2=Li,0.7333577879255854,0.48277437919456295,0.37546459250272085,full
Li2CuSb,full:X2=Li,0.7199938263676039,0.4684860209580266,0.36594358063159876,full
Li2CuSb,full:X2=Li,0.7070589406275963,0.45223993681603114,0.37361515654585503,full
Li2CuSb,full:X2=Li,0.6946051989335688,0.4454224186942092,0.3667178526842349,full
Li2CuSb,full:X2=Li,0.6824158616773585,0.4362668797302843,0.3540376348715744,full
Li2CuSb,full:X2=Li,0.6706168864003256,0.4292166088551673,0.3381337049943818,full
Li2CuSb,full:X2=Li,0.6590600722409383,0.4062773994149386,0.34190717476278876,full
Li2CuSb,full:X2=Li,0.6478717653062325,0.3986697992082966,0.36298994545220203,full
Li2CuSb,full:X2=Li,0.6369891018122291,0.3981081829362951,0.35414225519244197,full
Li2CuSb,full:X2=Li,0.6263403673750424,0.399518669387672,0.34598398197803387,full
Li2CuSb,full:X2=Li,0.6160551949765861,0.3863577633910495,0.33772923429379553,full
Li2CuSb,full:X2=Li,0.6058435390580892,0.3691007451061966,0.3327260162495521,full
Li2CuSb,full:X2=Li,0.596047007545439,0.3603199994254602,0.3130933581148564,full
Li2CuSb,full:X2=Li,0.5863622233078657,0.3551283380270888,0.3069499382062223,full
Li2CuSb,full:X2=Li,0.5769169559652071,0.34444725635302215,0.28841350074136707,full
Li2CuSb,full:X2=Li,0.5677319625480691,0.33973920121409423,0.29330046625045914,full
Li2CuSb,full:X2=Li,0.5585885831081994,0.3624640079169239,0.28979451018452473,full
Li2CuSb,full:X2=Li,0.549738731264899,0.3645579506378633,0.2954055175134419,full
Li2CuSb,full:X2=Li,0.5410797677766288,0.34182018259233166,0.32442012892114847,full
Li2CuSb,full:X2=Li,0.5326270012288912,0.3241423594402993,0.30453964576160597,full
Li2CuSb,full:X2=Li,0.5242662687669788,0.3077672068012511,0.3132783387416972,full
Li2CuSb,full:X2=Li,0.5161385767170744,0.30627777651562943,0.30036823422426584,full
Li2CuSb,full:X2=Li,0.5081255360831992,0.30477448552181485,0.30077936892688417,full
Li2CuSb,full:X2=Li,0.5002364748256389,0.28141496229269347,0.31641951441198757,full
Li2CuSb,full:X2=Li,0.4924810101288767,0.27499809595933744,0.31712000402707663,full
Li2CuSb,full:X2=Li,0.4848690327204024,0.2716401688413139,0.34469440830341386,full
Li2CuSb,full:X2=Li,0.47741068790725155,0.2649485862930081,0.3437565898439575,full
Li2CuSb,full:X2=Li,0.470116353151004,0.22667112190378003,0.337119913451826,full
Li2CuSb,full:X2=Li,0.4629966120280561,0.2171675305824059,0.32906872610547977,full
Li2CuSb,full:X2=Li,0.455910240382743,0.223130517163602,0.32554970155342067,full
Li2CuSb,full:X2=Li,0.4488608456074407,0.21914728551800877,0.32142231990125725,full
Li2CuSb,full:X2=Li,0.44200915914095196,0.21618037142724256,0.32013461910707697,full
Li2CuSb,full:X2=Li,0.43536650661266124,0.1767912587313657,0.307826178002663,full
Li2CuSb,full:X2=Li,0.428620672671939,0.17822244522916697,0.29796036817882054,full
Li2CuSb,full:X2=Li,0.4220971631317103,0.15575894414495062,0.2805747099295871,full
Li2CuSb,full:X2=Li,0.41564097989615434,0.15298315180311406,0.2783073339083656,full
Li2CuSb,full:X2=Li,0.40925665203890965,0.1515763887699505,0.32015709845429907,full
Li2CuSb,full:X2=Li,0.40312052117581787,0.14209946477256918,0.30636100885398465,full
Li2CuSb,full:X2=Li,0.39689644914252387,0.1399685250825462,0.3129051629309848,full
Li2CuSb,full:X2=Li,0.3907585287387172,0.13784878320819782,0.27662786311711296,full
Li2CuSb,full:X2=Li,0.3848907965305542,0.13043957585923094,0.27417151185814403,full
Li2CuSb,full:X2=Li,0.3789426986134373,0.12669746457812203,0.26703419142130924,full
Li2CuSb,full:X2=Li,0.37309598707872704,0.12151027220109212,0.261785521867151,full
Li2CuSb,full:X2=Li,0.367355921026019,0.11795478780195445,0.2640035962517522,full
Li2CuSb,full:X2=Li,0.36172783601759284,0.11109759184759105,0.2847070178314193,full
Li2CuSb,full:X2=Li,0.35602585719312274,0.10435311787929302,0.25288169946269834,full
Li2CuSb,full:X2=Li,0.3504418565350612,0.10111901799993983,0.24421061129089683,full
Li2CuSb,full:X2=Li,0.34498141392725795,0.0969602463052861,0.2413044321376544,full
Li2CuSb,full:X2=Li,0.339650157613684,0.09404849689552153,0.23736767918029356,full
Li2CuSb,full:X2=Li,0.33425264233423074,0.08768732779302324,0.23116520704873167,full
Li2CuSb,full:X2=Li,0.32899085544942874,0.08135377433163216,0.22589878380930895,full
Li2CuSb,full:X2=Li,0.32387060654050903,0.07881774792588225,0.22181777970917316,full
Li2CuSb,full:X2=Li,0.3186892699477459,0.06433108296262224,0.2459736269113918,full
Li2CuSb,full:X2=Li,0.31365634661803143,0.0632027728585528,0.24277415792097734,full
Li2CuSb,full:X2=Li,0.30856441356123887,0.05804335271817107,0.2953819905822277,full
Li2CuSb,full:X2=Li,0.3036279763838898,0.055259859805223965,0.29372686515804436,full
Li2CuSb,full:X2=Li,0.29885307640970665,0.04654742318241034,0.28763207102929855,full
Li2CuSb,full:X2=Li,0.2940250940953227,0.04228372177104911,0.28170606457002967,full
Li2CuSb,full:X2=Li,0.2891428359323331,0.03849272949242011,0.27737724977090783,full
Li2CuSb,full:X2=Li,0.2844307338445195,0.04624000881397583,0.270792459118007,full
Li2CuSb,full:X2=Li,0.27966694404845555,0.06781923472516171,0.2642769990391177,full
Li2CuSb,full:X2=Li,0.2750808984568585,0.06871000133558425,0.2612572134779202,full
Li2CuSb,full:X2=Li,0.2704459080179626,0.06352798576099494,0.25677893878716596,full
Li2CuSb,full:X2=Li,0.2659963704950792,0.07696420516104219,0.24276069728694072,full
Li2CuSb,full:X2=Li,0.26150077319828013,0.09472049897153545,0.23860268333580836,full
Li2CuSb,full:X2=Li,0.25695815256093185,0.0910019447817354,0.23018468784026114,full
Li2CuSb,full:X2=Li,0.25261034056737297,0.08659638925036439,0.22525815184931353,full
Li2CuSb,full:X2=Li,0.24821856119007474,0.07662768328782699,0.22783656555866127,full
Li2EuPb,full:X2=Li,-0.5956795327782693,-0.029832113885164935,-0.03968805380430396,full
Li2InBi,full:X2=Li,0.1903316981702915,0.23615895590509584,0.1322820557002209,full
Li2InBi,full:X2=Li,-0.28399665636520083,-0.11593147283864247,0.1381870205288751,full
Li2TlBi,full:X2=Li,0.11607384466988696,-0.05850708079491418,0.09508460130146712,full
Li2TlBi,full:X2=Li,0.37291200297010657,-0.05850708079491418,0.09508460130146712,full
Li2TlBi,full:X2=Li,-0.2596373105057561,-0.32524975562072056,0.010372627121678413,full
Li2YbGe,full:X2=Li,0.31513031718360174,0.5157364009577694,0.4832064972257824,full
Li2YbGe,full:X2=Li,0.2944662261615929,0.4938966100453419,0.46051353861597716,full
Li2YbGe,full:X2=Li,0.2750808984568585,0.463072173923478,0.43173843270448603,full
Li2YbGe,full:X2=Li,0.2564772062416767,0.44146525830548533,0.43600599973918924,full
Li2YbGe,full:X2=Li,0.2390490931401915,0.40195311581815046,0.42220090495904344,full
Li2YbGe,full:X2=Li,0.22219604630171988,0.3826633810601099,0.3992273369329898,full
Li2YbGe,full:X2=Li,0.20601587676334454,0.3672767704188001,0.3788120739293486,full
Li2YbGe,full:X2=Li,0.19061179781360493,0.3553701310690225,0.3669506182201451,full
Li2YbGe,full:X2=Li,0.1758016328482795,0.3436393696680959,0.32685525042398866,full
Li2YbGe,full:X2=Li,0.16166741243773589,0.3356570014802149,0.3445047372664992,full
Li2YbGe,full:X2=Li,0.14798532068380513,0.30867291857404355,0.3311221980937,full
Li2YbGe,full:X2=Li,0.3197269583933243,0.30867291857404355,0.3311221980937,full
Li2YbGe,full:X2=Li,0.38094656704318736,0.30867291857404355,0.3311221980937,full
Li2YbGe,full:X2=Li,0.13449585583467355,0.32827588110411327,0.35477371082618314,full
Li2YbGe,full:X2=Li,0.12188798510368115,0.31260441682718254,0.34794911545390217,full
Li2YbGe,full:X2=Li,0.10957854690438666,0.30367315438333486,0.3265050991895344,full
Li2YbGe,full:X2=Li,0.09725730969341992,0.3124873927946388,0.3248183680941694,full
Li2YbGe,full:X2=Li,0.08564728829685654,0.3007814480268648,0.31405947573402093,full
Li2YbGe,full:X2=Li,0.07445071895459124,0.33481994453818686,0.30936006200472144,full
Li2YbGe,full:X2=Li,0.06370855939141737,0.3291359318291082,0.2977084587917449,full
Li2YbGe,full:X2=Li,0.05269394192496786,0.3012788847575474,0.2794942396065825,full
Li2YbGe,full:X2=Li,0.04257551244019059,0.29828989353676394,0.28234048190186667,full
Li2YbGe,full:X2=Li,0.03221570329798157,0.25646940903375226,0.2889560978609529,full
Li2YbGe,full:X2=Li,0.022428371185486493,0.24772260156618575,0.2800290517260746,full
Li2YbGe,full:X2=Li,0.012837224705172217,0.236225384531619,0.2708254246707964,full
Li2YbGe,full:X2=Li,0.003460532109506489,0.23236347750828223,0.2903855497361003,full
Li2YbGe,full:X2=Li,-0.005682847330363273,0.226492071563554,0.28811989311743935,full
Li2YbGe,full:X2=Li,-0.014573525916998339,0.22337477192985256,0.2787334108156776,full
Li2YbGe,full:X2=Li,-0.023191662661933767,0.2087115020080873,0.2725899909070435,full
Li2YbGe,full:X2=Li,-0.03198428600635821,0.22050630458356935,0.24816247263395586,full
Li2YbGe,full:X2=Li,-0.04000516167158381,0.2523579743136751,0.2545736264462334,full
Li2YbGe,full:X2=Li,-0.04817696468408802,0.24688928606970795,0.25621050147457747,full
Li2YbGe,full:X2=Li,-0.05650548409389743,0.2470407163543794,0.26499280046750306,full
Li2YbGe,full:X2=Li,-0.06449273417528721,0.23748744240989583,0.24641691179440195,full
Li2YbGe,full:X2=Li,-0.0721165896692931,0.2281614944169571,0.22096077939429448,full
Li2YbGe,full:X2=Li,-0.07935499859321243,0.21282800560490556,0.22096077939429448,full
Li2YbGe,full:X2=Li,-0.08671609823958155,0.2085795700064872,0.20982745064745,full
Li2YbGe,full:X2=Li,-0.09420411963213146,0.20039829845255464,0.21052792172389911,full
Li2YbGe,full:X2=Li,-0.10127481841050648,0.19500022567105313,0.227400329305674,full
Li2YbGe,full:X2=Li,-0.10846254232743553,0.19466964569387601,0.19922887824162105,full
Li2YbGe,full:X2=Li,-0.11520463605101904,0.1943072972219071,0.1899434403406749,full
Li2YbGe,full:X2=Li,-0.12205304837081175,0.1894496841816946,0.18868736230671812,full
Li2YbGe,full:X2=Li,-0.1290111862394247,0.1841924788416507,0.18196072909869232,full
Li2YbGe,full:X2=Li,-0.13548891894160814,0.17527903537140743,0.1741814505192042,full
Li2YbGe,full:X2=Li,-0.14206473528057098,0.17895074033202085,0.17306608967766712,full
Li2YbGe,full:X2=Li,-0.14813039927023372,0.17750179768449126,0.1689387080255037,full
Li2YbGe,full:X2=Li,-0.15428198203334137,0.17527231342657035,0.18331475987855195,full
Li2YbGe,full:X2=Li,-0.16052195262580163,0.20551328539366454,0.19453884413241307,full
Li2YbGe,full:X2=Li,-0.16685288808721482,0.20891995305095923,0.18467303430857074,full
Li2YbGe,full:X2=Li,-0.17263072694617473,0.19984735010575627,0.17059534698442003,full
Li2YbGe,full:X2=Li,-0.17848647159522685,0.19830849531579164,0.1683659758433469,full
Li2YbGe,full:X2=Li,-0.18442225167573273,0.19268144776943408,0.16633940736945507,full
Li2YbGe,full:X2=Li,-0.1897674820049159,0.1887008571463309,0.18911969110187488,full
Li2YbGe,full:X2=Li,-0.19586056766464957,0.18809842421206313,0.20633913407476911,full
Li2YbGe,full:X2=Li,-0.20134935455473107,0.1824555358220581,0.17100832797266785,full
Li2YbGe,full:X2=Li,-0.20690839982341983,0.16865568263438613,0.17165083640557655,full
Li2YbGe,full:X2=Li,-0.21183162885883233,0.14959194727802616,0.16741059815220571,full
Li2YbGe,full:X2=Li,-0.21752737583371382,0.1471878161415181,0.16261484513545843,full
Li2YbGe,full:X2=Li,-0.22257317761068865,0.14206651638325885,0.1608579151305497,full
Li2YbGe,full:X2=Li,-0.22767829327708025,0.14121733958939764,0.17855281581779103,full
Li2YbGe,full:X2=Li,-0.23284413391781958,0.13446194906861553,0.17887424367745486,full
Li2YbGe,full:X2=Li,-0.23807216157947098,0.12964688785548206,0.17983625941566173,full
Li2YbGe,full:X2=Li,-0.243363891754152,0.13021739989049097,0.17644811827749396,full
Li2YbGe,full:X2=Li,-0.2479515521805615,0.12631586529742378,0.17196381754122636,full
Li2YbGe,full:X2=Li,-0.25336580106242124,0.09670308911802628,0.16389392566400063,full
Li2YbGe,full:X2=Li,-0.2580609222708011,0.08991759297362545,0.15793406225632478,full
Li2YbGe,full:X2=Li,-0.2628073572952627,0.08636832632017044,0.16025484482193098,full
Li2YbGe,full:X2=Li,-0.26760624017703144,0.05609564160967362,0.18392094588943808,full
Li2YbGe,full:X2=Li,-0.27164621797877153,0.05151677486093964,0.18282086953361076,full
Li2YbGe,full:X2=Li,-0.2765443279648142,0.043307080138414,0.22655662637804652,full
Li2YbGe,full:X2=Li,-0.2814983111327257,0.0425577588673709,0.22506930822550808,full
Li2YbGe,full:X2=Li,-0.28567024025476695,0.03876163766173324,0.22943301621211654,full
Li2YbGe,full:X2=Li,-0.2898826348881837,0.04011152624058323,0.22549214795174044,full
Li2YbGe,full:X2=Li,-0.29413628771608075,0.029361406787685063,0.22356345109503772,full
Li2YbGe,full:X2=Li,-0.2984320149440726,0.02252602318481456,0.22064936918783895,full
Li2YbGe,full:X2=Li,-0.30277065724028246,0.022960565901280483,0.2155559161318863,full
Li2YbGe,full:X2=Li,-0.30715308072277,0.01811842674970099,0.2351270557576488,full
Li2YbGe,full:X2=Li,-0.3115801779972894,0.034672166658658465,0.23132093176757107,full
Li2YbGe,full:X2=Li,-0.31605286924848786,0.02956620982615854,0.22189198475079064,full
Li2YbGe,full:X2=Li,-0.3196644865854368,0.024989329067501287,0.21824464119929965,full
Li2YbGe,full:X2=Li,-0.324221658325915,0.02120261336760576,0.23300761171836448,full
Li2YbGe,full:X2=Li,-0.3279021420642826,0.016421767058083958,0.22923672738842282,full
Li2YbGe,full:X2=Li,-0.33254704711004607,0.013532016309835249,0.23008801570673398,full
LiAgSe,half:X=Li,0.43456890403419873,0.6426880090796514,0.7061365491880195,half
LiAgSe,half:X=Li,0.43456890403419873,0.6426880090796514,0.7061365491880195,half
LiAgTe,half:X=Li,0.5289167002776547,0.09652994063875231,0.4617754873572534,half
LiAgTe,half:X=Li,0.18184358794477254,0.09652994063875231,0.4617754873572534,half
LiAgTe,half:X=Li,0.20951501454263097,0.09652994063875231,0.4617754873572534,half
LiAgTe,half:X=Li,0.5289167002776547,0.09652994063875231,0.4617754873572534,half
LiAlGe,half:X=Li,0.7058637122839193,0.9597152557812414,0.7955268142725357,half
LiAlGe,half:X=Li,1.2174839442139063,0.9597152557812414,0.7955268142725357,half
LiAlGe,half:X=Li,0.8472641017707645,0.9597152557812414,0.7955268142725357,half
LiAlGe,half:X=Li,0.7058637122839193,0.9597152557812414,0.7955268142725357,half
LiAlGe,half:X=Li,1.1684002425295519,0.9597152557812414,0.7955268142725357,half
LiAlGe,half:X=Li,0.885361220031512,0.7760460086185386,0.721771906955295,half
LiAlGe,half:X=Li,0.885361220031512,0.7760460086185386,0.721771906955295,half
LiAlSi,half:X=Li,0.7708520116421442,0.7202260437264716,0.7516306218077915,half
LiAlSi,half:X=Li,1.320146286111054,0.7202260437264716,0.7516306218077915,half
LiAlSi,half:X=Li,0.7708520116421442,0.7202260437264716,0.7516306218077915,half
LiAlSi,half:X=Li,0.9628426812012424,0.5373168390766989,0.590683713702005,half
LiAlSi,half:X=Li,0.9628426812012424,0.5373168390766989,0.590683713702005,half
LiCaAs,half:X=Li,0.8380300829853201,1.0291958122018543,0.8221135625587566,half
LiCaAs,half:X=Li,0.8120438979302267,1.0174853278248075,0.7734483635331111,half
LiCaAs,half:X=Li,0.7877437716464667,0.9968367540344343,0.7511356621070291,half
LiCaAs,half:X=Li,0.7648483571934108,0.9744241133210256,0.7337387333230281,half
LiCaAs,half:X=Li,0.7431960814487013,0.9589621364858609,0.71651422826894,half
LiCaAs,half:X=Li,0.7227161674884948,0.9432349713325567,0.7017807097536258,half
LiCaAs,half:X=Li,0.7032053706954863,0.9276164041785034,0.6835079075781939,half
LiCaAs,half:X=Li,0.6846658640258609,0.9319975113985207,0.6726609944844273,half
LiCaAs,half:X=Li,0.6669857183296606,0.9109842281557401,0.6575863147012796,half
LiCaAs,half:X=Li,0.6500159524718385,0.9007506735474935,0.6427496097927613,half
LiCaAs,half:X=Li,0.6336704060514438,0.8805093406536789,0.6329244189122183,half
LiCaAs,half:X=Li,1.3044905277734877,0.8805093406536789,0.6329244189122183,half
LiCaAs,half:X=Li,0.631150115098592,0.8805093406536789,0.6329244189122183,half
LiCaAs,half:X=Li,1.3044905277734877,0.8805093406536789,0.6329244189122183,half
LiCaAs,half:X=Li,0.64812572155865,0.8805093406536789,0.6329244189122183,half
LiCaAs,half:X=Li,0.6180480967120927,0.8515084392578883,0.6186137463152463,half
LiCaAs,half:X=Li,0.6030360562505217,0.825900829079489,0.6177635680241625,half
LiCaAs,half:X=Li,0.58849580100721,0.8111015988942804,0.6105009960793533,half
LiCaAs,half:X=Li,0.5744942682853275,0.7977150721102284,0.59240256869039,half
LiCaAs,half:X=Li,0.5609820555862354,0.7787135072486032,0.5948326463526485,half
LiCaAs,half:X=Li,0.5478977175630971,0.7628069160980118,0.5879946559087621,half
LiCaAs,half:X=Li,0.5351674851149442,0.7383372300419733,0.5797210408312047,half
LiCaAs,half:X=Li,0.52283531366053,0.7210791299706535,0.5557070502918531,half
LiCaAs,half:X=Li,0.5109469486729727,0.7325439221774779,0.5469910559510069,half
LiCaAs,half:X=Li,0.49927458189221735,0.7199070715611307,0.5367861199409114,half
LiCaAs,half:X=Li,0.48798633112939344,0.709566769095742,0.5251349471096449,half
LiCaAs,half:X=Li,0.4769764657595271,0.6963042917831662,0.5187200424723759,half
LiCaAs,half:X=Li,0.46627432178929207,0.6934472848091238,0.5064607043992334,half
LiCaAs,half:X=Li,0.455910240382743,0.6812540425307616,0.4962854618968501,half
LiCaAs,half:X=Li,0.44575983648863104,0.6760185031892054,0.49107181548223433,half
LiCaAs,half:X=Li,0.4358443659844413,0.6583942808248792,0.48206343276705743,half
LiCaAs,half:X=Li,0.4260230156898761,0.6464520781230603,0.47022658958037744,half
LiCaAs,half:X=Li,0.41664050733828095,0.6352934497291958,0.46458271684442354,half
LiCaAs,half:X=Li,0.40739090447073156,0.6261410082969175,0.46066773666182986,half
LiCaAs,half:X=Li,0.3982873053574011,0.6244060673678316,0.46303526474200585,half
LiCaAs,half:X=Li,0.38934331125207794,0.6146233654235098,0.45234948251554474,half
LiCaAs,half:X=Li,0.3807537708039001,0.6145270864764839,0.443415463736549,half
LiCaAs,half:X=Li,0.372175286115064,0.5991935976644325,0.43353450970692703,half
LiCaAs,half:X=Li,0.3637999454791093,0.5952573982693363,0.43017467296763096,half
LiCaAs,half:X=Li,0.35564305022086895,0.5876441714918959,0.42662306113375853,half
LiCaAs,half:X=Li,0.3475251599986895,0.5817336156390364,0.4141987425635749,half
LiCaAs,half:X=Li,0.339650157613684,0.5579811735809332,0.4072778810199063,half
LiCaAs,half:X=Li,0.33203427702751803,0.5575535260698672,0.39633443164287624,half
LiCaAs,half:X=Li,0.3244882333076564,0.5332621781895015,0.3958914871506545,half
LiCaAs,half:X=Li,0.31701810104811157,0.5292785782950858,0.3936230246255477,half
LiCaAs,half:X=Li,0.3096301674258988,0.5205099437560368,0.38026350160695627,half
LiCaAs,half:X=Li,0.30233092868439926,0.5169069780477578,0.392722813298405,half
LiCaAs,half:X=Li,0.2953471483336179,0.5149127210397538,0.38896049349746825,half
LiCaAs,half:X=Li,0.28847280059978253,0.512637626712025,0.3867754162039611,half
LiCaAs,half:X=Li,0.2814878879400812,0.5016656790365228,0.3819732103484254,half
LiCaAs,half:X=Li,0.2748503200166648,0.495830427164169,0.3822851095418233,half
LiCaAs,half:X=Li,0.2681097298084783,0.48686226946962097,0.3449689116926941,half
LiCaAs,half:X=Li,0.26150077319828013,0.48444147958863215,0.34487009361005705,half
LiCaAs,half:X=Li,0.25527250510330607,0.4680416196751281,0.3728408766300424,half
LiCaAs,half:X=Li,0.24870873560091777,0.46377156534950253,0.3644402015875058,half
LiCaAs,half:X=Li,0.24254142829838424,0.4586479288189451,0.36230854140100466,half
LiCaAs,half:X=Li,0.23628527744802852,0.45055361004269073,0.34842182926805376,half
LiCaAs,half:X=Li,0.2304489213782739,0.4474802944567173,0.3462119853504904,half
LiCaAs,half:X=Li,0.2242740142942577,0.4286516934814853,0.34175771569507535,half
LiCaAs,half:X=Li,0.21853550521652784,0.423451947293119,0.34069054097082263,half
LiCaAs,half:X=Li,0.2127201544178423,0.41637825944085655,0.33345614238938814,half
LiCaAs,half:X=Li,0.20682587603184974,0.41091636219115674,0.32845668349486956,half
LiCaAs,half:X=Li,0.20112389720737955,0.4035269064168779,0.32182071627396625,half
LiCaAs,half:X=Li,0.19562294358693666,0.40079684079320216,0.3180199020276216,half
LiCaAs,half:X=Li,0.19005141775920598,0.39643734552310966,0.3145342669784855,half
LiCaAs,half:X=Li,0.1846914308175988,0.39252710726134005,0.31414252237784906,half
LiCaAs,half:X=Li,0.17926446433902535,0.37180969121536595,0.30676870542785406,half
LiCaAs,half:X=Li,0.17405980772502544,0.36420379453382673,0.30013158640174287,half
LiCaAs,half:X=Li,0.16879202031418183,0.36062777484102676,0.29731490516026016,half
LiCaAs,half:X=Li,0.16345955176999016,0.3556718444912769,0.3036315158800025,half
LiCaAs,half:X=Li,0.15836249209524964,0.3521980855904993,0.29942000978509387,half
LiCaAs,half:X=Li,0.15320490008428433,0.33056007013409144,0.2921305080068869,half
LiCaAs,half:X=Li,0.1482940974347457,0.32760466083963075,0.30198160880036873,half
LiCaAs,half:X=Li,0.14332712999204641,0.3218089075883236,0.2990273525293614,half
LiCaAs,half:X=Li,0.13861843389949247,0.3183526860733228,0.3079643631266934,half
LiCaAs,half:X=Li,0.13353890837021754,0.31351861372691137,0.30495341108717045,half
LiCaAs,half:X=Li,0.12872228433842678,0.3061979300742993,0.3006460563735588,half
LiCaAs,half:X=Li,0.12417805547467511,0.302310067561153,0.29727012839840905,half
LiCaAs,half:X=Li,0.1195857749617838,0.29751516818900114,0.2917165547142472,half
LiCaAs,half:X=Li,0.11494441571258467,0.29405551906028815,0.2877713136581673,half
LiCaAs,half:X=Li,0.110252917353403,0.28856323824000674,0.2822664405712888,half
LiCaAs,half:X=Li,0.10585067438514352,0.285049984303143,0.2899588483658717,half
LiCaAs,half:X=Li,0.10140335055533072,0.27879915338113115,0.28486172763389506,half
LiCaAs,half:X=Li,0.09691001300805642,0.3053112123063958,0.280356300789218,half
LiCaAs,half:X=Li,0.09236969962912069,0.30078196461258766,0.27854861772570416,half
LiCaSb,half:X=Li,1.416141031168329,0.7228596011132201,0.80110201874286,half
LiCaSb,half:X=Li,1.416141031168329,0.7228596011132201,0.80110201874286,half
LiCdAs,half:X=Li,1.2159018132040316,0.5834647212652424,0.7235068209920748,half
LiCdAs,half:X=Li,1.2172206556445186,0.5834647212652424,0.7235068209920748,half
LiCdAs,half:X=Li,1.2159018132040316,0.5834647212652424,0.7235068209920748,half
LiCdP,half:X=Li,1.3025473724874856,0.8751031117042187,0.7102681643070428,half
LiCdP,half:X=Li,1.3025473724874856,0.8751031117042187,0.7102681643070428,half
LiCdSb,half:X=Li,0.5453071164658241,0.5563302601725818,0.7294891334638912,half
LiCdSb,half:X=Li,0.5453071164658241,0.5563302601725818,0.7294891334638912,half
LiCuO,half:X=Li,0.9381743537923519,0.9201536031431877,0.8281536547503863,half
LiGaSi,half:X=Li,1.0366688103000967,0.8066177606364814,0.8209228288522402,half
LiInSi,half:X=Li,0.557507201905658,0.808827024362756,0.7059501931837756,half
LiInSi,half:X=Li,0.557507201905658,0.808827024362756,0.7059501931837756,half
LiMgAs,half:X=Li,1.1836968086346806,1.1581399158011751,1.0691692340253804,half
LiMgAs,half:X=Li,1.1548802447187618,1.1381961701966883,1.0328084456857411,half
LiMgAs,half:X=Li,1.1280760126687153,1.1168498719160032,1.0126077690196889,half
LiMgAs,half:X=Li,1.103050747435957,1.098231204371077,1.0072018093032256,half
LiMgAs,half:X=Li,1.079579166970131,1.0810597010599723,0.988669180331029,half
LiMgAs,half:X=Li,1.057475915826254,1.0696752486229124,0.9714189255655203,half
LiMgAs,half:X=Li,1.0365889767554044,1.0511662314701304,0.9532922451179064,half
LiMgAs,half:X=Li,1.0167827124868407,1.03194897078306,0.9401667810879399,half
LiMgAs,half:X=Li,0.9979540040694029,1.017000947256603,0.9222259339654489,half
LiMgAs,half:X=Li,0.9800033715837464,0.9988800908401116,0.8842553520001912,half
LiMgAs,half:X=Li,0.9628426812012424,0.9969229160670088,0.8739036252840992,half
LiMgAs,half:X=Li,1.3049211619008918,0.9969229160670088,0.8739036252840992,half
LiMgAs,half:X=Li,0.9840799171761272,0.9969229160670088,0.8739036252840992,half
LiMgAs,half:X=Li,1.3049211619008918,0.9969229160670088,0.8739036252840992,half
LiMgAs,half:X=Li,0.9719604826001014,0.9969229160670088,0.8739036252840992,half
LiMgAs,half:X=Li,0.982577257565262,0.9969229160670088,0.8739036252840992,half
LiMgAs,half:X=Li,0.9464522650130731,0.9696931027225675,0.8602489978868563,half
LiMgAs,half:X=Li,0.9306943876645354,0.9503743063660349,0.8610691154360092,half
LiMgAs,half:X=Li,0.9155581154115204,0.9402617562238192,0.8528546063536855,half
LiMgAs,half:X=Li,0.9009676239191243,0.9233119463957941,0.8485439438107956,half
LiMgAs,half:X=Li,0.8869417059834154,0.907586836969541,0.8512176704889665,half
LiMgAs,half:X=Li,0.8733787364091411,0.9004661626273603,0.841234327340875,half
LiMgAs,half:X=Li,0.8602780997522349,0.8823460737329127,0.8370824368027815,half
LiMgAs,half:X=Li,0.8475726591421122,0.8733943407028821,0.8286365556607275,half
LiMgAs,half:X=Li,0.8353100008690627,0.8622925846745404,0.8196417676868386,half
LiMgAs,half:X=Li,0.8233437908206486,0.8543224608597785,0.8089111734761391,half
LiMgAs,half:X=Li,0.8117760216029037,0.8447752926786505,0.8240683594774663,half
LiMgAs,half:X=Li,0.800510876894368,0.8354917514999655,0.8201010504017325,half
LiMgAs,half:X=Li,0.7895807121644255,0.8237677498793686,0.8082592293085326,half
LiMgAs,half:X=Li,0.7789467279686167,0.8126142982938965,0.8082886157402129,half
LiMgAs,half:X=Li,0.7685641095135735,0.8067203917802394,0.7998052712673963,half
LiMgAs,half:X=Li,0.7584576886104657,0.8015816923992961,0.7907968885522195,half
LiMgAs,half:X=Li,0.748575616930992,0.7854348707221368,0.7958345837108796,half
LiMgAs,half:X=Li,0.7389390312034796,0.7812140745182207,0.7864631499400665,half
LiMgAs,half:X=Li,0.7294887691795613,0.7770281447988899,0.7819373388385072,half
LiMgAs,half:X=Li,0.7203247174174418,0.7777413689164322,0.7846809786014661,half
LiMgAs,half:X=Li,0.7113009599161657,0.7658004643624746,0.7765570331505477,half
LiMgAs,half:X=Li,0.7025166974381506,0.7526903143021668,0.7673438409523541,half
LiMgAs,half:X=Li,0.6939027410660606,0.7358575401777363,0.7491074275998704,half
LiMgAs,half:X=Li,0.6853834098014874,0.73474820566027,0.7464135605609515,half
LiMgAs,half:X=Li,0.6771505212734328,0.7316433852238328,0.7428619487270789,half
LiMgAs,half:X=Li,0.6690378008851559,0.7086810646362978,0.7429620528141205,half
LiMgAs,half:X=Li,0.6610550848533787,0.7010116653851618,0.7183367625827408,half
LiMgAs,half:X=Li,0.653309012938479,0.6976101729613209,0.7005450314008764,half
LiMgAs,half:X=Li,0.6456187382426951,0.6901875870254455,0.700193015960803,half
LiMgAs,half:X=Li,0.6380897219845058,0.6828681966837542,0.6970223133093332,half
LiMgAs,half:X=Li,0.6307328928171965,0.6747165369583487,0.6801721574662817,half
LiMgAs,half:X=Li,0.6234560480699338,0.6656971808945733,0.6928313766433107,half
LiMgAs,half:X=Li,0.6162654052817081,0.6617112337422323,0.6873999728474569,half
LiMgAs,half:X=Li,0.6092741724045876,0.6587443196514661,0.6852148955539499,half
LiMgAs,half:X=Li,0.6023855901051052,0.6436160600250989,0.686061218198712,half
LiMgAs,half:X=Li,0.595606434865603,0.6423696002729685,0.6832428668533799,half
LiMgAs,half:X=Li,0.5889436427400149,0.6296390647346681,0.6699593071186827,half
LiMgAs,half:X=Li,0.5822906827189941,0.6267837443624824,0.6693624568108045,half
LiMgAs,half:X=Li,0.575880315680646,0.6253439805119565,0.6960109852958336,half
LiMgAs,half:X=Li,0.569490954348783,0.6147543345414521,0.6878048120634274,half
LiMgAs,half:X=Li,0.563243701140398,0.6042728331744807,0.6856731518769262,half
LiMgAs,half:X=Li,0.5570257223863831,0.6021530913001322,0.6709497152646993,half
LiMgAs,half:X=Li,0.5509617522981761,0.5961677202561027,0.674257450944335,half
LiMgAs,half:X=Li,0.5449357658815026,0.5913464511016879,0.6697873654012613,half
LiMgAs,half:X=Li,0.5389505620143614,0.5862230261424581,0.6686814118651176,half
LiMgAs,half:X=Li,0.5331362882786388,0.582833281508878,0.6603955053607995,half
LiMgAs,half:X=Li,0.5273720828276118,0.57394672044581,0.6555300159636913,half
LiMgAs,half:X=Li,0.5216610151120734,0.5644615343817931,0.6397114556501666,half
LiMgAs,half:X=Li,0.5161385767170744,0.5610647199524789,0.6373802694974757,half
LiMgAs,half:X=Li,0.5105450102066121,0.5554959143413694,0.6337427094868665,half
LiMgAs,half:X=Li,0.505014240084107,0.5525985187329642,0.6436447734492959,half
LiMgAs,half:X=Li,0.49968708261840383,0.5516506246273434,0.6383960292692379,half
LiMgAs,half:X=Li,0.4942937686653327,0.5453124674600198,0.6396351246052346,half
LiMgAs,half:X=Li,0.4891143693789194,0.5407413031422725,0.6317104780060333,half
LiMgAs,half:X=Li,0.4838724542226736,0.5349662575759859,0.6261123405642129,half
LiMgAs,half:X=Li,0.4787107555127593,0.5328379159472311,0.6219330789527939,half
LiMgAs,half:X=Li,0.47363292687384106,0.5266817834449732,0.6137658840148694,half
LiMgAs,half:X=Li,0.4686426683915113,0.5241534478777906,0.6111042732863898,half
LiMgAs,half:X=Li,0.46374372124705915,0.5160825337393451,0.6082508215776098,half
LiMgAs,half:X=Li,0.458788881710845,0.5122208226987273,0.6168975631192145,half
LiMgAs,half:X=Li,0.45392959205772865,0.5087774323006427,0.6117494983988394,half
LiMgAs,half:X=Li,0.44916973216520095,0.5016724507095569,0.6082278372926435,half
LiMgAs,half:X=Li,0.44451320633404295,0.4930236612779374,0.6055622343020841,half
LiMgAs,half:X=Li,0.43980621139333026,0.45862014248134153,0.6014851989563298,half
LiMgAs,half:X=Li,0.4352071032407476,0.4526770450462431,0.5980519728416726,half
LiMgAs,half:X=Li,0.43055876952275746,0.4472069611362397,0.5931788988043469,half
LiMgAs,half:X=Li,0.4260230156898761,0.4491412680266484,0.5864731459506264,half
LiMgAs,half:X=Li,0.42160392686983106,0.44487812744224314,0.582232514132494,half
LiMgAs,half:X=Li,0.41713940972732566,0.44038944085226994,0.577848146364793,half
LiMgAs,half:X=Li,0.4126285205443752,0.43621751118191854,0.5735545784384858,half
LiMgBi,half:X=Li,1.1978316933289028,0.5840183297078214,0.6793193627799229,half
LiMgBi,half:X=Li,1.1978316933289028,0.5840183297078214,0.6793193627799229,half
LiMgBi,half:X=Li,0.757828589274514,0.5840183297078214,0.6793193627799229,half
LiMgN,half:X=Li,1.5381840008582675,1.3184536775334306,1.1485368584709212,half
LiMgN,half:X=Li,1.5046203591177891,1.2935097709066647,1.1260495674530504,half
LiMgN,half:X=Li,1.4735453586747536,1.2733365373780807,1.1086434239132197,half
LiMgN,half:X=Li,1.4446692309385245,1.2509394069011806,1.0673683670517962,half
LiMgN,half:X=Li,1.41773733705707,1.2136000588431246,1.0555149382547027,half
LiMgN,half:X=Li,1.3925210899319322,1.1963013469488775,1.029046751092856,half
LiMgN,half:X=Li,1.3688445068258213,1.1802152970932438,1.0207482803342418,half
LiMgN,half:X=Li,1.3465290041018643,1.1604482848688031,1.008306630804968,half
LiMgN,half:X=Li,1.3254335583469468,1.109793195752247,0.9923655129834861,half
LiMgN,half:X=Li,1.3054588547786667,1.0704265795394798,0.9767601367400489,half
LiMgN,half:X=Li,1.2864789249307682,1.06221702483976,0.9615613805812637,half
LiMgN,half:X=Li,1.3255158070333217,1.06221702483976,0.9615613805812637,half
LiMgN,half:X=Li,1.324804940871345,1.06221702483976,0.9615613805812637,half
LiMgN,half:X=Li,1.2684141445765424,1.0565459684265348,0.9587322556955684,half
LiMgN,half:X=Li,1.2511513431753545,1.0559302704229976,0.9575723899890249,half
LiMgN,half:X=Li,1.2346691081889063,1.0583724043144265,0.941466555266689,half
LiMgN,half:X=Li,1.2188767150527566,1.03553762278946,0.9339930477382903,half
LiMgN,half:X=Li,1.2037126406077068,1.0347490715679752,0.931731601166626,half
LiMgN,half:X=Li,1.1891252069255285,1.0337118642421528,0.922917696739454,half
LiMgN,half:X=Li,1.175105740887016,1.019638067424335,0.9188468293525275,half
LiMgN,half:X=Li,1.1615476731257275,1.0093826002942352,0.9099618167481522,half
LiMgN,half:X=Li,1.148479258163154,1.0081700156733808,0.9037526981543119,half
LiMgN,half:X=Li,1.1358638137998698,0.9943436014228041,0.8939144153540803,half
LiMgN,half:X=Li,1.1236230047512743,0.9841217487423365,0.8922758074507038,half
LiMgN,half:X=Li,1.1117664330525623,0.9745562350532088,0.8828600624359301,half
LiMgN,half:X=Li,1.100267129357602,0.9556884244778062,0.8664101822589186,half
LiMgN,half:X=Li,1.0891276290442786,0.9583585279228504,0.8540366284837329,half
LiMgN,half:X=Li,1.0782755220866007,0.9481502540843958,0.8455701297256938,half
LiMgN,half:X=Li,1.0677030440400654,0.9488128211840308,0.8365617470105168,half
LiMgN,half:X=Li,1.0574378682129393,0.9722975711019679,0.8511384249477811,half
LiMgN,half:X=Li,1.0474306401555422,0.9867629435772656,0.8417511450869228,half
LiMgN,half:X=Li,1.0376654933508025,0.9766080363844069,0.8362940044160436,half
LiMgN,half:X=Li,1.02816441942447,0.9840047870633777,0.8359945580824727,half
LiMgN,half:X=Li,1.0188668631509068,0.9549988803680018,0.817122304178642,half
LiMgN,half:X=Li,1.0097482559485536,0.9547139067267019,0.8078652015442149,half
LiMgN,half:X=Li,1.000867721531227,0.9444200619818782,0.7893311794434381,half
LiMgN,half:X=Li,0.992199929795585,0.9412431199073396,0.7875202477424721,half
LiMgN,half:X=Li,0.9837164739137493,0.9327509717927972,0.7844378522969986,half
LiMgN,half:X=Li,0.9753858489894673,0.9179207999142858,0.7403050640251064,half
LiMgN,half:X=Li,0.9672202597829673,0.9279629707894153,0.7371627653045629,half
LiMgN,half:X=Li,0.9592322490509959,0.9217944787757079,0.7209214350614314,half
LiMgN,half:X=Li,0.951434665532013,0.9126555243562511,0.7209946941568475,half
LiMgN,half:X=Li,0.9437417658313138,0.909226587254712,0.7180180502968008,half
LiMgN,half:X=Li,0.9362120443202488,0.9017246736381225,0.7011678944537492,half
LiMgN,half:X=Li,0.9288053708932842,0.8952988833506008,0.7150183969344751,half
LiMgN,half:X=Li,0.9215304135012424,0.885812687049413,0.713555468154884,half
LiMgN,half:X=Li,0.9143960521297861,0.8707642184013625,0.7089879856610501,half
LiMgN,half:X=Li,0.9073576081311729,0.8658533183728362,0.710748058344929,half
LiMgN,half:X=Li,0.9004763713892568,0.8522629497031663,0.7064866841539433,half
LiMgN,half:X=Li,0.8937062930647135,0.8495856083032214,0.6968636709687315,half
LiMgN,half:X=Li,0.8869980456710993,0.840455765542417,0.7306133662561878,half
LiMgN,half:X=Li,0.8804705928037784,0.8293335049792767,0.7277647152735622,half
LiMgN,half:X=Li,0.8740177038621862,0.8235361050955865,0.7187107127466387,half
LiMgN,half:X=Li,0.8676442339030985,0.8185929327759972,0.7145599603397385,half
LiMgN,half:X=Li,0.8613551601932601,0.8126562985323068,0.7096022579308832,half
LiMgN,half:X=Li,0.8552161947333633,0.8018124552559222,0.7087502202410866,half
LiMgN,half:X=Li,0.8491121661845774,0.7981187898469608,0.7068725992713668,half
LiMgN,half:X=Li,0.8431081419996068,0.7901738899089188,0.7057798192581763,half
LiMgN,half:X=Li,0.8372095278012065,0.7877911941788724,0.7043896053148502,half
LiMgN,half:X=Li,0.8314218170650222,0.7825115119811352,0.6999468924785203,half
LiMgN,half:X=Li,0.8256857080217583,0.7774757732216188,0.6978832435430375,half
LiMgN,half:X=Li,0.8200043068083179,0.7709735638961993,0.7000817962329355,half
LiMgN,half:X=Li,0.8144473785224876,0.7679827347602075,0.6943468917419161,half
LiMgN,half:X=Li,0.8088858673598122,0.7595254805238334,0.7005547801716787,half
LiMgN,half:X=Li,0.8034571156484139,0.757433790915139,0.6771229741881264,half
LiMgN,half:X=Li,0.7980979320624859,0.7701543032873144,0.6694463269880445,half
LiMgN,half:X=Li,0.792811771248147,0.7652906546289355,0.6654479361015362,half
LiMgN,half:X=Li,0.7876021461823375,0.7623206469631199,0.6575428481243424,half
LiMgN,half:X=Li,0.7824009524965299,0.7563850651354186,0.6492550621233711,half
LiMgN,half:X=Li,0.7772817916710147,0.7357969539691195,0.6431749087011744,half
LiMgN,half:X=Li,0.7722483399718536,0.7307846336257056,0.6398802747232235,half
LiMgN,half:X=Li,0.7673043174532732,0.7282448820714202,0.636391167750453,half
LiMgN,half:X=Li,0.7623784293119641,0.7174369614163075,0.6369384782027165,half
LiMgN,half:X=Li,0.7574719477656681,0.713493368551485,0.6281437232752922,half
LiMgN,half:X=Li,0.752662943120972,0.7109767404132912,0.6233219185300467,half
LiMgN,half:X=Li,0.7478777058197901,0.7049647107593194,0.6269763711542731,half
LiMgN,half:X=Li,0.7431960814487013,0.7007530269902869,0.6221863287433114,half
LiMgN,half:X=Li,0.7385427409287852,0.6975114325918825,0.6175877077356634,half
LiMgN,half:X=Li,0.7339191510123909,0.6933587070760562,0.6362355832378646,half
LiMgN,half:X=Li,0.7294077969630681,0.6700997735148421,0.6570166450946808,half
LiMgN,half:X=Li,0.7249309141923979,0.6674247396874355,0.6688802567881817,half
LiMgN,half:X=Li,0.7204074008031086,0.6587536351266184,0.6639267096241779,half
LiMgN,half:X=Li,0.7160033436347992,0.6456976642674968,0.6631499756969946,half
LiMgP,half:X=Li,1.2019430634016501,1.0385016003756624,1.0739957407084506,half
LiMgP,half:X=Li,1.174815456482182,1.015733903499176,1.0313188904260842,half
LiMgP,half:X=Li,1.1495885677877444,0.9768125298706414,1.0129691515092232,half
LiMgP,half:X=Li,1.1260014567876744,0.9529392676547759,0.9730672734370976,half
LiMgP,half:X=Li,1.1038721084030556,0.9319341977583576,0.9542273347248886,half
LiMgP,half:X=Li,1.0829647937777516,0.909129747898848,0.938139035548901,half
LiMgP,half:X=Li,1.063183187967576,0.8996072587394726,0.9256467242805783,half
LiMgP,half:X=Li,1.044422155711843,0.8790463663198906,0.9124548364764167,half
LiMgP,half:X=Li,1.0265741181503345,0.8573063216860789,0.8961606535016631,half
LiMgP,half:X=Li,1.0094933882875399,0.8481352266645958,0.876276724498065,half
LiMgP,half:X=Li,0.9931716050307648,0.8187629609467616,0.8645615550564323,half
LiMgP,half:X=Li,1.299725153975637,0.8187629609467616,0.8645615550564323,half
LiMgP,half:X=Li,1.0008349965124956,0.8187629609467616,0.8645615550564323,half
LiMgP,half:X=Li,1.299725153975637,0.8187629609467616,0.8645615550564323,half
LiMgP,half:X=Li,1.027524921330944,0.8187629609467616,0.8645615550564323,half
LiMgP,half:X=Li,0.9775407059465349,0.8158352766121406,0.8543283303616467,half
LiMgP,half:X=Li,0.962511393507597,0.7967311832569034,0.843325492331147,half
LiMgP,half:X=Li,0.9480704815189411,0.7865609259756338,0.8358392625739661,half
LiMgP,half:X=Li,0.9340942683554804,0.7778875683591879,0.8330618487174323,half
LiMgP,half:X=Li,0.9206450014067876,0.760515086574191,0.8310003010223899,half
LiMgP,half:X=Li,0.9076263048432663,0.7531217210845759,0.8203636186939229,half
LiMgP,half:X=Li,0.8950355974523226,0.7490746289889794,0.8162779011239419,half
LiMgP,half:X=Li,0.8828659197216292,0.7286527374404863,0.8174613341736645,half
LiMgP,half:X=Li,0.8710472613054995,0.7206077669241664,0.8085251696066088,half
LiMgP,half:X=Li,0.8595585726260535,0.7025632516566722,0.7979454578748832,half
LiMgP,half:X=Li,0.8483738838446018,0.6922190059339728,0.7897822293858903,half
LiMgP,half:X=Li,0.8375253094496012,0.6766783937441957,0.7859539466532313,half
LiMgP,half:X=Li,0.8269166471849204,0.671821521324425,0.7696493249111253,half
LiMgP,half:X=Li,0.8166389448984614,0.6573207645138259,0.7638531922020021,half
LiMgP,half:X=Li,0.8065869343278029,0.6658516233348137,0.7554805208019745,half
LiMgP,half:X=Li,0.7967824117013078,0.6499520571552451,0.7464721380867976,half
LiMgP,half:X=Li,0.787176992470554,0.6413711240121632,0.7501428438407736,half
LiMgP,half:X=Li,0.7777891874348675,0.6292277008099322,0.7411322653725231,half
LiMgP,half:X=Li,0.7686381012476144,0.618565467136694,0.7361165397794578,half
LiMgP,half:X=Li,0.7597433675977251,0.6144080493493631,0.7358806164840034,half
LiMgP,half:X=Li,0.7509709844373188,0.6045581817600997,0.7237881155158988,half
LiMgP,half:X=Li,0.7424108805804925,0.5922580344186443,0.7145105514730002,half
LiMgP,half:X=Li,0.7339992865383869,0.5802480914752659,0.6962741381205165,half
LiMgP,half:X=Li,0.7257483329955482,0.5765419803788097,0.6937037388338191,half
LiMgP,half:X=Li,0.7176705030022621,0.5686030363764765,0.6903659037618877,half
LiMgP,half:X=Li,0.7097786018482253,0.5625734067500493,0.6470022519167853,half
LiMgP,half:X=Li,0.7019994748896369,0.5513998235054428,0.6210377437519676,half
LiMgP,half:X=Li,0.6944296909570831,0.5510858637014504,0.6009386459852353,half
LiMgP,half:X=Li,0.6869042695681774,0.5126120382723865,0.6010119050806513,half
LiMgP,half:X=Li,0.6795187436957894,0.507203334736031,0.5981697860347175,half
LiMgP,half:X=Li,0.6722826247889205,0.49659011532185504,0.5813196301916659,half
LiMgP,half:X=Li,0.6652056284346006,0.4898311718062047,0.5932465525809344,half
LiMgP,half:X=Li,0.6582022533870148,0.4869671889417688,0.587111050198782,half
LiMgP,half:X=Li,0.6513749439130432,0.48452571959616414,0.5847509374997312,half
LiMgP,half:X=Li,0.6446355037681529,0.47350547116599084,0.5859119894263248,half
LiMgP,half:X=Li,0.6379897807846853,0.4660380160006421,0.5797332557988789,half
LiMgP,half:X=Li,0.631443769013172,0.45523018615653016,0.5586087819009511,half
LiMgP,half:X=Li,0.6250036010148634,0.45273617164219876,0.5624238812087377,half
LiMgP,half:X=Li,0.6185710281201299,0.4465795617420953,0.5647621155029126,half
LiMgP,half:X=Li,0.6123599479677744,0.441817847550763,0.5567486960022576,half
LiMgP,half:X=Li,0.6061663146076205,0.43680796837274666,0.5546170358157565,half
LiMgP,half:X=Li,0.6001012556913907,0.4289560339715537,0.5542559407007763,half
LiMgP,half:X=Li,0.5941714791149121,0.4151188938850329,0.5578877346991311,half
LiMgP,half:X=Li,0.588159616383092,0.4101981988369063,0.5534647178631669,half
LiMgP,half:X=Li,0.5824042980190282,0.40497561584532676,0.5524030938261799,half
LiMgP,half:X=Li,0.5766868052009956,0.39794758687961435,0.5442372645460707,half
LiMgP,half:X=Li,0.571009672309305,0.39299314303833605,0.5409560471616923,half
LiMgP,half:X=Li,0.5653755027140737,0.38443962337683757,0.5413243943234494,half
LiMgP,half:X=Li,0.5599066250361125,0.38157266235365844,0.5438197439986805,half
LiMgP,half:X=Li,0.5543680009900877,0.37668099498707563,0.5381560666566412,half
LiMgP,half:X=Li,0.5490032620257879,0.3745241511739187,0.5382079138467568,half
LiMgP,half:X=Li,0.5436956323092448,0.36728866107361124,0.5147824695237166,half
LiMgP,half:X=Li,0.5384480517102173,0.3612553331508834,0.5160034981492811,half
LiMgP,half:X=Li,0.5332635167787149,0.3576989716982749,0.5127631343853283,half
LiMgP,half:X=Li,0.5281450782531064,0.35155455153608395,0.5059003000000712,half
LiMgP,half:X=Li,0.5230958382525678,0.3481969079724955,0.49756524470947944,half
LiMgP,half:X=Li,0.518118947143153,0.3422826949213323,0.4896413583245779,half
LiMgP,half:X=Li,0.5132176000679389,0.3409018892920466,0.4991879475051242,half
LiMgP,half:X=Li,0.5082603055123345,0.3352173821288507,0.4966135389849935,half
LiMgP,half:X=Li,0.5033820634737326,0.3316296923649442,0.5050385292800348,half
LiMgP,half:X=Li,0.49872397074790464,0.3229058058606501,0.4992394817962364,half
LiMgP,half:X=Li,0.49387611085282285,0.31567718332476613,0.4939944359248143,half
LiMgP,half:X=Li,0.4892551683692605,0.31160629280871865,0.49533472567714604,half
LiMgP,half:X=Li,0.48458452928284285,0.30715640805851974,0.4781989521568036,half
LiMgP,half:X=Li,0.48000694295715063,0.30594964019851945,0.47578163324651473,half
LiMgP,half:X=Li,0.47552591503928066,0.33827005443505864,0.46856979313570574,half
LiMgP,half:X=Li,0.47114496516063303,0.33503481756768994,0.47329946136987394,half
LiMgP,half:X=Li,0.46657107238635426,0.3314140294318468,0.4649376149923397,half
LiMgP,half:X=Li,0.46224821535499744,0.3308965573905287,0.46077626642903774,half
LiMgP,half:X=Li,0.4578818967339923,0.32669979520217396,0.4559631131128061,half
LiMgSb,half:X=Li,1.165244326125311,0.6636321644595297,0.5775707885929172,half
LiMgSb,half:X=Li,1.165244326125311,0.6636321644595297,0.5775707885929172,half
LiSiB,half:X=Li,1.04493154614916,0.92453885506219,0.7997807460425301,half
LiSiB,half:X=Li,1.7930916001765802,0.92453885506219,0.7997807460425301,half
LiSiB,half:X=Li,1.04493154614916,0.92453885506219,0.7997807460425301,half
LiSiB,half:X=Li,1.3701428470511021,0.7666915642387686,0.6408222173526067,half
LiSiB,half:X=Li,1.3701428470511021,0.7666915642387686,0.6408222173526067,half
LiZnAs,half:X=Li,0.9804578922761001,1.069075191814558,1.1091158215327939,half
LiZnAs,half:X=Li,0.9581814975649479,1.0484527541417392,1.060438152637428,half
LiZnAs,half:X=Li,0.9371165107670538,1.024631735681151,1.037006947329251,half
LiZnAs,half:X=Li,0.9171377527564443,1.004036745906185,1.017330274056489,half
LiZnAs,half:X=Li,0.8980666606416348,0.9851972176278523,0.9966296627736667,half
LiZnAs,half:X=Li,0.8798410559865626,0.9625648635606319,0.9783892206295803,half
LiZnAs,half:X=Li,0.8624295561060089,0.9437087466995719,0.9604488897170483,half
LiZnAs,half:X=Li,0.8457180179666587,0.9247881295054611,0.947392301567623,half
LiZnAs,half:X=Li,0.8296896408989711,0.9098523829887274,0.9325725820802059,half
LiZnAs,half:X=Li,0.8142475957319202,0.8873339967143397,0.9148483619351904,half
LiZnAs,half:X=Li,0.7993405494535817,0.8758480219902254,0.9041769253866984,half
LiZnAs,half:X=Li,1.1427022457376157,0.8758480219902254,0.9041769253866984,half
LiZnAs,half:X=Li,0.8690797487645523,0.8758480219902254,0.9041769253866984,half
LiZnAs,half:X=Li,1.1427022457376157,0.8758480219902254,0.9041769253866984,half
LiZnAs,half:X=Li,0.8008750997372466,0.8758480219902254,0.9041769253866984,half
LiZnAs,half:X=Li,0.7849737099544007,0.8608142940324057,0.891176343367557,half
LiZnAs,half:X=Li,0.7710727832211947,0.8343181846080427,0.8796044482161343,half
LiZnAs,half:X=Li,0.757623745908389,0.8357822508551804,0.8701669211445349,half
LiZnAs,half:X=Li,0.7446058754142388,0.825239424592778,0.865763696056106,half
LiZnAs,half:X=Li,0.7319914490189294,0.7977963107207251,0.8589656971796782,half
LiZnAs,half:X=Li,0.7197454925295766,0.789258915882356,0.8490722989415588,half
LiZnAs,half:X=Li,0.7079106657131059,0.7749708921281446,0.8490965290234074,half
LiZnAs,half:X=Li,0.696356388733332,0.7606699480474195,0.8549755392396718,half
LiZnAs,half:X=Li,0.6851144690465394,0.7522670300338451,0.8461015239761723,half
LiZnAs,half:X=Li,0.6741259827427082,0.7443120468007368,0.8355218122444468,half
LiZnAs,half:X=Li,0.6634182122526797,0.7262017903965805,0.8305380658110699,half
LiZnAs,half:X=Li,0.6530194510996133,0.718083386118158,0.8210567585641396,half
LiZnAs,half:X=Li,0.6428600525844915,0.7121496251815953,0.8066049132370284,half
LiZnAs,half:X=Li,0.6329631681672611,0.7089158683115805,0.8066986743794138,half
LiZnAs,half:X=Li,0.6232492903979004,0.6872583455329958,0.7917746730785652,half
LiZnAs,half:X=Li,0.6137361412618713,0.682124552744506,0.7827662903633882,half
LiZnAs,half:X=Li,0.6045500325712613,0.669002290484416,0.7925452031233796,half
LiZnAs,half:X=Li,0.5954962218255742,0.6568483348316076,0.783997426893803,half
LiZnAs,half:X=Li,0.5865873046717549,0.6488511464289604,0.7794789966388541,half
LiZnAs,half:X=Li,0.5778363412927441,0.6466072754038215,0.7821315917927676,half
LiZnAs,half:X=Li,0.5693739096150459,0.6353670576813786,0.765648906736758,half
LiZnAs,half:X=Li,0.5609820555862354,0.6227164748011847,0.7567006215470782,half
LiZnAs,half:X=Li,0.5527898501927819,0.6192642806058051,0.7384642081945945,half
LiZnAs,half:X=Li,0.5448119117577761,0.6553188127501153,0.7358174872185846,half
LiZnAs,half:X=Li,0.5369370227046736,0.649171105506676,0.7320087339918695,half
LiZnAs,half:X=Li,0.5291736032617229,0.6400547017398902,0.6883397529445818,half
LiZnAs,half:X=Li,0.521530341278711,0.6261233331643847,0.6632348354727655,half
LiZnAs,half:X=Li,0.5141491344754374,0.6230153295249792,0.6432873948976193,half
LiZnAs,half:X=Li,0.5067755366066433,0.6165873963337463,0.6429353794575459,half
LiZnAs,half:X=Li,0.49954962590514895,0.6120707312699615,0.639764676806076,half
LiZnAs,half:X=Li,0.4924810101288767,0.6022924368977437,0.6229145209630242,half
LiZnAs,half:X=Li,0.4855794769846787,0.5912632064603486,0.6348584657292593,half
LiZnAs,half:X=Li,0.4787107555127593,0.5886066807050444,0.6297399185081208,half
LiZnAs,half:X=Li,0.4718781993072906,0.5803961835985647,0.6273798058090702,half
LiZnAs,half:X=Li,0.4652340949880144,0.5747756131906714,0.6292053907794359,half
LiZnAs,half:X=Li,0.4586378490256493,0.5675930083022253,0.6282909265684332,half
LiZnAs,half:X=Li,0.4522465745204372,0.5564651839178969,0.616272060859695,half
LiZnAs,half:X=Li,0.44591541395112344,0.5703715565286576,0.614723449345971,half
LiZnAs,half:X=Li,0.43964842956347366,0.5620645806373918,0.6413719778310001,half
LiZnAs,half:X=Li,0.4334497937615961,0.5541877343157459,0.6330542046943012,half
LiZnAs,half:X=Li,0.42748610909578555,0.5481967611585268,0.6304030051220568,half
LiZnAs,half:X=Li,0.42143939022004967,0.5409697853566613,0.6263504231424575,half
LiZnAs,half:X=Li,0.41547416810923576,0.5354930929561359,0.629658158822093,half
LiZnAs,half:X=Li,0.4097641042663462,0.5318269242806668,0.6249056855430618,half
LiZnAs,half:X=Li,0.4039779636693548,0.5237444076353454,0.6238054726698039,half
LiZnAs,half:X=Li,0.3982873053574011,0.5204888201780487,0.6236482451087532,half
LiZnAs,half:X=Li,0.39269695325966575,0.5131179529817922,0.6203632633330243,half
LiZnAs,half:X=Li,0.3872118003137306,0.5088033115376749,0.5900308306140991,half
LiZnAs,half:X=Li,0.38165648258578694,0.4812942644285158,0.5905693950225734,half
LiZnAs,half:X=Li,0.37639444203726624,0.4777552851121686,0.5812580587897176,half
LiZnAs,half:X=Li,0.37106786227173627,0.47385997336809554,0.5954919978551485,half
LiZnAs,half:X=Li,0.36567514045591776,0.45957944779059945,0.590460519695317,half
LiZnAs,half:X=Li,0.3605934135652489,0.45430882837636855,0.591607835673229,half
LiZnAs,half:X=Li,0.3554515201265174,0.45012445591443256,0.5877180317602122,half
LiZnAs,half:X=Li,0.3504418565350612,0.44556555622909494,0.5839233822541757,half
LiZnAs,half:X=Li,0.3453737305590883,0.44036539359737753,0.5786690177722165,half
LiZnAs,half:X=Li,0.34044411484011833,0.4319674052012751,0.571362407877525,half
LiZnAs,half:X=Li,0.33545790068938425,0.43055054183942837,0.5687782758607911,half
LiZnAs,half:X=Li,0.33061666729443834,0.424995482238041,0.5659789004638789,half
LiZnAs,half:X=Li,0.32592595577146616,0.42142319893755253,0.5745927020929582,half
LiZnAs,half:X=Li,0.32118402730231416,0.4181866328410031,0.5658981556978115,half
LiZnAs,half:X=Li,0.31638975107319545,0.4118603567507999,0.5608616093513485,half
LiZnAs,half:X=Li,0.3119656603683663,0.40716255883952024,0.5580547845429009,half
LiZnAs,half:X=Li,0.307282047033346,0.4030602072973756,0.5533379723064695,half
LiZnAs,half:X=Li,0.30276370847298173,0.39916934101324525,0.5498431829719254,half
LiZnAs,half:X=Li,0.29819786710981516,0.3934848281270283,0.54101686034635,half
LiZnAs,half:X=Li,0.29380435991933673,0.39057992993849877,0.5379609363763521,half
LiZnAs,half:X=Li,0.2893659515200317,0.38654774337840797,0.5324485066880458,half
LiZnAs,half:X=Li,0.28510702956681194,0.38282676269006355,0.5281183196116472,half
LiZnAs,half:X=Li,0.2808059283936668,0.3791195813093608,0.5236232339338178,half
LiZnN,half:X=Li,1.448087666692341,1.3463508006950065,1.1700457809872724,half
LiZnN,half:X=Li,1.4207146874880314,1.3210777950000443,1.1567720345838826,half
LiZnN,half:X=Li,1.3950816511739457,1.3081583732662285,1.150187415975959,half
LiZnN,half:X=Li,1.3709939335147439,1.2888862437402295,1.1229131249732165,half
LiZnN,half:X=Li,1.348324337700387,1.2650864826305503,1.1285207406987965,half
LiZnN,half:X=Li,1.3269090789573479,1.2440973521455314,1.1079513636274945,half
LiZnN,half:X=Li,1.3066608765506302,1.2280996294213429,1.100784242967158,half
LiZnN,half:X=Li,1.2874209957598313,1.207615811616279,1.0880308842590554,half
LiZnN,half:X=Li,1.269139196792179,1.1899944403670513,1.0745087951179373,half
LiZnN,half:X=Li,1.251711204984457,1.1713400426384695,1.0624313353329504,half
LiZnN,half:X=Li,1.2350484378329918,1.1751705925338047,1.0554355150283683,half
LiZnN,half:X=Li,1.2402995820027125,1.1751705925338047,1.0554355150283683,half
LiZnN,half:X=Li,1.2097411640979479,1.1751705925338047,1.0554355150283683,half
LiZnN,half:X=Li,1.2402995820027125,1.1751705925338047,1.0554355150283683,half
LiZnN,half:X=Li,1.287217053759416,1.1751705925338047,1.0554355150283683,half
LiZnN,half:X=Li,1.2191390018598007,1.1269757505451303,1.0419353594666572,half
LiZnN,half:X=Li,1.203875623277334,1.109607300830149,1.0333006688723663,half
LiZnN,half:X=Li,1.1892094895823062,1.0982943445278255,1.0225811604537176,half
LiZnN,half:X=Li,1.175105740887016,1.0660581113690624,1.0191889050817364,half
LiZnN,half:X=Li,1.1615476731257275,1.0507168386670442,1.0112972507043878,half
LiZnN,half:X=Li,1.1484484035233837,1.0421101835206852,0.9961225115813381,half
LiZnN,half:X=Li,1.1358002833021112,1.0402216004543174,0.9921571502876723,half
LiZnN,half:X=Li,1.1235903326066734,1.0228454692295526,1.0025546982540843,half
LiZnN,half:X=Li,1.1117664330525623,1.0072820658848272,0.9961368410415496,half
LiZnN,half:X=Li,1.1003016040138538,0.9979284376683308,0.9866732765760144,half
LiZnN,half:X=Li,1.0891983668051488,0.9927700208429102,0.9821613830159951,half
LiZnN,half:X=Li,1.07838430874819,0.9814692407100664,0.972675331123946,half
LiZnN,half:X=Li,1.0679259496815219,0.9723337025947313,0.9595920383837375,half
LiZnN,half:X=Li,1.0577041315340296,0.9632933250112552,0.9565881682298618,half
LiZnN,half:X=Li,1.0477809247411964,0.9544407232386352,0.9418829549855079,half
LiZnN,half:X=Li,1.0381033103058979,0.9495382360763798,0.9328745722703313,half
LiZnN,half:X=Li,1.0286525736331185,0.9335952249591859,0.9536595471974872,half
LiZnN,half:X=Li,1.0194901629975077,0.9288963125124392,0.9385596308659256,half
LiZnN,half:X=Li,1.0105119627372137,0.9245247546970654,0.933138044294835,half
LiZnN,half:X=Li,1.0017337128090005,0.924581285088019,0.9328715359953874,half
LiZnN,half:X=Li,0.9931274851057101,0.8839949259998879,0.9139030506472463,half
LiZnN,half:X=Li,0.9847522781154134,0.8705355098726999,0.8810535436277858,half
LiZnN,half:X=Li,0.9765333803919378,0.8480839925513435,0.8628171302753018,half
LiZnN,half:X=Li,0.9685296443748396,0.8472389798870424,0.8607472208420525,half
LiZnN,half:X=Li,0.9606610072709818,0.844769517391269,0.8545685521761535,half
LiZnN,half:X=Li,0.9529376677509807,0.8209659404728176,0.8082561821697256,half
LiZnN,half:X=Li,0.9453700944903037,0.8147038269954909,0.8045340170604197,half
LiZnN,half:X=Li,0.9379690029514529,0.8106213242207206,0.789091476730851,half
LiZnN,half:X=Li,0.9306943876645354,0.8034013636860612,0.7879397628323986,half
LiZnN,half:X=Li,0.9235548580675493,0.7966577341400186,0.7849005429338525,half
LiZnN,half:X=Li,0.916559219301114,0.7965863580407015,0.768050387090801,half
LiZnN,half:X=Li,0.9096629851540181,0.7897723753122109,0.7722680192405234,half
LiZnN,half:X=Li,0.9028727854460794,0.7854575443299862,0.7699307055504511,half
LiZnN,half:X=Li,0.8962505624616381,0.7827213273194252,0.7651298441733554,half
LiZnN,half:X=Li,0.8896937914441853,0.767491531844778,0.7669531351855174,half
LiZnN,half:X=Li,0.883263859584974,0.7661032632784575,0.7649545489881484,half
LiZnN,half:X=Li,0.8769103113446272,0.7511648700291531,0.7542623038968618,half
LiZnN,half:X=Li,0.87069645798925,0.7485599641593219,0.748642054158274,half
LiZnN,half:X=Li,0.8645704068534302,0.7471202003087961,0.7458830157219638,half
LiZnN,half:X=Li,0.8585371975696391,0.7361804166695203,0.733638228921686,half
LiZnN,half:X=Li,0.8526019693382348,0.728197099335842,0.7303491106845247,half
LiZnN,half:X=Li,0.8467081454560067,0.7254494057654438,0.724978580215377,half
LiZnN,half:X=Li,0.8409212001987717,0.7201632082290289,0.7206620986231849,half
LiZnN,half:X=Li,0.835246539996311,0.7155085345907753,0.7161174097179002,half
LiZnN,half:X=Li,0.8296253533580494,0.7093119347541048,0.7150629820380212,half
LiZnN,half:X=Li,0.8241258339165489,0.7060819420769209,0.7139647362306885,half
LiZnN,half:X=Li,0.818621726375889,0.6971187686718915,0.7078080942763075,half
LiZnN,half:X=Li,0.8132473008976051,0.68864345465988,0.6771737103825514,half
LiZnN,half:X=Li,0.8079407212154993,0.6833232919527354,0.6766964485135878,half
LiZnN,half:X=Li,0.802705327074352,0.6770797992747372,0.6526326982950672,half
LiZnN,half:X=Li,0.7974752875373343,0.6738752723288355,0.6666747986321805,half
LiZnN,half:X=Li,0.7923916894982539,0.6660426613202105,0.6432952698424337,half
LiZnN,half:X=Li,0.7873187566245475,0.6591341319693907,0.6347302155605354,half
LiZnN,half:X=Li,0.782329268996837,0.6560281618125123,0.6297291909126569,half
LiZnN,half:X=Li,0.7774268223893114,0.650435662877585,0.618300845949031,half
LiZnN,half:X=Li,0.7725417326409435,0.6466920931881857,0.5991084532141475,half
LiZnN,half:X=Li,0.7677493673455799,0.6357779608980245,0.5928741995468789,half
LiZnN,half:X=Li,0.7629784908677429,0.6335345658566038,0.5896177698091241,half
LiZnN,half:X=Li,0.7583061817253068,0.627272558216154,0.5663849638650282,half
LiZnN,half:X=Li,0.7536596472859987,0.623419677622072,0.567003754896474,half
LiZnN,half:X=Li,0.7490402687034572,0.6198014942996026,0.5561480507291128,half
LiZnN,half:X=Li,0.7445276734725665,0.6134665882208875,0.5510238183410804,half
LiZnN,half:X=Li,0.7400467240514941,0.6093951642600641,0.554373052921747,half
LiZnN,half:X=Li,0.7355988996981799,0.6174887746301571,0.5421253441376046,half
LiZnN,half:X=Li,0.7311857076340004,0.6071950492196577,0.5368161778952992,half
LiZnN,half:X=Li,0.726808682524964,0.596807016271614,0.535393262927506,half
LiZnN,half:X=Li,0.7225516620009584,0.5924810149365501,0.5396015114379784,half
LiZnN,half:X=Li,0.7182525000977505,0.5853083582862856,0.5520644935378232,half
LiZnN,half:X=Li,0.714078164981856,0.5762067887698842,0.5473470733353816,half
LiZnN,half:X=Li,0.7098633174403992,0.5677270470625672,0.5380950342081503,half
LiZnP,half:X=Li,1.120508124026104,1.1748019687412676,1.1195248977580503,half
LiZnP,half:X=Li,1.0943662983361344,1.1500649770840892,1.0516878782031853,half
LiZnP,half:X=Li,1.0698530211136246,1.1290116821888274,1.0327823488177492,half
LiZnP,half:X=Li,1.0467682196608383,1.1055036272602607,1.0087883057874985,half
LiZnP,half:X=Li,1.0249369680374436,1.0819553658043894,0.9892325009512519,half
LiZnP,half:X=Li,1.0042353663594674,1.0602696910567047,0.9726434389453448,half
LiZnP,half:X=Li,0.9845723156216323,1.0461685854663667,0.953053453978048,half
LiZnP,half:X=Li,0.9658129530366031,1.0277480610327538,0.9410240445889,half
LiZnP,half:X=Li,0.9479236198317263,1.0393274428114343,0.920993737379315,half
LiZnP,half:X=Li,0.9307962629833002,1.029472029542151,0.9009868893780801,half
LiZnP,half:X=Li,0.9143431571194408,1.0159778916651383,0.8853582476647426,half
LiZnP,half:X=Li,0.9876662649262746,1.0159778916651383,0.8853582476647426,half
LiZnP,half:X=Li,1.1119803547477807,1.0159778916651383,0.8853582476647426,half
LiZnP,half:X=Li,0.9876662649262746,1.0159778916651383,0.8853582476647426,half
LiZnP,half:X=Li,1.0202548923335295,1.0159778916651383,0.8853582476647426,half
LiZnP,half:X=Li,0.8985606449397121,0.9981334845612669,0.8729412369732269,half
LiZnP,half:X=Li,0.8833774897483389,0.9748493156768762,0.8656719979136401,half
LiZnP,half:X=Li,0.8687619582120503,0.9603872601915604,0.8508284236556962,half
LiZnP,half:X=Li,0.8546703318953354,0.9475083234476955,0.8473606885582261,half
LiZnP,half:X=Li,0.8409838373203778,0.9223295111304011,0.8398178020408543,half
LiZnP,half:X=Li,0.8278214276828022,0.9154660986947005,0.8292364040471505,half
LiZnP,half:X=Li,0.8150461760646306,0.910409499429472,0.8263718649193872,half
LiZnP,half:X=Li,0.8026369180828106,0.8916190308589823,0.8308206654173484,half
LiZnP,half:X=Li,0.7906369619317033,0.8785354176529901,0.824402808204814,half
LiZnP,half:X=Li,0.7789467279686167,0.8701675731567085,0.814143353036777,half
LiZnP,half:X=Li,0.7676010680503355,0.8597169621391927,0.8067457473712862,half
LiZnP,half:X=Li,0.7565600430066829,0.8530637007076967,0.7974435433642487,half
LiZnP,half:X=Li,0.7458551951737289,0.8372804566102119,0.7830212114503328,half
LiZnP,half:X=Li,0.7353593330017107,0.8295750506268461,0.7770501289553163,half
LiZnP,half:X=Li,0.725094521081469,0.8146010527140763,0.7623449157109627,half
LiZnP,half:X=Li,0.7151673578484579,0.8096244011244015,0.7533365329957857,half
LiZnP,half:X=Li,0.7054360465852505,0.7965657738029913,0.7724239981472727,half
LiZnP,half:X=Li,0.6959192528314,0.7920480659052331,0.7631868783843063,half
LiZnP,half:X=Li,0.6866362692622934,0.7841015528619207,0.7587308589419299,half
LiZnP,half:X=Li,0.6775157047987576,0.7835749090891135,0.7584787216487193,half
LiZnP,half:X=Li,0.6686654154544921,0.7718363439537622,0.7463862206806148,half
LiZnP,half:X=Li,0.6599162000698503,0.7575611603853469,0.7373735636462297,half
LiZnP,half:X=Li,0.6513749439130432,0.7506746307653163,0.7191371502937461,half
LiZnP,half:X=Li,0.643057683751453,0.7398418953451593,0.7170672408604968,half
LiZnP,half:X=Li,0.6348801407665262,0.7389213574977123,0.7128021984560213,half
LiZnP,half:X=Li,0.6268534146667257,0.7291208644154744,0.6693536108160334,half
LiZnP,half:X=Li,0.6188844849954505,0.7207164179726568,0.6431930434254949,half
LiZnP,half:X=Li,0.6111920608684343,0.7161283013742216,0.6233360173159124,half
LiZnP,half:X=Li,0.6035773681514668,0.7122111005208379,0.6228359531627436,half
LiZnP,half:X=Li,0.5961570809161724,0.7024034718983235,0.6201028927922209,half
LiZnP,half:X=Li,0.5888317255942073,0.6942591610811663,0.6032527369491691,half
LiZnP,half:X=Li,0.5816083660320575,0.6910805044823284,0.6152453262982515,half
LiZnP,half:X=Li,0.5744942682853275,0.6841770105931958,0.6095393433102616,half
LiZnP,half:X=Li,0.5674968911042226,0.6768950047785293,0.6071792306112109,half
LiZnP,half:X=Li,0.5606238745499299,0.6710445196597719,0.6086780414814594,half
LiZnP,half:X=Li,0.5538830266438743,0.6687640690969756,0.6078364140533248,half
LiZnP,half:X=Li,0.5472823079633032,0.6865339837162392,0.5958175483445864,half
LiZnP,half:X=Li,0.5408298141110799,0.7046575479459833,0.5925534360986446,half
LiZnP,half:X=Li,0.5342800052050815,0.7018234216525558,0.6243888498604739,half
LiZnP,half:X=Li,0.5280163411892015,0.6912650786411503,0.6159396995849586,half
LiZnP,half:X=Li,0.5217916496391234,0.6859969932992712,0.612537126885009,half
LiZnP,half:X=Li,0.5156089492344803,0.6808101987593708,0.6112900355754396,half
LiZnP,half:X=Li,0.5094713521025486,0.6761039353147549,0.614927154200237,half
LiZnP,half:X=Li,0.5035183127240748,0.6708155238947395,0.6103155824836767,half
LiZnP,half:X=Li,0.4976206497812877,0.6677052745134524,0.6092611548037978,half
LiZnP,half:X=Li,0.49178177558416575,0.6605382133533175,0.6085032186926276,half
LiZnP,half:X=Li,0.4861469968065727,0.651183559411211,0.6057176976017247,half
LiZnP,half:X=Li,0.48043814717781713,0.6475241564629045,0.574827608845294,half
LiZnP,half:X=Li,0.4747988188006312,0.644511066703523,0.5746616858359235,half
LiZnP,half:X=Li,0.46938013584992516,0.6390705308157967,0.5507943947797365,half
LiZnP,half:X=Li,0.4638929889859073,0.6355417676162768,0.555383395467232,half
LiZnP,half:X=Li,0.45848676379820685,0.6295559452188282,0.5320038666774861,half
LiZnP,half:X=Li,0.4531653925258572,0.622946707024313,0.5332837135548358,half
LiZnP,half:X=Li,0.44793286559218026,0.6205306968289663,0.5282892933072426,half
LiZnP,half:X=Li,0.4427932259397691,0.6135020849639526,0.5356035113775441,half
LiZnP,half:X=Li,0.437750562820388,0.6087795435462955,0.5156846677161546,half
LiZnP,half:X=Li,0.43264866001310676,0.603053253277066,0.5090298435453923,half
LiZnP,half:X=Li,0.42764837118693266,0.5996732303457358,0.5082565552753181,half
LiZnP,half:X=Li,0.4227539413013482,0.5940516217202484,0.5049224640235584,half
LiZnP,half:X=Li,0.41780372263988097,0.5903492501529849,0.5033350254455426,half
LiZnP,half:X=Li,0.4129642719966628,0.5856243556470637,0.4959007435164037,half
LiZnP,half:X=Li,0.4082399653118496,0.5811048197091405,0.4904767273746369,half
LiZnP,half:X=Li,0.4034637013453175,0.5801225417289468,0.48671940001176256,half
LiZnP,half:X=Li,0.3988077302032645,0.5757974065567913,0.4647413469170743,half
LiZnP,half:X=Li,0.39427652676782143,0.5718067916993729,0.4616994674952955,half
LiZnP,half:X=Li,0.3896975482063857,0.5659887156515835,0.45264046892676124,half
LiZnP,half:X=Li,0.38506977633193473,0.5623967506991682,0.44560261917584126,half
LiZnP,half:X=Li,0.3805730030668873,0.553595898917906,0.437394943092139,half
LiZnP,half:X=Li,0.3762118502826728,0.5501020644444755,0.4329411075520121,half
LiZnP,half:X=Li,0.3718064585074159,0.54578887037724,0.4309603583491691,half
LiZnSb,half:X=Li,0.6821450763738317,0.9105832461766443,0.7804015008343164,half
LiZnSb,half:X=Li,0.8088858673598122,0.9105832461766443,0.7804015008343164,half
LiZnSb,half:X=Li,0.6821450763738317,0.9105832461766443,0.7804015008343164,half
LiZnSb,half:X=Li,0.5751878449276611,0.7245893680885137,0.6437228083257832,half
LiZnSb,half:X=Li,0.5751878449276611,0.7245893680885137,0.6437228083257832,half
LuBiPd,half:X=Lu,0.7596678446896304,0.8464940926177628,0.8252422141783716,half
LuBiPd,half:X=Lu,0.7596678446896304,0.8464940926177628,0.8252422141783716,half
LuBiPt,half:X=Lu,0.7611758131557314,0.8420511508534378,0.8436771256633967,half
LuBiPt,half:X=Lu,0.7611758131557314,0.8420511508534378,0.8436771256633967,half
LuNiBi,half:X=Lu,0.9925535178321356,1.067938326241038,1.0622661105647007,half
LuNiBi,half:X=Lu,0.9925535178321356,1.067938326241038,1.0622661105647007,half
LuNiSb,half:X=Lu,0.9986951583116558,1.0334293460470305,1.0157785514789834,half
LuNiSb,half:X=Lu,0.9986951583116558,1.0334293460470305,1.0157785514789834,half
LuNiSb,half:X=Lu,1.0941856862630976,1.0334293460470305,1.0157785514789834,half
LuSbPt,half:X=Lu,0.8075350280688532,0.8511666580290074,0.8072238827813358,half
LuSbPt,half:X=Lu,0.8075350280688532,0.8511666580290074,0.8072238827813358,half
LuSnAu,half:X=Lu,0.6739419986340878,0.6288209638514213,0.6753142475498859,half
LuSnAu,half:X=Lu,0.6739419986340878,0.6288209638514213,0.6753142475498859,half
MgCuSb,half:X=Mg,0.5658478186735176,1.1877974499852482,1.1837330639859547,half
MgCuSb,half:X=Mg,0.5658478186735176,1.1877974499852482,1.1837330639859547,half
MgScGa,half:X=Mg,0.5888317255942073,1.0043888077215448,1.0385094914262374,half
MgScGa,half:X=Mg,0.5888317255942073,1.0043888077215448,1.0385094914262374,half
MnGaPt,half:X=Mn,0.367355921026019,1.2477705287731335,1.2249294735068077,half
MnGaPt,half:X=Mn,0.367355921026019,1.2477705287731335,1.2249294735068077,half
MnNiB,half:X=Mn,1.5384606215567298,1.476355220556632,1.430907453621439,half
MoOsPb,half:X=Mo,1.2223001811737937,0.7881248718835255,,half
Na2AgBi,full:X2=Na,-0.1549019599857432,-0.0026315247629431493,0.0803107243375284,full
Na2AgBi,full:X2=Na,-0.5228787452803376,-0.3836516588835204,-0.35531725850642504,full
Na2AgSb,full:X2=Na,-0.045757490560675115,0.15118101223661418,0.1464290398112672,full
Na2AgSb,full:X2=Na,-0.3979400086720376,-0.2245326861998438,-0.3259024768124257,full
NaAgO,half:X=Na,0.6464363706084537,0.5776816713133784,0.8031440019125112,half
NaAgO,half:X=Na,0.6559032530366355,0.5776816713133784,0.8031440019125112,half
NaBeP,half:X=Na,0.6106601630898799,0.9867202328497033,0.9883126948031877,half
NaBeSb,half:X=Na,0.5587085705331657,0.8028746485682146,0.8878416758277371,half
NaBeSb,half:X=Na,0.5587085705331657,0.8028746485682146,0.8878416758277371,half
NaBeSb,half:X=Na,0.7673661324837032,0.8028746485682146,0.8878416758277371,half
NaCaAs,half:X=Na,1.024895960107485,0.8153196662497633,0.8221300566196575,half
NaCaAs,half:X=Na,1.003762020828246,0.7935835393113109,0.8012078016582241,half
NaCaAs,half:X=Na,0.9836262871245346,0.7699466806395798,0.7837211227635751,half
NaCaAs,half:X=Na,0.9644010711627313,0.7420037629057659,0.7609893188691558,half
NaCaAs,half:X=Na,0.9460098847657649,0.7297414041059862,0.7393596837797485,half
NaCaAs,half:X=Na,0.9283958522567138,0.7076432713627453,0.7209118212691192,half
NaCaAs,half:X=Na,0.9114772171061024,0.6831515951871738,0.6886698817186805,half
NaCaAs,half:X=Na,0.8952014747788932,0.6646791906954035,0.6660153607447139,half
NaCaAs,half:X=Na,0.8795546009389744,0.6441355085555356,0.654151514330761,half
NaCaAs,half:X=Na,0.8643924051505887,0.6329532176306274,0.6428724664683201,half
NaCaAs,half:X=Na,0.8497878242376855,0.620873076559223,0.6380194847800279,half
NaCaAs,half:X=Na,0.8790958795000727,0.620873076559223,0.6380194847800279,half
NaCaAs,half:X=Na,0.8128980558446545,0.620873076559223,0.6380194847800279,half
NaCaAs,half:X=Na,0.8790958795000727,0.620873076559223,0.6380194847800279,half
NaCaAs,half:X=Na,0.8621612062064868,0.620873076559223,0.6380194847800279,half
NaCaAs,half:X=Na,0.8356905714924255,0.6007554136404148,0.6172504497689841,half
NaCaAs,half:X=Na,0.8219718176420427,0.5859682981976626,0.602267485461819,half
NaCaAs,half:X=Na,0.8087509723495947,0.5773566040724751,0.5930280538163666,half
NaCaAs,half:X=Na,0.7958800173440752,0.5573704170715901,0.5814624886986861,half
NaCaAs,half:X=Na,0.7834032811225635,0.5494351611545526,0.5545735247210867,half
NaCaAs,half:X=Na,0.7712199019495336,0.5208788347615787,0.5499987045700454,half
NaCaAs,half:X=Na,0.7594411971336976,0.4963854765422822,0.5349995653573443,half
NaCaAs,half:X=Na,0.7479553069067298,0.4868457346386,0.5200082450566137,half
NaCaAs,half:X=Na,0.7367947549243606,0.49112980429506353,0.5119147906107495,half
NaCaAs,half:X=Na,0.7258299903205803,0.46957848328226104,0.5026082415311584,half
NaCaAs,half:X=Na,0.7151673578484579,0.4630910418985412,0.4926028353144859,half
NaCaAs,half:X=Na,0.7048366062114036,0.4527529927636081,0.4843921291396421,half
NaCaAs,half:X=Na,0.694692926331484,0.4366556662875502,0.4702259071526654,half
NaCaAs,half:X=Na,0.684755622108624,0.4241245115860235,0.467482845080684,half
NaCaAs,half:X=Na,0.6750447359558928,0.41254683777079765,0.44932031184870874,half
NaCaAs,half:X=Na,0.6655809910179531,0.39964441535418505,0.44283296556157153,half
NaCaAs,half:X=Na,0.6562899011913597,0.3852056424758982,0.43535752188017723,half
NaCaAs,half:X=Na,0.6471872978959895,0.3710208247445497,0.4284753119348043,half
NaCaAs,half:X=Na,0.6382895354142569,0.36789621599193567,0.443364045128797,half
NaCaAs,half:X=Na,0.6296134453781831,0.3757861364565703,0.444847967736112,half
NaCaAs,half:X=Na,0.6210723711436259,0.34071533354499356,0.42588727349677913,half
NaCaAs,half:X=Na,0.6126779183165018,0.3385365628978221,0.4150368307389294,half
NaCaAs,half:X=Na,0.6044420662607232,0.32886937151878487,0.40677025570111064,half
NaCaAs,half:X=Na,0.5963771439975991,0.32685659590591704,0.39809832333749634,half
NaCaAs,half:X=Na,0.58849580100721,0.3151307027169605,0.3966488532764367,half
NaCaAs,half:X=Na,0.5806969397124367,0.3037792447334484,0.3842120829987786,half
NaCaAs,half:X=Na,0.5729877081982051,0.29998641788523184,0.37753240852419373,half
NaCaAs,half:X=Na,0.5654936298688624,0.2958058008485176,0.3739341252284029,half
NaCaAs,half:X=Na,0.5581083016305497,0.2863205295299216,0.36882416467847573,half
NaCaAs,half:X=Na,0.5508396050657851,0.28290288226768134,0.36356114576676657,half
NaCaAs,half:X=Na,0.5436956323092448,0.2689860351984831,0.350256970459713,half
NaCaAs,half:X=Na,0.5366846726209301,0.2617167286179799,0.3431431509415203,half
NaCaAs,half:X=Na,0.5298151966446303,0.24777429774451976,0.3384864936325914,half
NaCaAs,half:X=Na,0.5229655954919865,0.247629751106616,0.3336978738813783,half
NaCaAs,half:X=Na,0.5162708827293401,0.24272090838041982,0.3275246450126021,half
NaCaAs,half:X=Na,0.5097400155703823,0.2339557144542057,0.32304085640853386,half
NaCaAs,half:X=Na,0.5032457714651127,0.231214372785714,0.3088786948081676,half
NaCaAs,half:X=Na,0.4967913157000424,0.22373849562856551,0.3059034247120238,half
NaCaAs,half:X=Na,0.4905203093633487,0.2205446728895274,0.3009411335286297,half
NaCaAs,half:X=Na,0.48429983934678583,0.21425000872655608,0.29938276525525537,half
NaCaAs,half:X=Na,0.47813342810051757,0.2090577001601439,0.27972771037426114,half
NaCaAs,half:X=Na,0.47217114669236326,0.20305021457264527,0.2785140032962289,half
NaCaAs,half:X=Na,0.46612587041819925,0.19430638232231612,0.27093801527891814,half
NaCaAs,half:X=Na,0.4602963267574754,0.19217911421239675,0.2671822174061046,half
NaCaAs,half:X=Na,0.4543874671469551,0.18111984255658864,0.2633043228048523,half
NaCaAs,half:X=Na,0.4487063199050799,0.17832833581113983,0.2560771932235276,half
NaCaAs,half:X=Na,0.44310645673726606,0.17223720643518292,0.25375244087211646,half
NaCaAs,half:X=Na,0.43743344379797117,0.16713034392218407,0.24789097160337392,half
NaCaAs,half:X=Na,0.43200668726959834,0.16255739452255535,0.24393654890601346,half
NaCaAs,half:X=Na,0.42651126136457523,0.15821322328968834,0.23035066222284462,half
NaCaAs,half:X=Na,0.4211101297934343,0.15056664723065416,0.2289968983645353,half
NaCaAs,half:X=Na,0.4158077276355433,0.14740627398616313,0.1800503394774795,half
NaCaAs,half:X=Na,0.4106085425683679,0.14182140323075043,0.17553867294711667,half
NaCaAs,half:X=Na,0.4055171069763763,0.13593469527308677,0.17290650019424203,half
NaCaAs,half:X=Na,0.40036527334993893,0.1323351382160317,0.1868118095414133,half
NaCaAs,half:X=Na,0.3953263930693509,0.1255806141286353,0.18156747408241825,half
NaCaAs,half:X=Na,0.39022836246913006,0.12058933930532778,0.17807498123385423,half
NaCaAs,half:X=Na,0.38524868240321997,0.1144180428420647,0.17276743120585858,half
NaCaAs,half:X=Na,0.3803921600570273,0.1110711981254785,0.15745664362203082,half
NaCaAs,half:X=Na,0.3756636139608854,0.10772548612852972,0.1540688731395673,half
NaCaAs,half:X=Na,0.3708830167776059,0.10117239883277274,0.14723388899743917,half
NaCaAs,half:X=Na,0.3660492098002354,0.0987604942955459,0.14169245347167625,half
NaCaAs,half:X=Na,0.3613500243522664,0.09246711267403251,0.1377894044734106,half
NaCaAs,half:X=Na,0.35679046035171597,0.08296446437101401,0.1351583410604127,half
NaCaAs,half:X=Na,0.3521825181113625,0.07909522036824812,0.13029314426469363,half
NaCaAs,half:X=Na,0.34772021703403816,0.08576333150310278,0.12582023285439592,half
NaCaAs,half:X=Na,0.34321159017974745,0.08125593091992434,0.12838366303691717,half
NaCaAs,half:X=Na,0.3386556655787003,0.0762632746069547,0.1233359207813085,half
NaCaAs,half:X=Na,0.33425264233423074,0.07149273112296217,0.11862073623201908,half
NaCaAs,half:X=Na,0.3300077008727592,0.06829810716900586,0.11490188354104014,half
NaCaSb,half:X=Na,0.7363965022766424,0.4234476798525159,0.46871949387287215,half
NaCaSb,half:X=Na,0.7363965022766424,0.4234476798525159,0.46871949387287215,half
NaCdP,half:X=Na,0.7817553746524689,0.655708361152347,0.7417874812672753,half
NaCdP,half:X=Na,0.41161970596323016,0.3923843140922586,0.4911215140207688,half
NaCdP,half:X=Na,0.41161970596323016,0.3923843140922586,0.4911215140207688,half
NaCuO,half:X=Na,0.7090182177678355,0.7394802473631589,0.8000213828606388,half
NaCuO,half:X=Na,0.6765991517324296,0.7394802473631589,0.8000213828606388,half
NaLi2Bi,full:X2=Li,0.4717316514800511,0.28911968239926555,0.5579830056686574,full
NaLi2Bi,full:X2=Li,0.4480876666923411,0.268429814947866,0.5375912515990804,full
NaLi2Bi,full:X2=Li,0.42586014507784037,0.24939349968746938,0.5153258849986933,full
NaLi2Bi,full:X2=Li,0.40483371661993806,0.22948838915399128,0.5043640077556543,full
NaLi2Bi,full:X2=Li,0.3847117429382824,0.20881549654879317,0.48751639161102067,full
NaLi2Bi,full:X2=Li,0.36567514045591776,0.1948179302812434,0.46652287543702875,full
NaLi2Bi,full:X2=Li,0.3475251599986895,0.17464149535972906,0.444928007144066,full
NaLi2Bi,full:X2=Li,0.33021078457152797,0.1452151670627203,0.43081146708483936,full
NaLi2Bi,full:X2=Li,0.31344537042641407,0.12607154664260312,0.41793448525648763,full
NaLi2Bi,full:X2=Li,0.2975416678181598,0.11880310096849256,0.4108741265949977,full
NaLi2Bi,full:X2=Li,0.28216877830464154,0.1158536792934507,0.4031275036977489,full
NaLi2Bi,full:X2=Li,0.28876327617281344,0.1158536792934507,0.4031275036977489,full
NaLi2Bi,full:X2=Li,0.2674064187529041,0.09457299121765406,0.3956584501129458,full
NaLi2Bi,full:X2=Li,0.2530955858490315,0.07037028029245951,0.3601653026745862,full
NaLi2Bi,full:X2=Li,0.23929947912689256,0.061075805059690125,0.3470489456958004,full
NaLi2Bi,full:X2=Li,0.22582599146189336,0.055767806988825,0.3473951430640739,full
NaLi2Bi,full:X2=Li,0.21298618473666817,0.03624161973867912,0.343624910648291,full
NaLi2Bi,full:X2=Li,0.20057692675484817,0.0306213021489663,0.3323816431109443,full
NaLi2Bi,full:X2=Li,0.18836592606314825,0.025136332912406578,0.3180214985351082,full
NaLi2Bi,full:X2=Li,0.1766699326681496,0.004642291930818554,0.305640385564127,full
NaLi2Bi,full:X2=Li,0.16494737262184164,-0.012493869463303775,0.3100702454308233,full
NaLi2Bi,full:X2=Li,0.153814864344529,-0.025395716854051287,0.29924670006395526,full
NaLi2Bi,full:X2=Li,0.14301480025409505,-0.044143782005293675,0.29914151110727893,full
NaLi2Bi,full:X2=Li,0.13257984765973707,-0.049959735930496296,0.29293822857289487,full
NaLi2Bi,full:X2=Li,0.12221587827282664,-0.06762005839313656,0.270453100039315,full
NaLi2Bi,full:X2=Li,0.11193427633268159,-0.07296382957886016,0.27247921271915987,full
NaLi2Bi,full:X2=Li,0.1024337056813363,-0.08352310319703637,0.2611451502235983,full
NaLi2Bi,full:X2=Li,0.09272064468409917,-0.08925952515697821,0.25215011479884375,full
NaLi2Bi,full:X2=Li,0.08314414314305227,-0.130380805206595,0.23558469038709884,full
NaLi2Bi,full:X2=Li,0.07408468902824378,-0.1333076911989025,0.23805627022536546,full
NaLi2Bi,full:X2=Li,0.0652061280543119,-0.1385493238655392,0.23051616185377444,full
NaLi2Bi,full:X2=Li,0.05652372407910037,-0.1383594919497707,0.2366196137087565,full
NaLi2Bi,full:X2=Li,0.04766419460155998,-0.1490506396401695,0.21383838458882154,full
NaLi2Bi,full:X2=Li,0.03941411917613713,-0.16484280503993254,0.20612745054232529,full
NaLi2Bi,full:X2=Li,0.031004281363536827,-0.17831176930828163,0.20091687500329403,full
NaLi2Bi,full:X2=Li,0.022840610876527823,-0.19451191182487992,0.18978927355288355,full
NaLi2Bi,full:X2=Li,0.014940349792936524,-0.19579506815535963,0.1896248311819918,full
NaLi2Bi,full:X2=Li,0.0073209529227445565,-0.20342623994058506,0.2022644880609269,full
NaLi2Bi,full:X2=Li,-0.0004345117740176917,-0.21356862686079325,0.20529063936403824,full
NaLi2Bi,full:X2=Li,-0.00788851221305034,-0.2214889693220934,0.17086736497493682,full
NaLi2Bi,full:X2=Li,-0.015472686656207449,-0.22514476757575963,0.16638618653225346,full
NaLi2Bi,full:X2=Li,-0.022733787572707352,-0.23686567436160066,0.15717093034289664,full
NaLi2Bi,full:X2=Li,-0.029653123769906618,-0.24845023506685204,0.14879755036235764,full
NaLi2Bi,full:X2=Li,-0.03668448861388872,-0.2501265490837563,0.1452417044496327,full
NaLi2Bi,full:X2=Li,-0.04383156952463668,-0.2578520611060635,0.14633456416111745,full
NaLi2Bi,full:X2=Li,-0.05060999335508721,-0.26605538975359444,0.14463421809416388,full
NaLi2Bi,full:X2=Li,-0.05700040663395948,-0.2725342556371313,0.14760621937983043,full
NaLi2Bi,full:X2=Li,-0.06348625752110672,-0.27479064918449825,0.13761847790568882,full
NaLi2Bi,full:X2=Li,-0.07007043991541213,-0.2827613634501871,0.10742567595165009,full
NaLi2Bi,full:X2=Li,-0.07675598136972352,-0.2855525043585714,0.10486330266224164,full
NaLi2Bi,full:X2=Li,-0.0830199526796178,-0.28850602143477055,0.10315038281761568,full
NaLi2Bi,full:X2=Li,-0.08884239126002341,-0.3001384760764312,0.08731268828453653,full
NaLi2Bi,full:X2=Li,-0.09528445472131904,-0.3057552911190493,0.10453213125743122,full
NaLi2Bi,full:X2=Li,-0.10127481841050648,-0.3075083508215606,0.06847172198562346,full
NaLi2Bi,full:X2=Li,-0.10679324694015198,-0.32108279366305537,0.06628021466084655,full
NaLi2Bi,full:X2=Li,-0.11294562194904302,-0.3272887809968419,0.08412332764574493,full
NaLi2Bi,full:X2=Li,-0.11861534322942717,-0.3408686056599901,0.08628406084487872,full
NaLi2Bi,full:X2=Li,-0.1243600629958316,-0.3487565831651529,0.11254963324773692,full
NaLi2Bi,full:X2=Li,-0.13018179202067184,-0.3578236552646268,0.13007283405523706,full
NaLi2Bi,full:X2=Li,-0.13548891894160814,-0.35865889082511093,0.1267466138284269,full
NaLi2Bi,full:X2=Li,-0.1408617027054692,-0.3634491615228719,0.11634157855488725,full
NaLi2Bi,full:X2=Li,-0.14630178822382564,-0.37012390083254476,0.11294034275055076,full
NaLi2Bi,full:X2=Li,-0.15181088300860132,-0.3747057806305649,0.10864409302798561,full
NaLi2Bi,full:X2=Li,-0.1567672219019906,-0.3833201908333663,0.10137400894318216,full
NaLi2Bi,full:X2=Li,-0.16241156176448873,-0.38956009104443723,0.10573403401024883,full
NaLi2Bi,full:X2=Li,-0.16749108729376366,-0.39188962775276925,0.10504323184005782,full
NaLi2Bi,full:X2=Li,-0.17263072694617473,-0.397965299232802,0.12235058439507751,full
NaLi2Bi,full:X2=Li,-0.17717835469689538,-0.40303487182844155,0.11849485652151492,full
NaLi2Bi,full:X2=Li,-0.1824346304402192,-0.43446684691735493,0.115036622021917,full
NaLi2Bi,full:X2=Li,-0.18708664335714442,-0.43712010418323977,0.1135843383147187,full
NaLi2Bi,full:X2=Li,-0.19246497193114673,-0.45775506224073204,0.1075138248795311,full
NaLi2Bi,full:X2=Li,-0.1972262747080243,-0.46156596974184816,0.1036511586931167,full
NaLi2Bi,full:X2=Li,-0.20134935455473107,-0.466615322106005,0.1024086516932402,full
NaLi2Bi,full:X2=Li,-0.2062096153091813,-0.4711625968698374,0.09807553100202837,full
NaLi2Bi,full:X2=Li,-0.21112488422458328,-0.47359536546999226,0.0914732800150565,full
NaLi2Bi,full:X2=Li,-0.21538270736712464,-0.4779656494067308,0.08830376799429374,full
NaLi2Bi,full:X2=Li,-0.22040350874217546,-0.48484866936524096,0.08105242122622214,full
NaLi2Bi,full:X2=Li,-0.22475374025976358,-0.4901528080139437,0.07563454076191078,full
NaLi2Bi,full:X2=Li,-0.22914798835785583,-0.4915837047176248,0.07129291303198038,full
NaLi2Bi,full:X2=Li,-0.23358715288760054,-0.4954410783515475,0.06739000600568035,full
NaLi2Bi,full:X2=Li,-0.23807216157947098,-0.49991930964232867,0.062018215078515904,full
NaLi2Bi,full:X2=Li,-0.24184537803261005,-0.50321353262283,0.052359962128003645,full
NaLi2Sb,full:X2=Li,0.9201755220100227,0.5253587855028746,0.6029826669947373,full
NaLi2Sb,full:X2=Li,0.8986703429655298,0.5041588099276604,0.5813783207695569,full
NaLi2Sb,full:X2=Li,0.878291949249796,0.486378696138758,0.5586307131098669,full
NaLi2Sb,full:X2=Li,0.8588979572320035,0.46612832718247993,0.5388178902876997,full
NaLi2Sb,full:X2=Li,0.8404197777364861,0.44690084289899373,0.514152291814787,full
NaLi2Sb,full:X2=Li,0.8227563329513907,0.432335505870015,0.48421927812065835,full
NaLi2Sb,full:X2=Li,0.8058405488146727,0.41227916203419873,0.46109361608057986,full
NaLi2Sb,full:X2=Li,0.7895807121644255,0.3831157922749557,0.44798468579320216,full
NaLi2Sb,full:X2=Li,0.7739326474676452,0.3650790879108308,0.4249430496072668,full
NaLi2Sb,full:X2=Li,0.7589118923979735,0.35927646974458977,0.41009079267896087,full
NaLi2Sb,full:X2=Li,0.7443712273318607,0.3486204587889011,0.3923224721650771,full
NaLi2Sb,full:X2=Li,0.7137784932182197,0.3486204587889011,0.3923224721650771,full
NaLi2Sb,full:X2=Li,0.8040462228741719,0.3486204587889011,0.3923224721650771,full
NaLi2Sb,full:X2=Li,0.7917795334792759,0.3486204587889011,0.3923224721650771,full
NaLi2Sb,full:X2=Li,0.730378468587643,0.3285889080907541,0.3952633556667129,full
NaLi2Sb,full:X2=Li,0.7168377232995244,0.30395840964396786,0.36263876500655934,full
NaLi2Sb,full:X2=Li,0.7037211599270199,0.2936184950407643,0.3568942571984943,full
NaLi2Sb,full:X2=Li,0.6909930320998694,0.28858106384460747,0.3507973548554957,full
NaLi2Sb,full:X2=Li,0.6787004349983042,0.27436459929182677,0.3516188102229898,full
NaLi2Sb,full:X2=Li,0.6667051361198989,0.2688657362241187,0.3461832164813887,full
NaLi2Sb,full:X2=Li,0.6550423413312018,0.2628631538205375,0.35199355166021606,full
NaLi2Sb,full:X2=Li,0.6437486854595257,0.2379029461832981,0.3369220814859988,full
NaLi2Sb,full:X2=Li,0.6327608884794388,0.22222017075876688,0.3417112602090261,full
NaLi2Sb,full:X2=Li,0.6220066730068047,0.20925104281142193,0.32739352549120493,full
NaLi2Sb,full:X2=Li,0.6115108871266564,0.20195621301758693,0.34121650971132644,full
NaLi2Sb,full:X2=Li,0.6012993101943376,0.19630135511600977,0.3352426582927098,full
NaLi2Sb,full:X2=Li,0.5913985512812487,0.1784858245161266,0.32646268172671944,full
NaLi2Sb,full:X2=Li,0.5816083660320575,0.17280007335433534,0.32250191235366243,full
NaLi2Sb,full:X2=Li,0.5721743136130595,0.16500384503438348,0.3101579491852299,full
NaLi2Sb,full:X2=Li,0.5628873812938793,0.15926742307444164,0.3040145292765951,full
NaLi2Sb,full:X2=Li,0.5537616983900043,0.137900496510735,0.28764704962663856,full
NaLi2Sb,full:X2=Li,0.5448119117577761,0.13487721201890113,0.2894216440704258,full
NaLi2Sb,full:X2=Li,0.5361795321372252,0.1277633442840337,0.28345800675676036,full
NaLi2Sb,full:X2=Li,0.5276299008713387,0.1279821445610907,0.2898727514650913,full
NaLi2Sb,full:X2=Li,0.519171463821659,0.11739315439048192,0.26802883408295075,full
NaLi2Sb,full:X2=Li,0.5110808455391185,0.10426010646445205,0.25564583416468445,full
NaLi2Sb,full:X2=Li,0.5029730590656315,0.10714737113763362,0.25298528758009986,full
NaLi2Sb,full:X2=Li,0.4951278812429332,0.09631463571747667,0.24185768612968916,full
NaLi2Sb,full:X2=Li,0.48727981644306895,0.09536780071891271,0.2413273468345115,full
NaLi2Sb,full:X2=Li,0.479719235439571,0.08783313074884103,0.22626446767025044,full
NaLi2Sb,full:X2=Li,0.47231754631684186,0.07827035006288863,0.23043695980882128,full
NaLi2Sb,full:X2=Li,0.46493642912173266,0.07810864448983434,0.1984334294082638,full
NaLi2Sb,full:X2=Li,0.45773054824599846,0.07448366106011961,0.19478866619864554,full
NaLi2Sb,full:X2=Li,0.45055700941832905,0.06279624857831234,0.18650215957320326,full
NaLi2Sb,full:X2=Li,0.4435758797502576,0.051824069564734954,0.17900851901694836,full
NaLi2Sb,full:X2=Li,0.4367985102318035,0.048725949310404526,0.17628617736057217,full
NaLi2Sb,full:X2=Li,0.4299136977637545,0.04099083569472628,0.17647064600601303,full
NaLi2Sb,full:X2=Li,0.42324587393680785,0.03268940164461687,0.175223073198425,full
NaLi2Sb,full:X2=Li,0.41680687182294446,0.02669636217133875,0.18645035955107525,full
NaLi2Sb,full:X2=Li,0.41027096425218446,0.02443073585999289,0.1854429956400675,full
NaLi2Sb,full:X2=Li,0.4039779636693548,0.014559894430373865,0.18277437998489932,full
NaLi2Sb,full:X2=Li,0.39776625612645006,0.011420165487875833,0.18249176803305123,full
NaLi2Sb,full:X2=Li,0.39146441183910324,0.008547608136865947,0.18077884818842527,full
NaLi2Sb,full:X2=Li,0.38542751480513054,-0.0009408863047860594,0.1660127780402476,full
NaLi2Sb,full:X2=Li,0.3794868137172738,-0.005729590217184444,0.16148695317869843,full
NaLi2Sb,full:X2=Li,0.37364747220921773,-0.00823631570306671,0.15133752454504146,full
NaLi2Sb,full:X2=Li,0.36772854608697647,-0.013901714830697132,0.14851436915592908,full
NaLi2Sb,full:X2=Li,0.36191661866864344,-0.0202890114535893,0.14116099663129578,full
NaLi2Sb,full:X2=Li,0.35621713421973517,-0.023351489022095495,0.13609934927798972,full
NaLi2Sb,full:X2=Li,0.35063560825895435,-0.03116306563223392,0.16236492168084815,full
NaLi2Sb,full:X2=Li,0.345177616542704,-0.03678507967297129,0.1790655055151137,full
NaLi2Sb,full:X2=Li,0.339650157613684,-0.03948208370282935,0.17516403390987,full
NaLi2Sb,full:X2=Li,0.33425264233423074,-0.04359901019876189,0.16717118036067113,full
NaLi2Sb,full:X2=Li,0.32899085544942874,-0.050731391083463695,0.16361998753876716,full
NaLi2Sb,full:X2=Li,0.3236645356081002,-0.05688870150229541,0.15978130181933525,full
NaLi2Sb,full:X2=Li,0.3184807251745173,-0.06349500041068457,0.1505248231041152,full
NaLi2Sb,full:X2=Li,0.31344537042641407,-0.0693796629719633,0.1548663024564857,full
NaLi2Sb,full:X2=Li,0.30835094858672574,-0.07155415047059721,0.1536789181102235,full
NaLi2Sb,full:X2=Li,0.30341207059674197,-0.07768158272988068,0.1881912184335084,full
NaLi2Sb,full:X2=Li,0.2984163800612945,-0.08235027842595866,0.1842306113429779,full
NaLi2Sb,full:X2=Li,0.29358351349611683,-0.08861168715360512,0.16192038499005335,full
NaLi2Sb,full:X2=Li,0.28869626059025577,-0.09231898776595016,0.16000581997428687,full
NaLi2Sb,full:X2=Li,0.28397928423847985,-0.09718436531228414,0.16804583952488372,full
NaLi2Sb,full:X2=Li,0.2792105126013951,-0.10153716712904715,0.16345466624567795,full
NaLi2Sb,full:X2=Li,0.27461961909123805,-0.10595936688170071,0.1790436250975993,full
NaLi2Sb,full:X2=Li,0.26997967664532385,-0.11074291465803232,0.1748772812155639,full
NaLi2Sb,full:X2=Li,0.26528962586083016,-0.11459571487697384,0.1685383351173264,full
NaLi2Sb,full:X2=Li,0.2607866686549763,-0.11928005483250392,0.16436198836921356,full
NaLi2Sb,full:X2=Li,0.25623653320592293,-0.1229820215312658,0.1624126020789909,full
NaLi2Sb,full:X2=Li,0.25188145455252764,-0.1285164534618628,0.16487911845822445,full
NaLi2Sb,full:X2=Li,0.24748226067705428,-0.13012886128842083,0.16049494847706602,full
NaLi2Sb,full:X2=Li,0.24303804868629444,-0.13416337034829706,0.1568618943175536,full
NaLi2Sb,full:X2=Li,0.23879856271391703,-0.13877361952256018,0.1514664428056981,full
NaLi2Sb,full:X2=Li,0.23451728351268664,-0.14199414729124094,0.1477880154909067,full
NaLiO,half:X=Na,0.5933710341846855,0.1252365995829221,0.37138468528402313,half
NaScSn,half:X=Na,-0.27912408183452936,0.6804611126005964,0.7159050731781056,half
NaSrP,half:X=Na,0.7993405494535817,0.34459944393977326,0.31710667111703594,half
NaSrSb,half:X=Na,0.5428254269591799,0.35369916906965293,0.3205924485772699,half
NaSrSb,half:X=Na,0.2787536009528289,0.35369916906965293,0.3205924485772699,half
NaSrSb,half:X=Na,-0.2218487496163564,-0.25901071733095726,-0.1975235646171256,half
NaYGe,half:X=Na,0.9063350418050907,0.602891248078933,0.5619048098293857,half
NbAlFe2,full:X2=Fe,1.7718299126604535,1.3975935935862887,1.1227987950204001,full
NbAlFe2,full:X2=Fe,1.7497517706137027,1.3979284307659035,1.1116759067235982,full
NbAlFe2,full:X2=Fe,1.7290189200365265,1.371999209954396,1.0730682597038437,full
NbAlFe2,full:X2=Fe,1.7094650103934748,1.341757787837622,1.051590276524314,full
NbAlFe2,full:X2=Fe,1.6909399474360143,1.2791836824027576,1.0282599975499467,full
NbAlFe2,full:X2=Fe,1.6733342974768695,1.2615270302201829,0.9990064674270267,full
NbAlFe2,full:X2=Fe,1.656538983688415,1.181909944660192,0.9848997329471252,full
NbAlFe2,full:X2=Fe,1.6404913749455463,1.1580877805082808,0.9750844158049026,full
NbAlFe2,full:X2=Fe,1.6250962790632568,1.1261256090938239,0.939406632494514,full
NbAlFe2,full:X2=Fe,1.6103194063192376,1.1063669747046916,0.9231426060766751,full
NbAlFe2,full:X2=Fe,1.5960910402416042,1.0756212025957894,0.9040282946317062,full
NbAlFe2,full:X2=Fe,1.5979145917789703,1.0756212025957894,0.9040282946317062,full
NbAlFe2,full:X2=Fe,1.6365972084579097,1.0756212025957894,0.9040282946317062,full
NbAlFe2,full:X2=Fe,1.5823815773367187,1.069655963364076,0.9240509202308153,full
NbAlFe2,full:X2=Fe,1.5691397254724595,1.0504739539563732,0.9062253634747006,full
NbAlFe2,full:X2=Fe,1.5563386904662293,1.0428558793115354,0.8880931616314112,full
NbAlFe2,full:X2=Fe,1.5439315303454957,1.0280541693208642,0.8806436344507034,full
NbAlFe2,full:X2=Fe,1.5319129945215737,1.025163863388964,0.8666044600960998,full
NbAlFe2,full:X2=Fe,1.520247652686888,1.008603582254258,0.8873922979643265,full
NbAlFe2,full:X2=Fe,1.5089066172559535,1.001661246932045,0.8780101333663194,full
NbAlFe2,full:X2=Fe,1.4978829424244315,1.0256421292309763,0.8716010830409291,full
NbAlFe2,full:X2=Fe,1.4871525216468562,1.0200653513535498,0.865469608718284,full
NbAlFe2,full:X2=Fe,1.476701233677596,1.0126667718837912,0.8563652962426052,full
NbAlFe2,full:X2=Fe,1.4665117384861455,1.0402474514975402,0.8467391135127562,full
NbAlFe2,full:X2=Fe,1.4565785728175107,1.0341532560696338,0.8482066331110863,full
NbAlFe2,full:X2=Fe,1.4468632314825167,1.0259798915149405,0.864013761072083,full
NbAlFe2,full:X2=Fe,1.4373858559663875,0.9974558077893545,0.8743183967278229,full
NbAlFe2,full:X2=Fe,1.4281185887084673,0.9873387096915527,0.880575420802195,full
NbAlFe2,full:X2=Fe,1.419063124492548,0.9785981519713316,0.8734796438548077,full
NbAlFe2,full:X2=Fe,1.410186528657109,0.9815224573096621,0.8519046902895898,full
NbAlFe2,full:X2=Fe,1.4015039319216356,0.9859682073813112,0.8482712113210802,full
NbAlFe2,full:X2=Fe,1.393013327901293,1.0042901888408757,0.8709090388300031,full
NbAlFe2,full:X2=Fe,1.3846759233595658,1.0100540245744762,0.8721783157996508,full
NbAlFe2,full:X2=Fe,1.3765039602529274,0.9899194323094865,0.8559419303232628,full
NbAlFe2,full:X2=Fe,1.3684914294158106,0.9814930481711106,0.8388458725661148,full
NbAlFe2,full:X2=Fe,1.3606312754267351,0.9749778769347791,0.8313016601799459,full
NbAlFe2,full:X2=Fe,1.352915374553853,0.9735599248271374,0.8164046761282148,full
NbAlFe2,full:X2=Fe,1.3453345148398959,0.971030223465022,0.812879142091097,full
NbAlFe2,full:X2=Fe,1.337898325645036,0.9585159084565792,0.8238789555980122,full
NbAlFe2,full:X2=Fe,1.330576096087729,0.9423490032608757,0.8121029200151706,full
NbAlFe2,full:X2=Fe,1.3233964971318757,0.9380789901753669,0.7977370965007625,full
NbAlFe2,full:X2=Fe,1.316326866045419,0.9324590291872088,0.7962264997959244,full
NbAlFe2,full:X2=Fe,1.3093746249166704,0.9258637824030304,0.7898660746472395,full
NbAlFe2,full:X2=Fe,1.3025473724874856,0.9182336073066949,0.7822867344936147,full
NbAlFe2,full:X2=Fe,1.295808918161176,0.9477106786660121,0.7929418459445462,full
NbAlFe2,full:X2=Fe,1.289187468220734,0.9437980258787011,0.790918633696352,full
NbAlFe2,full:X2=Fe,1.2826674203197503,0.9437980258787011,0.7830947059727429,full
NbAlFe2,full:X2=Fe,1.2762319579218335,0.9307276781734084,0.772209634439621,full
NbAlFe2,full:X2=Fe,1.2699096987497613,0.9293457645799027,0.7689234110630888,full
NbAlFe2,full:X2=Fe,1.2636834005571924,0.9189667323838127,0.756785472071336,full
NbAlFe2,full:X2=Fe,1.2575345859806788,0.9160655098268846,0.7540936152806397,full
NbAlFe2,full:X2=Fe,1.2514678754835245,0.9147432222993568,0.7492461124052701,full
NbAlFe2,full:X2=Fe,1.24551266781415,0.905273299866962,0.7405228010678325,full
NbAlFe2,full:X2=Fe,1.239624765246138,0.8973800602149551,0.7365772562768751,full
NbAlFe2,full:X2=Fe,1.2338080657245318,0.8951058229226047,0.7370586496272644,full
NbAlFe2,full:X2=Fe,1.2280922391569813,0.8876097154352399,0.7087230369625872,full
NbAlFe2,full:X2=Fe,1.2224303146604905,0.8843467096215198,0.703150571677211,full
NbAlFe2,full:X2=Fe,1.21685178328438,0.8794581110209886,0.674609056080645,full
NbAlFe2,full:X2=Fe,1.2113341637325499,0.8786059565609834,0.6688186973732552,full
NbAlFe2,full:X2=Fe,1.2059077626273857,0.875211205675293,0.6620765850516287,full
NbAlFe2,full:X2=Fe,1.200522191802113,0.8469610856520258,0.6597958279067982,full
NbAlFe2,full:X2=Fe,1.195235254806065,0.8440991663621138,0.6552998852355412,full
NbAlFe2,full:X2=Fe,1.1899953399643184,0.8368641333920401,0.659789067538242,full
NbAlFe2,full:X2=Fe,1.1848333339333534,0.8289883251986421,0.6560364832882435,full
NbAlFe2,full:X2=Fe,1.1796953833245065,0.8213274096811048,0.6589722631168107,full
NbAlFe2,full:X2=Fe,1.1746702414870474,0.811783005880299,0.6529781517279767,full
NbAlFe2,full:X2=Fe,1.169674434058807,0.8073882775836304,0.6503553836068034,full
NbAlFe2,full:X2=Fe,1.1647393842914324,0.8011948944056402,0.6454396808938043,full
NbAlFe2,full:X2=Fe,1.1598377910711073,0.7868551440677705,0.6421420113856491,full
NbAlFe2,full:X2=Fe,1.1550322287909702,0.793497360534729,0.6358321802574295,full
NbAlFe2,full:X2=Fe,1.1502650869787037,0.7887751393782928,0.6632432055833754,full
NbAlFe2,full:X2=Fe,1.1455382357122332,0.7773318142487192,0.6574268776630147,full
NbAlFe2,full:X2=Fe,1.1408849802658663,0.7854764371310212,0.6476124047816977,full
NbAlFe2,full:X2=Fe,1.1362448017461424,0.7808292333950769,0.6654273379313477,full
NbAlFe2,full:X2=Fe,1.1316828094614058,0.7729449537341964,0.6578924484986896,full
NbAlFe2,full:X2=Fe,1.1271696135998959,0.770718854189098,0.6532367628042753,full
NbAlFe2,full:X2=Fe,1.122707254318348,0.7783140768860439,0.6674176141275827,full
NbAlFe2,full:X2=Fe,1.1182647260894794,0.7747691745767105,0.6621759782817673,full
NbAlFe2,full:X2=Fe,1.1138765326310525,0.7736838056232351,0.6754834562397999,full
NbAlFe2,full:X2=Fe,1.1095448008783466,0.7744820571479406,0.6733444185956932,full
NbAlFe2,full:X2=Fe,1.1052716831067937,0.7695782908690718,0.6704157113060328,full
NbAlFe2,full:X2=Fe,1.1010249403526948,0.7673829095059601,0.6669597828212128,full
NbAlFe2,full:X2=Fe,1.096805769822717,0.7628965609720085,0.668453109764501,full
NbAlNi,half:X=Nb,1.4251264705087736,1.450126547849039,1.4092177943465054,half
NbAlPt,half:X=Nb,1.342975067809245,1.2891648208709823,1.2171873126585688,half
NbAsOs,half:X=Nb,1.4125613390944922,1.4089247835560235,1.3353541590185176,half
NbAsOs,half:X=Nb,1.2027606873932,1.1866231696367346,1.1422032707855272,half
NbAsOs,half:X=Nb,1.2027606873932,1.1866231696367346,1.1422032707855272,half
NbAsRu,half:X=Nb,1.640481436970422,1.4108941965003388,1.3684596122963555,half
NbAsRu,half:X=Nb,1.4854800847238252,1.4108941965003388,1.3684596122963555,half
NbAsRu,half:X=Nb,1.305566313515304,1.2276665814603613,1.1897641290708216,half
NbAsRu,half:X=Nb,1.305566313515304,1.2276665814603613,1.1897641290708216,half
NbBPt,half:X=Nb,1.4320548681562741,1.4180544880728312,1.4045112571661746,half
NbBiOs,half:X=Nb,1.2053938526146795,1.1909746811561388,1.1373563041518089,half
NbBiOs,half:X=Nb,0.8609366207000937,0.8701544227579339,0.8763059091331246,half
NbBiOs,half:X=Nb,0.8609366207000937,0.8701544227579339,0.8763059091331246,half
NbBiRu,half:X=Nb,1.2224303146604905,1.267748407711837,1.2224147486377301,half
NbBiRu,half:X=Nb,0.9395192526186185,0.9521810543403588,0.9619224585452338,half
NbBiRu,half:X=Nb,0.9395192526186185,0.9521810543403588,0.9619224585452338,half
NbCoC,half:X=Nb,1.661585544066653,1.6080911062072225,1.585228169165478,half
NbCoGe,half:X=Nb,1.5587085705331658,1.3421219050606328,1.3158430946771187,half
NbCoGe,half:X=Nb,1.4528746437559499,1.3421219050606328,1.3158430946771187,half
NbCoGe,half:X=Nb,1.2871296207191107,1.1467445054768652,1.1388169873442722,half
NbCoGe,half:X=Nb,1.2871296207191107,1.1467445054768652,1.1388169873442722,half
NbCoPb,half:X=Nb,1.125578849002185,1.1686419725867712,1.1175765771813426,half
NbCoPb,half:X=Nb,0.9978230807457255,0.9608732064489252,0.8874398632723043,half
NbCoPb,half:X=Nb,0.9978230807457255,0.9608732064489252,0.8874398632723043,half
NbCoSi,half:X=Nb,1.4785664955938433,1.530708023836592,1.4977254582562591,half
NbCoSi,half:X=Nb,1.594613509160098,1.530708023836592,1.4977254582562591,half
NbCoSi,half:X=Nb,1.3077099234048066,1.2848720038523704,1.3156828070666715,half
NbCoSi,half:X=Nb,1.3077099234048066,1.2848720038523704,1.3156828070666715,half
NbCoSn,half:X=Nb,1.2699796766453237,1.2691182771306475,1.1390533854246283,half
NbCoSn,half:X=Nb,1.3159703454569178,1.2691182771306475,1.1390533854246283,half
NbCoSn,half:X=Nb,1.3281348615433324,1.2691182771306475,1.1390533854246283,half
NbCoSn,half:X=Nb,1.2699796766453237,1.2691182771306475,1.1390533854246283,half
NbCoSn,half:X=Nb,1.354847647635304,1.2691182771306475,1.1390533854246283,half
NbCoSn,half:X=Nb,1.0874264570362855,1.0718220515636396,0.9683143205567423,half
NbCoSn,half:X=Nb,1.0874264570362855,1.0718220515636396,0.9683143205567423,half
NbFeAs,half:X=Nb,1.677606952720493,1.46834293569353,1.4487503142313098,half
NbFeAs,half:X=Nb,1.4902956645985295,1.46834293569353,1.4487503142313098,half
NbFeAs,half:X=Nb,1.3463529744506386,1.2409728907747946,1.245263998324536,half
NbFeAs,half:X=Nb,1.3463529744506386,1.2409728907747946,1.245263998324536,half
NbFeBi,half:X=Nb,1.1676126727275302,1.1783113276137729,1.1471883733699733,half
NbFeBi,half:X=Nb,1.0569048513364727,1.0018481990226786,0.9642689804521134,half
NbFeBi,half:X=Nb,1.0569048513364727,1.0018481990226786,0.9642689804521134,half
NbFeP,half:X=Nb,2.037426497940624,1.5914734573181533,1.5536937828906612,half
NbFeP,half:X=Nb,1.6397553498595931,1.5914734573181533,1.5536937828906612,half
NbFeSb,half:X=Nb,1.5858666333063776,1.474263755005965,1.4131723087859474,half
NbFeSb,half:X=Nb,1.5624950915084148,1.4547014453773794,1.3931354379905736,half
NbFeSb,half:X=Nb,1.5404170757931828,1.4384615075691793,1.372278646379872,half
NbFeSb,half:X=Nb,1.5194998528595387,1.419291905495204,1.3320823149787444,half
NbFeSb,half:X=Nb,1.499632105153693,1.4008827426655366,1.3120313784789288,half
NbFeSb,half:X=Nb,1.480682306325487,1.3881796381014921,1.2806133132979114,half
NbFeSb,half:X=Nb,1.4625776687897087,1.3758421802648475,1.2640218005481176,half
NbFeSb,half:X=Nb,1.4452616137545282,1.3582335295357904,1.22636486359411,half
NbFeSb,half:X=Nb,1.428636859268609,1.337951090065991,1.2126520068253561,half
NbFeSb,half:X=Nb,1.4126621073725814,1.327215415025586,1.2020007430078248,half
NbFeSb,half:X=Nb,1.3972793788535927,1.3054102721198664,1.189094142971438,half
NbFeSb,half:X=Nb,1.3697722885969628,1.3054102721198664,1.189094142971438,half
NbFeSb,half:X=Nb,1.4638929889859074,1.3054102721198664,1.189094142971438,half
NbFeSb,half:X=Nb,1.4020043416687906,1.3054102721198664,1.189094142971438,half
NbFeSb,half:X=Nb,1.3830429993057436,1.3054102721198664,1.189094142971438,half
NbFeSb,half:X=Nb,1.3794143044121712,1.3054102721198664,1.189094142971438,half
NbFeSb,half:X=Nb,1.3774883833761327,1.3054102721198664,1.189094142971438,half
NbFeSb,half:X=Nb,1.3697722885969628,1.3054102721198664,1.189094142971438,half
NbFeSb,half:X=Nb,1.4971757707322313,1.3054102721198664,1.189094142971438,half
NbFeSb,half:X=Nb,1.3824493197989152,1.2988712784153345,1.1802629929973762,half
NbFeSb,half:X=Nb,1.3681380647235468,1.2814193634323658,1.166983946555915,half
NbFeSb,half:X=Nb,1.3543005623453597,1.27026365369573,1.1592597428212867,half
NbFeSb,half:X=Nb,1.3408999838587126,1.264922945589141,1.1371385563569554,half
NbFeSb,half:X=Nb,1.3279308045542364,1.2390800279812255,1.1210846650868322,half
NbFeSb,half:X=Nb,1.3153404766272883,1.2322277967402915,1.1132006172069966,half
NbFeSb,half:X=Nb,1.3031096220571021,1.2254021625718639,1.108454227513827,half
NbFeSb,half:X=Nb,1.2912356108487877,1.207275719099595,1.0890314542360273,half
NbFeSb,half:X=Nb,1.2796897530336189,1.1983507450200341,1.0816355002259226,half
NbFeSb,half:X=Nb,1.268460958684802,1.1897203508993954,1.069990635751922,half
NbFeSb,half:X=Nb,1.2575105831906153,1.1774403830056674,1.0586796995010488,half
NbFeSb,half:X=Nb,1.2468431222513197,1.1716959148858996,1.0510728067262374,half
NbFeSb,half:X=Nb,1.2364112877439664,1.1559431733980303,1.039488679391466,half
NbFeSb,half:X=Nb,1.2262647118956937,1.1488107003675987,1.0303732620417698,half
NbFeSb,half:X=Nb,1.2163506691391963,1.1371159006780158,1.0194794675289622,half
NbFeSb,half:X=Nb,1.2066370112835358,1.1296550759032646,1.01406752148574,half
NbFeSb,half:X=Nb,1.1971702471060008,1.1198516817285515,1.0030512646891743,half
NbFeSb,half:X=Nb,1.1878871784095477,1.1136081832879834,0.9935892939208721,half
NbFeSb,half:X=Nb,1.1788331173591167,1.109446059871308,0.991399037229914,half
NbFeSb,half:X=Nb,1.169938808941815,1.1097722622366892,0.9914312285476705,half
NbFeSb,half:X=Nb,1.1760912590556813,1.1097722622366892,0.9914312285476705,half
NbFeSb,half:X=Nb,1.1760912590556813,1.1097722622366892,0.9914312285476705,half
NbFeSb,half:X=Nb,1.1612182196910161,1.098822551903007,0.9766773701517031,half
NbFeSb,half:X=Nb,1.152685756036786,1.0812508160090109,0.9601383722832655,half
NbFeSb,half:X=Nb,1.1443250784004884,1.0706113903577983,0.9484543068022873,half
NbFeSb,half:X=Nb,1.136149586088531,1.058697852931653,0.9368268544433123,half
NbFeSb,half:X=Nb,1.1280760126687153,1.0575954401307013,0.9353251504817601,half
NbFeSb,half:X=Nb,1.1201789384711154,1.046805306221555,0.9233838083380115,half
NbFeSb,half:X=Nb,1.1124374173218436,1.035824513294671,0.9214641997702785,half
NbFeSb,half:X=Nb,1.1048284036536553,1.0317622707765177,0.9100545964122996,half
NbFeSb,half:X=Nb,1.0973267357157728,1.0277870366906616,0.9087167449575635,half
NbFeSb,half:X=Nb,1.089975722687729,1.0206904605766345,0.9063734679963151,half
NbFeSb,half:X=Nb,1.0827494767272812,1.0116709264423258,0.8954500305785016,half
NbFeSb,half:X=Nb,1.0756199459287756,1.0025199062391044,0.8819852113137742,half
NbFeSb,half:X=Nb,1.0686310637143166,0.9960832525107137,0.88062020109796,half
NbFeSb,half:X=Nb,1.061753967805933,0.9889809483457185,0.8711153473133152,half
NbFeSb,half:X=Nb,1.0549575960124065,0.9823154991641924,0.8671338905272129,half
NbFeSb,half:X=Nb,1.0482863931061255,0.9800200617046417,0.861396178308546,half
NbFeSb,half:X=Nb,1.0417478717232662,0.9645489866734611,0.8492126549448948,half
NbFeSb,half:X=Nb,1.0352696000994364,0.9615692362557713,0.8442301174851023,half
NbFeSb,half:X=Nb,1.0288964451314704,0.9586786640026039,0.8437223962148438,half
NbFeSb,half:X=Nb,1.022593314021462,0.947064691368638,0.8324916020555699,half
NbFeSb,half:X=Nb,1.0164065008711178,0.940490645080897,0.8252270853093686,half
NbFeSb,half:X=Nb,1.0102999566398119,0.9336809227570273,0.8177067536503362,half
NbFeSb,half:X=Nb,1.0042783722001625,0.9290851294685847,0.810295197232407,half
NbFeSb,half:X=Nb,0.9983465373963646,0.9232404872817558,0.806623043807646,half
NbFeSb,half:X=Nb,0.9925093350677755,0.9201076315009159,0.8028329070725515,half
NbFeSb,half:X=Nb,0.9867269593312185,0.9119253232495868,0.7929269644999343,half
NbFeSb,half:X=Nb,0.9810480589131729,0.9032144942308513,0.7857615009683343,half
NbFeSb,half:X=Nb,0.9753858489894673,0.8995083965793986,0.778625000818858,half
NbFeSb,half:X=Nb,0.9698350930757975,0.8956048100693924,0.7737681781171445,half
NbFeSb,half:X=Nb,0.9643539292921935,0.8903391747687609,0.7719775000565055,half
NbFeSb,half:X=Nb,0.9589459324939364,0.8872348144519755,0.7627180369052152,half
NbFeSb,half:X=Nb,0.9536147416906405,0.8821672726827522,0.754526589286306,half
NbFeSb,half:X=Nb,0.9483151406893479,0.8753441523841387,0.7524889919387767,half
NbFeSb,half:X=Nb,0.9430986230054853,0.8730969652003472,0.7475514924947945,half
NbFeSb,half:X=Nb,0.9379690029514529,0.8660421130814554,0.7423173082398175,half
NbFeSb,half:X=Nb,0.9328794578237992,0.8603694266869957,0.7383594058080248,half
NbFeSb,half:X=Nb,0.9278321328665817,0.8550048931160222,0.731693847976387,half
NbFeSb,half:X=Nb,0.9228810912082934,0.849687831507421,0.7291159562883229,half
NbFeSb,half:X=Nb,0.9179254220647411,0.8434052752164581,0.7243218198402989,half
NbFeSb,half:X=Nb,0.9130717403092508,0.8393828813931443,0.7208874887317345,half
NbFeSb,half:X=Nb,0.9082704994957239,0.8343854492095782,0.7150600500818818,half
NbFeSb,half:X=Nb,0.9035240644712622,0.8283425419267817,0.7099602847003219,half
NbFeSb,half:X=Nb,0.8988348380682741,0.8243044945436541,0.7064037003356406,half
NbFeSb,half:X=Nb,0.8941498467679221,0.8201669756420659,0.6999801427727892,half
NbFeSb,half:X=Nb,0.8895257966711911,0.8159952508836589,0.6957744669412074,half
NbFeSb,half:X=Nb,0.8850217948622976,0.8102402790342982,0.6904395272390825,half
NbFeSb,half:X=Nb,0.8804705928037784,0.8068625634625651,0.6869606144716325,half
NbFeSb,half:X=Nb,0.8760445502460952,0.8029635930263661,0.6822944026057752,half
NbFeSb,half:X=Nb,0.8716313045375536,0.7985584373382029,0.6779188104121566,half
NbFeSb,half:X=Nb,0.8672317145188941,0.7936651711834679,0.6732640571363402,half
NbGaNi,half:X=Nb,1.359835482339888,1.393435022080931,1.2915529468408382,half
NbGaNi,half:X=Nb,1.2008504980910775,1.247048541536192,1.1172935759191973,half
NbGaNi,half:X=Nb,1.2008504980910775,1.247048541536192,1.1172935759191973,half
NbGaPt,half:X=Nb,1.288651577789465,1.2836534730510663,1.2494126096917861,half
NbGeIr,half:X=Nb,1.5185139398778875,1.2867526360018826,1.2769219182680827,half
NbGeIr,half:X=Nb,1.3926090304975671,1.2867526360018826,1.2769219182680827,half
NbGeIr,half:X=Nb,1.2357808703275603,1.0853654947090319,1.0797930081186755,half
NbGeIr,half:X=Nb,1.2357808703275603,1.0853654947090319,1.0797930081186755,half
NbGeRh,half:X=Nb,1.4440135505867988,1.3691302874096043,1.3732441543363176,half
NbGeRh,half:X=Nb,1.3144992279731516,1.1712160870556443,1.1940393509802298,half
NbGeRh,half:X=Nb,1.3144992279731516,1.1712160870556443,1.1940393509802298,half
NbInPt,half:X=Nb,1.2174839442139063,1.170791070727955,1.15458986051933,half
NbInPt,half:X=Nb,1.206852850006698,1.170791070727955,1.15458986051933,half
NbIrC,half:X=Nb,1.4576094314685548,1.4303153225413567,1.4239886784708076,half
NbIrPb,half:X=Nb,1.1644718242776897,1.1140996307506652,1.1030699563948327,half
NbIrPb,half:X=Nb,0.7831886910752576,0.7867618779800889,0.8218623529230326,half
NbIrPb,half:X=Nb,0.7831886910752576,0.7867618779800889,0.8218623529230326,half
NbNiB,half:X=Nb,1.596608090284298,1.5044596626710325,1.5179814419943698,half
NbPOs,half:X=Nb,1.5053942002849865,1.465666322637353,1.3888622227196468,half
NbPRu,half:X=Nb,1.604625593021657,1.5229218957993893,1.5299821523363186,half
NbRhC,half:X=Nb,1.5838899198964682,1.5064522555369142,1.4983694340747284,half
NbRhPb,half:X=Nb,1.159988050381987,1.1777953873060332,1.121378637267205,half
NbRhPb,half:X=Nb,0.857935264719429,0.9173568797470942,0.8830298965258452,half
NbRhPb,half:X=Nb,0.857935264719429,0.9173568797470942,0.8830298965258452,half
NbSbOs,half:X=Nb,1.3944516808262162,1.2581348031354993,1.2132552559970489,half
NbSbOs,half:X=Nb,1.3712526291249394,1.2581348031354993,1.2132552559970489,half
NbSbOs,half:X=Nb,1.0740846890282438,1.0295949314881747,0.9754975178113084,half
NbSbOs,half:X=Nb,1.0740846890282438,1.0295949314881747,0.9754975178113084,half
NbSbRu,half:X=Nb,1.1945143418824673,1.2063372822956788,1.1811432378302635,half
NbSbRu,half:X=Nb,1.3560258571931227,1.2063372822956788,1.1811432378302635,half
NbSbRu,half:X=Nb,1.414672578435721,1.2063372822956788,1.1811432378302635,half
NbSbRu,half:X=Nb,1.1945143418824673,1.2063372822956788,1.1811432378302635,half
NbSbRu,half:X=Nb,1.381711793896331,1.2063372822956788,1.1811432378302635,half
NbSbRu,half:X=Nb,1.0976043288744108,1.0226727395192943,0.9503457047203745,half
NbSbRu,half:X=Nb,1.0976043288744108,1.0226727395192943,0.9503457047203745,half
NbSiIr,half:X=Nb,1.490927182060255,1.422889810893637,1.3675432665313636,half
NbSiRh,half:X=Nb,1.1846914308175989,1.3930968287787788,1.3687869053514587,half
NbSiRh,half:X=Nb,1.5641450718453223,1.3930968287787788,1.3687869053514587,half
NbSnIr,half:X=Nb,1.2966651902615312,1.2635506685616538,1.1688796601907092,half
NbSnIr,half:X=Nb,1.3256798268434258,1.2635506685616538,1.1688796601907092,half
NbSnIr,half:X=Nb,1.0633333589517495,1.038438509607971,0.9573534584792494,half
NbSnIr,half:X=Nb,1.0633333589517495,1.038438509607971,0.9573534584792494,half
NbSnRh,half:X=Nb,1.1958996524092338,1.2446277865202344,1.2222921480914823,half
NbSnRh,half:X=Nb,1.3493941009438675,1.2446277865202344,1.2222921480914823,half
NbSnRh,half:X=Nb,0.9965116721541787,1.0540253370451151,0.9897473482156308,half
NbSnRh,half:X=Nb,0.9965116721541787,1.0540253370451151,0.9897473482156308,half
NbTlNi,half:X=Nb,1.0600553648248447,1.0349269713612426,1.0065744058528039,half
NbTlPt,half:X=Nb,1.0796153235269434,1.0958939232569467,1.0197770708269374,half
NdBiPd,half:X=Nd,0.6618126855372612,0.6069420507885461,0.49240933117770147,half
NdBiPd,half:X=Nd,0.6618126855372612,0.6069420507885461,0.49240933117770147,half
NdBiPd,half:X=Nd,0.7420203429878237,0.6069420507885461,0.49240933117770147,half
NdCuPb,half:X=Nd,-0.2987775157434428,0.517395356690475,0.4116158310683516,half
NdNiBi,half:X=Nd,0.7201593034059569,0.6492314930066094,0.45822321147495576,half
NdNiBi,half:X=Nd,0.7201593034059569,0.6492314930066094,0.45822321147495576,half
NdOF,half:X=Nd,1.1002326519645063,0.9375417890852472,1.015680036375147,half
OsPbW,half:X=Os,1.2086025744625322,0.762489155225109,,half
PIrRh,half:X=P,0.4683768732496166,1.312563973792067,,half
PaFeSb,half:X=Pa,0.9701189745845696,1.025936975418913,,half
PmAgPb,half:X=Pm,-0.15094930943048782,0.2815138686292657,0.4496970685813434,half
PmNiSb,half:X=Pm,0.2719344938177649,0.9366303239508489,0.9157979083841802,half
PmPbAu,half:X=Pm,-0.17146899335489862,0.4516888991229346,0.6936004688334698,half
PmPdPb,half:X=Pm,-0.2897133522971091,0.44125578152361467,0.5302989406780567,half
PmSbPd,half:X=Pm,0.5587805470792361,0.7968337553434944,0.874762553168203,half
PmSbPt,half:X=Pm,-0.2502636844309389,0.6773875906625753,0.8686964996896617,half
PmSnAu,half:X=Pm,-0.023054249440757825,0.7224788777746738,0.7464739167663068,half
PrBiPd,half:X=Pr,0.6222140229662954,0.7391193140769011,0.8020739027871708,half
PrBiPd,half:X=Pr,0.6222140229662954,0.7391193140769011,0.8020739027871708,half
PrNiBi,half:X=Pr,0.6503075231319364,0.7574079581515024,0.7608315272791942,half
PrNiBi,half:X=Pr,0.6503075231319364,0.7574079581515024,0.7608315272791942,half
PrNiBi,half:X=Pr,0.7849072246766666,0.7574079581515024,0.7608315272791942,half
PrOF,half:X=Pr,1.098403742102061,1.0156830041584521,1.0165332174642723,half
RbAgO,half:X=Rb,0.2277067820606712,0.36109424833482207,0.40855742765897907,half
RbAgO,half:X=Rb,0.15572065808560237,0.36109424833482207,0.40855742765897907,half
RbAuO,half:X=Rb,0.03116599966065895,0.2917805375026499,0.22837188628244343,half
RbCuO,half:X=Rb,0.1528791333727882,0.43211635115969677,0.5888079429879092,half
RbCuO,half:X=Rb,0.16704160318763206,0.43211635115969677,0.5888079429879092,half
RbNa2Sb,full:X2=Na,-0.09691001300805639,0.13218826511651727,0.09723251168955982,full
RbNa2Sb,full:X2=Na,-0.1180450286603995,0.0906137515631168,0.082061239698211,full
RbNa2Sb,full:X2=Na,-0.1384655891409622,0.0699371109566862,0.05866350165933687,full
RbNa2Sb,full:X2=Na,-0.15801519540988615,0.03537072322360546,0.025348277985868695,full
RbNa2Sb,full:X2=Na,-0.17652577082969892,0.014088249609706893,-0.003896023876521104,full
RbNa2Sb,full:X2=Na,-0.1938200260161128,-0.002578896249534335,-0.011428599109550741,full
RbNa2Sb,full:X2=Na,-0.21112488422458328,-0.01929522558190999,-0.029121592937939922,full
RbNa2Sb,full:X2=Na,-0.22767829327708025,-0.03446067239349071,-0.046591314278019214,full
RbNa2Sb,full:X2=Na,-0.243363891754152,-0.04669460831968397,-0.06461882551121634,full
RbNa2Sb,full:X2=Na,-0.2580609222708011,-0.05941558038735728,-0.06982084663525567,full
RbNa2Sb,full:X2=Na,-0.2732727909734277,-0.05774728020508135,-0.07485411652710872,full
RbNa2Sb,full:X2=Na,-0.10792766939249589,-0.05774728020508135,-0.07485411652710872,full
RbNa2Sb,full:X2=Na,-0.15989390554324223,-0.05774728020508135,-0.07485411652710872,full
RbNa2Sb,full:X2=Na,-0.28735029837278864,-0.05795239100588001,-0.09122215505017739,full
RbNa2Sb,full:X2=Na,-0.3010299956639812,-0.08626076813833639,-0.10926738709886985,full
RbNa2Sb,full:X2=Na,-0.3142582613977364,-0.0948867831397765,-0.11241832045028166,full
RbNa2Sb,full:X2=Na,-0.3279021420642826,-0.1080139644286825,-0.12040662854325412,full
RbNa2Sb,full:X2=Na,-0.34008379993014975,-0.11895719385974035,-0.14267645934688267,full
RbNa2Sb,full:X2=Na,-0.3526170298853802,-0.12297283632528822,-0.13761752806217098,full
RbNa2Sb,full:X2=Na,-0.3645162531850879,-0.13812508904791587,-0.14404632084486035,full
RbNa2Sb,full:X2=Na,-0.3757179041643317,-0.15897804131016902,-0.16763987531495128,full
RbNa2Sb,full:X2=Na,-0.38721614328026455,-0.16525206326912778,-0.17161456805406328,full
RbNa2Sb,full:X2=Na,-0.3979400086720376,-0.16957334836243898,-0.17976699254501138,full
RbNa2Sb,full:X2=Na,-0.4089353929735008,-0.17693800406011573,-0.18960576451168887,full
RbNa2Sb,full:X2=Na,-0.4190750243243807,-0.20221559725393712,-0.1888462228244321,full
RbNa2Sb,full:X2=Na,-0.4294570601181025,-0.21878117458052915,-0.16186276589878057,full
RbNa2Sb,full:X2=Na,-0.438898616350944,-0.2241922637367343,-0.16704017737103694,full
RbNa2Sb,full:X2=Na,-0.44855000202712486,-0.2324681654416768,-0.18460019414710438,full
RbNa2Sb,full:X2=Na,-0.4584207560534191,-0.2372974626268165,-0.19648163455013923,full
RbNa2Sb,full:X2=Na,-0.46852108295774486,-0.25339339817918627,-0.2057976575283842,full
RbNa2Sb,full:X2=Na,-0.4775557664936801,-0.2590763370939715,-0.21615338510236115,full
RbNa2Sb,full:X2=Na,-0.4854522473397139,-0.2622542829780332,-0.223072257614914,full
RbNa2Sb,full:X2=Na,-0.494850021680094,-0.26292153825679576,-0.23033453312752483,full
RbNa2Sb,full:X2=Na,-0.5030703519267851,-0.28077490630711033,-0.26482297738496174,full
RbNa2Sb,full:X2=Na,-0.5114492834995558,-0.2894325654280929,-0.2743269707537721,full
RbNa2Sb,full:X2=Na,-0.5199930570428494,-0.2692190317044696,-0.2949996808143991,full
RbNa2Sb,full:X2=Na,-0.5287082889410615,-0.27059535815260216,-0.30463909338450224,full
RbNa2Sb,full:X2=Na,-0.5361070110140927,-0.27365358808715734,-0.3140393856596919,full
RbNa2Sb,full:X2=Na,-0.543633966870957,-0.2912807529691741,-0.3298066645489557,full
RbNa2Sb,full:X2=Na,-0.5512936800949201,-0.29196265962546253,-0.34170980831318976,full
RbNa2Sb,full:X2=Na,-0.5590909179347823,-0.29557671525433604,-0.350870027582588,full
RbNa2Sb,full:X2=Na,-0.5670307091255943,-0.30179055084339335,-0.35639417789789074,full
RbNa2Sb,full:X2=Na,-0.5734887386354247,-0.3072574086812929,-0.3610982911986609,full
RbNa2Sb,full:X2=Na,-0.5816987086802545,-0.3150701915112075,-0.4137078301822166,full
RbNa2Sb,full:X2=Na,-0.5883802940367698,-0.32192386436188314,-0.41742718302115356,full
RbNa2Sb,full:X2=Na,-0.595166283380062,-0.32658272510070563,-0.4241146279642465,full
RbNa2Sb,full:X2=Na,-0.6020599913279624,-0.3283715380031087,-0.4299895402196494,full
RbNa2Sb,full:X2=Na,-0.6090648928966209,-0.3424064977984007,-0.43789629654736006,full
RbNa2Sb,full:X2=Na,-0.6143937264016879,-0.34368392195440545,-0.44014190886883875,full
RbNa2Sb,full:X2=Na,-0.6216020990518624,-0.377910173742559,-0.43804942727113416,full
RbNa2Sb,full:X2=Na,-0.6289321377282637,-0.3800954584909926,-0.44154970103718605,full
RbNa2Sb,full:X2=Na,-0.6345120151091003,-0.3815022215241566,-0.4441136239952441,full
RbNa2Sb,full:X2=Na,-0.640164517660112,-0.38999445427513946,-0.45180416215331354,full
RbNa2Sb,full:X2=Na,-0.6478174818886375,-0.39592058004806474,-0.45804705650065913,full
RbNa2Sb,full:X2=Na,-0.6536470255493614,-0.3987708161139054,-0.4656385844742772,full
RbNa2Sb,full:X2=Na,-0.6595558851598816,-0.4030673338540127,-0.4700920325872764,full
RbNa2Sb,full:X2=Na,-0.6655462488490691,-0.40728742015089625,-0.48279420845699583,full
RbNa2Sb,full:X2=Na,-0.6716203965612623,-0.4140329494358752,-0.4884006829503811,full
RbNa2Sb,full:X2=Na,-0.6757175447023074,-0.4174345376503603,-0.4972363259544832,full
RbNa2Sb,full:X2=Na,-0.6819366650372385,-0.4280078555839537,-0.5123323105408453,full
RbNa2Sb,full:X2=Na,-0.6882461389442457,-0.4333591400640022,-0.5203266146462124,full
RbNa2Sb,full:X2=Na,-0.6925039620867871,-0.4370139563227524,-0.5260043088130768,full
RbNa2Sb,full:X2=Na,-0.6989700043360187,-0.4424171067886369,-0.5310534166287135,full
RbNa2Sb,full:X2=Na,-0.7033348097384688,-0.44587595134825486,-0.5384786553272523,full
RbNa2Sb,full:X2=Na,-0.7099653886374819,-0.45302421677846194,-0.5416723659068108,full
RbNa2Sb,full:X2=Na,-0.7144426909922262,-0.46105113538091924,-0.5522057678063481,full
RbNa2Sb,full:X2=Na,-0.7189666327522725,-0.464069535793187,-0.5548379252574063,full
RbNa2Sb,full:X2=Na,-0.7258421507363202,-0.4693546272769349,-0.5649132409308473,full
RbNa2Sb,full:X2=Na,-0.7304870557820837,-0.47283446044480004,-0.5693640245415059,full
RbNa2Sb,full:X2=Na,-0.7351821769904635,-0.4780478437771447,-0.5757257594196796,full
RbNa2Sb,full:X2=Na,-0.7399286120149252,-0.48142294764264837,-0.5787960862601351,full
RbNa2Sb,full:X2=Na,-0.744727494896694,-0.48649902039260673,-0.5843426162794363,full
RbNa2Sb,full:X2=Na,-0.7495799976911061,-0.489922017389369,-0.5868199645690344,full
RbNa2Sb,full:X2=Na,-0.7544873321858502,-0.49310751958135235,-0.5929062476064264,full
RbNa2Sb,full:X2=Na,-0.7594507517174003,-0.5017131561485697,-0.5976012767558363,full
RbNa2Sb,full:X2=Na,-0.7644715530924511,-0.5051856017678493,-0.6003578147076563,full
RbNa2Sb,full:X2=Na,-0.769551078621726,-0.5091456869599353,-0.6026533957032645,full
RbNa2Sb,full:X2=Na,-0.7721132953863264,-0.5162978667311495,-0.6052473763400299,full
RbNa2Sb,full:X2=Na,-0.7772835288524167,-0.5210666414986793,-0.6107915581059811,full
RbNa2Sb,full:X2=Na,-0.7825160557860937,-0.5250772532583248,-0.6040796191463216,full
RbNa2Sb,full:X2=Na,-0.7878123955960422,-0.5262630500485919,-0.6106836678918433,full
RbNa2Sb,full:X2=Na,-0.790484985457369,-0.5308669099943197,-0.6165954035870855,full
RbNa2Sb,full:X2=Na,-0.7958800173440752,-0.5423498480334445,-0.6057128296894676,full
RuPbW,half:X=Ru,1.207688213335581,1.054846675530313,,half
ScAgC,half:X=Sc,1.143576832158996,1.2443049076035813,1.2177052138863793,half
ScAlHg,half:X=Sc,0.8647483356296588,0.9523757167384963,0.8998186492898471,half
ScBiPd,half:X=Sc,0.7671558660821804,0.8027986203814331,0.8349129707300857,half
ScBiPd,half:X=Sc,0.9978230807457255,0.8027986203814331,0.8349129707300857,half
ScBiPd,half:X=Sc,0.7671558660821804,0.8027986203814331,0.8349129707300857,half
ScBiPd,half:X=Sc,0.7355988996981799,0.6036807587588424,0.6409965801452074,half
ScBiPd,half:X=Sc,0.7355988996981799,0.6036807587588424,0.6409965801452074,half
ScCdIn,half:X=Sc,0.7092699609758307,0.6069825530965949,0.6486650432570142,half
ScCoS,half:X=Sc,1.3743083312998159,1.1939251728614328,1.2235901336596933,half
ScCoSe,half:X=Sc,1.1760912590556813,1.1183546248807565,1.1085051814643392,half
ScCoSe,half:X=Sc,1.2224042910824555,1.1183546248807565,1.1085051814643392,half
ScCoTe,half:X=Sc,1.1038037209559568,1.065387155286307,1.0878277106809269,half
ScCoTe,half:X=Sc,1.1444496608688994,1.065387155286307,1.0878277106809269,half
ScCoTe,half:X=Sc,1.1038037209559568,1.065387155286307,1.0878277106809269,half
ScCoTe,half:X=Sc,1.1917480720002707,1.065387155286307,1.0878277106809269,half
ScCuC,half:X=Sc,1.3355381324431508,1.3684404523260034,1.3632129615657074,half
ScGaHg,half:X=Sc,0.7486530934242673,0.9436305730596312,0.7746685322590537,half
ScGeAu,half:X=Sc,1.0976043288744108,0.9775157058658337,0.8552057317480972,half
ScGeAu,half:X=Sc,0.9534213996810352,0.9775157058658337,0.8552057317480972,half
ScGeAu,half:X=Sc,1.0976043288744108,0.9775157058658337,0.8552057317480972,half
ScGeAu,half:X=Sc,1.2069499424466068,0.9775157058658337,0.8552057317480972,half
ScHgB,half:X=Sc,0.9339426027412611,0.9557831597595111,0.8800346544625993,half
ScInHg,half:X=Sc,0.6911699341316039,0.5890290704449734,0.43375012983482547,half
ScNiAs,half:X=Sc,1.2430380486862944,1.227020589734877,1.2254552191443844,half
ScNiAs,half:X=Sc,1.2359827034818394,1.227020589734877,1.2254552191443844,half
ScNiAs,half:X=Sc,1.2787536009528289,1.227020589734877,1.2254552191443844,half
ScNiAs,half:X=Sc,0.9758911364017928,1.0700251310336302,1.0478076364043596,half
ScNiAs,half:X=Sc,0.9758911364017928,1.0700251310336302,1.0478076364043596,half
ScNiAs,half:X=Sc,0.6720978579357175,0.6780267141312608,0.7630652622128891,half
ScNiBi,half:X=Sc,0.9571281976768131,1.0307668155606242,0.9608571667754735,half
ScNiBi,half:X=Sc,1.1553360374650619,1.0307668155606242,0.9608571667754735,half
ScNiBi,half:X=Sc,0.8757555792580545,1.0307668155606242,0.9608571667754735,half
ScNiBi,half:X=Sc,0.9571281976768131,1.0307668155606242,0.9608571667754735,half
ScNiBi,half:X=Sc,1.1060854566734837,1.0307668155606242,0.9608571667754735,half
ScNiBi,half:X=Sc,0.8432327780980095,0.9121704310679805,0.8023005109520516,half
ScNiBi,half:X=Sc,0.8432327780980095,0.9121704310679805,0.8023005109520516,half
ScNiP,half:X=Sc,0.9479236198317263,1.3181141867533117,1.250277667390023,half
ScNiP,half:X=Sc,1.4155075355927835,1.3181141867533117,1.250277667390023,half
ScNiP,half:X=Sc,1.0253058652647702,1.3181141867533117,1.250277667390023,half
ScNiP,half:X=Sc,0.9479236198317263,1.3181141867533117,1.250277667390023,half
ScNiP,half:X=Sc,1.1035745445120702,1.3181141867533117,1.250277667390023,half
ScNiP,half:X=Sc,0.3979400086720376,0.7966712870235279,0.7359427442385548,half
ScNiSb,half:X=Sc,1.1433271299920464,1.1244370971966142,1.0838033960037914,half
ScNiSb,half:X=Sc,1.290034611362518,1.1244370971966142,1.0838033960037914,half
ScNiSb,half:X=Sc,1.1186945078978379,1.1244370971966142,1.0838033960037914,half
ScNiSb,half:X=Sc,1.2671717284030137,1.1244370971966142,1.0838033960037914,half
ScNiSb,half:X=Sc,1.1433271299920464,1.1244370971966142,1.0838033960037914,half
ScNiSb,half:X=Sc,1.205789698279841,1.1244370971966142,1.0838033960037914,half
ScNiSb,half:X=Sc,0.6532125137753437,0.6289125587356708,0.6050513944089649,half
ScPPt,half:X=Sc,1.1919258517114362,1.19449819906395,1.1778370149714537,half
ScSbPd,half:X=Sc,1.0441476208787228,0.9613505197085834,0.9633688077735254,half
ScSbPd,half:X=Sc,1.0441476208787228,0.9613505197085834,0.9633688077735254,half
ScSbPt,half:X=Sc,1.2743657064474254,1.1944300708242406,1.1244585203411357,half
ScSbPt,half:X=Sc,1.2512487623058446,1.1727072091516957,1.1013323367626444,half
ScSbPt,half:X=Sc,1.2294002401797812,1.1506637391022838,1.0799955573932123,half
ScSbPt,half:X=Sc,1.2086563005072475,1.1306180271674164,1.060093246432352,half
ScSbPt,half:X=Sc,1.1889284837608534,1.110063218658465,1.0343098895170344,half
ScSbPt,half:X=Sc,1.1701149694966517,1.0904676679400438,1.0149995664236222,half
ScSbPt,half:X=Sc,1.152135396861876,1.0750466954928002,1.0012776561688963,half
ScSbPt,half:X=Sc,1.1348780451951292,1.056652074143167,0.9806970540169196,half
ScSbPt,half:X=Sc,1.1183308740573026,1.0401340808558723,0.9649889325911857,half
ScSbPt,half:X=Sc,1.1024337056813363,1.0260707633824682,0.9483332179048349,half
ScSbPt,half:X=Sc,1.0871067440990927,1.01858453100289,0.9448429990963698,half
ScSbPt,half:X=Sc,0.884795363948981,1.01858453100289,0.9448429990963698,half
ScSbPt,half:X=Sc,1.0896247421302216,1.01858453100289,0.9448429990963698,half
ScSbPt,half:X=Sc,1.0644579892269184,1.01858453100289,0.9448429990963698,half
ScSbPt,half:X=Sc,0.884795363948981,1.01858453100289,0.9448429990963698,half
ScSbPt,half:X=Sc,1.1261119171695226,1.01858453100289,0.9448429990963698,half
ScSbPt,half:X=Sc,1.0723234382930409,0.9967424124061539,0.9237942983814674,half
ScSbPt,half:X=Sc,1.0580462303952818,0.9849433543528463,0.8995760817028023,half
ScSbPt,half:X=Sc,1.0442260771126826,0.9763266786116002,0.8936896949673545,half
ScSbPt,half:X=Sc,1.0308829531096668,0.9635758856634693,0.8843263762555436,half
ScSbPt,half:X=Sc,1.017909395896689,0.9539033674940969,0.8609652629342561,half
ScSbPt,half:X=Sc,1.0053521364862166,0.9422132797419006,0.8539818023224086,half
ScSbPt,half:X=Sc,0.9931716050307648,0.9291413239095369,0.845814393811734,half
ScSbPt,half:X=Sc,0.9813201732591074,0.9207280233197684,0.8281315530169143,half
ScSbPt,half:X=Sc,0.9697885374149389,0.9144750124680154,0.820254222604445,half
ScSbPt,half:X=Sc,0.9585638832219674,0.9187856570306383,0.812657005365358,half
ScSbPt,half:X=Sc,0.9476297473843546,0.911938864937766,0.8325866743578212,half
ScSbPt,half:X=Sc,0.9369658971078701,0.9020448272350718,0.8213080747384638,half
ScSbPt,half:X=Sc,0.9265482246356188,0.8866154891591103,0.8127515510774819,half
ScSbPt,half:X=Sc,0.9164013036038756,0.8746272417764553,0.8079520145278459,half
ScSbPt,half:X=Sc,0.906496659799353,0.8697752543469219,0.7959755753017881,half
ScSbPt,half:X=Sc,0.8968016976649217,0.8630107046839277,0.7923688221731154,half
ScSbPt,half:X=Sc,0.887335930399167,0.8528444663362447,0.777963993090008,half
ScSbPt,half:X=Sc,0.8780619812900126,0.8387959495606515,0.7724428918893899,half
ScSbPt,half:X=Sc,0.8689969024871355,0.8354450085771493,0.7669660243785719,half
ScSbPt,half:X=Sc,0.8600983296985181,0.8410974950405771,0.766985061899443,half
ScSbPt,half:X=Sc,0.8513806679655967,0.8030157338046872,0.7547174033078949,half
ScSbPt,half:X=Sc,0.8428587624452937,0.8021548912333416,0.7367809535256298,half
ScSbPt,half:X=Sc,0.8344842853348052,0.7940395468508449,0.7274848944798687,half
ScSbPt,half:X=Sc,0.8262692193937262,0.7900792710291725,0.7164827434721616,half
ScSbPt,half:X=Sc,0.8182258936139555,0.7814643069532516,0.7133090298986575,half
ScSbPt,half:X=Sc,0.8103669536816251,0.7663138078980922,0.6981541466000076,half
ScSbPt,half:X=Sc,0.8025684983139565,0.7625553299700777,0.6926059806495117,half
ScSbPt,half:X=Sc,0.7949757440511316,0.756215419177492,0.6837172878247247,half
ScSbPt,half:X=Sc,0.787460474518415,0.7434395216738576,0.6762386259945057,half
ScSbPt,half:X=Sc,0.7801011914679116,0.7406713723935918,0.6731398087589785,half
ScSbPt,half:X=Sc,0.7729081949712717,0.7333580372898634,0.6643374708232767,half
ScSbPt,half:X=Sc,0.7658175153099182,0.7258092942653027,0.6627976443140717,half
ScSbPt,half:X=Sc,0.7587605439099796,0.7179187788869191,0.6586379790715985,half
ScSbPt,half:X=Sc,0.7518946880437474,0.714017525739106,0.6519429093971929,half
ScSbPt,half:X=Sc,0.7451528950769003,0.708628430091177,0.6451859163936409,half
ScSbPt,half:X=Sc,0.7384634394619524,0.6990390787792553,0.6420531674118095,half
ScSbPt,half:X=Sc,0.7319109421168725,0.6958150382740695,0.6277070390482933,half
ScSbPt,half:X=Sc,0.7254215500742587,0.6895143501309566,0.6250350586205644,half
ScSbPt,half:X=Sc,0.7190825739014859,0.6835115816636513,0.613967930001357,half
ScSbPt,half:X=Sc,0.7127338590699518,0.6770567981164226,0.6104242018925949,half
ScSbPt,half:X=Sc,0.7065471026403575,0.6713042449392058,0.6240127968071677,half
ScSbPt,half:X=Sc,0.7004441010277516,0.666550903541648,0.6191000694521911,half
ScSbPt,half:X=Sc,0.6944296909570831,0.6550449966626474,0.6137994026212865,half
ScSbPt,half:X=Sc,0.6885088076565212,0.6509832856115052,0.608586912582419,half
ScSbPt,half:X=Sc,0.6826864782497681,0.6420109230425366,0.6043824476795394,half
ScSbPt,half:X=Sc,0.6768764319731371,0.6386825959201273,0.5987576088833867,half
ScSbPt,half:X=Sc,0.6711728427150833,0.6329554003050673,0.5895684466827177,half
ScSbPt,half:X=Sc,0.6655809910179531,0.6272387643994515,0.5831786119830137,half
ScSbPt,half:X=Sc,0.6600112212893308,0.6214491007060041,0.5806712260195679,half
ScSbPt,half:X=Sc,0.6545615547417433,0.6176912144517777,0.5752244290766342,half
ScSbPt,half:X=Sc,0.649140064144219,0.6090732256643707,0.5693821373987022,half
ScSbPt,half:X=Sc,0.6437486854595257,0.6070498668197825,0.5647657522280408,half
ScSbPt,half:X=Sc,0.6384892569546373,0.5963084039894033,0.5624563282148042,half
ScSbPt,half:X=Sc,0.6332664111554245,0.5908396384539603,0.5566253192457781,half
ScSbPt,half:X=Sc,0.6280822609906794,0.5876642049469145,0.5504741618842212,half
ScSbPt,half:X=Sc,0.6230424342463817,0.5811466303423112,0.5472002246345338,half
ScSbPt,half:X=Sc,0.6179434348289731,0.5760250870214126,0.540129210238747,half
ScSbPt,half:X=Sc,0.6129956560323475,0.5696113057721433,0.5374121284819497,half
ScSbPt,half:X=Sc,0.6080979463252796,0.5667217929120172,0.5331794089808275,half
ScSbPt,half:X=Sc,0.6032526619816468,0.5629091547383634,0.5274225521505604,half
ScSbPt,half:X=Sc,0.5983527098692839,0.5570210723422189,0.527353553589198,half
ScSbPt,half:X=Sc,0.5936183081295359,0.5539556092445381,0.5170401150424291,half
ScSbPt,half:X=Sc,0.5889436427400149,0.5427737245043358,0.516450109997629,half
ScSbPt,half:X=Sc,0.5843312243675308,0.5383385202678034,0.5132177979171227,half
ScSbPt,half:X=Sc,0.5796692935547203,0.53402153241852,0.5073205187518499,half
ScSbPt,half:X=Sc,0.5750723257138124,0.5313082462508341,0.5027471679743545,half
ScSbPt,half:X=Sc,0.5706596700215341,0.5268327894462259,0.4991148529024213,half
ScSbPt,half:X=Sc,0.5662017188549129,0.5307162857997063,0.49454710419560755,half
ScSbPt,half:X=Sc,0.5616975326539935,0.5266714162587817,0.49034220925461935,half
ScSbPt,half:X=Sc,0.5573868820595071,0.5239123421379914,0.4862460801976425,half
ScSiAu,half:X=Sc,1.0884550450441652,1.059515019723052,1.0450021375131726,half
ScSnAu,half:X=Sc,0.8506462351830665,0.7397496654272547,0.6290662915588767,half
ScSnAu,half:X=Sc,0.9029813997975028,0.7397496654272547,0.6290662915588767,half
ScSnAu,half:X=Sc,0.8506462351830665,0.7397496654272547,0.6290662915588767,half
ScSnAu,half:X=Sc,1.069257283528047,0.7397496654272547,0.6290662915588767,half
ScTeRh,half:X=Sc,1.1517987225928614,0.9872647369002023,1.0009951677847264,half
ScTeRh,half:X=Sc,1.1959005652565484,0.9872647369002023,1.0009951677847264,half
ScTlCd,half:X=Sc,0.5048784594102159,0.43633528763341534,0.39490835699739696,half
ScTlHg,half:X=Sc,0.4941545940184428,0.636760575012604,0.4356033110590716,half
SmNiBi,half:X=Sm,0.9290730385115002,0.7261324097889874,0.7923008843878471,half
SmOF,half:X=Sm,1.1005244855655774,0.9148507351461815,1.0799370506053523,half
SmSnAu,half:X=Sm,0.6897763842830442,0.2915927161654407,0.24696253760399312,half
SnOsW,half:X=Sn,1.3520859975015858,1.113201157173118,,half
Sr2AsAu,full:X2=Sr,-0.027797161620935564,0.12155187590205097,0.13489351287269347,full
Sr2AsAu,full:X2=Sr,-0.04817696468408802,0.08386750129031506,0.11146470942882936,full
Sr2AsAu,full:X2=Sr,-0.06752623532284678,0.06386183034978477,0.09308298433252726,full
Sr2AsAu,full:X2=Sr,-0.08618614761628333,0.043451222989263516,0.06900012053378635,full
Sr2AsAu,full:X2=Sr,-0.10457745396059209,0.012260017342450191,0.05256594891202282,full
Sr2AsAu,full:X2=Sr,-0.12147820449879346,-0.007946426525270889,0.03271033198751294,full
Sr2AsAu,full:X2=Sr,-0.1384655891409622,-0.01946560442723011,0.014505777795348784,full
Sr2AsAu,full:X2=Sr,-0.15428198203334137,-0.03289528913806816,-0.0013132178514370096,full
Sr2AsAu,full:X2=Sr,-0.17005330405836405,-0.0690178135001962,-0.016316006002132566,full
Sr2AsAu,full:X2=Sr,-0.18508681872492605,-0.07732375930481883,-0.029971365564995356,full
Sr2AsAu,full:X2=Sr,-0.19928292171761497,-0.08123063274517661,-0.03258454547183387,full
Sr2AsAu,full:X2=Sr,-0.10101881367336567,-0.08123063274517661,-0.03258454547183387,full
Sr2AsAu,full:X2=Sr,0.0187836888746968,-0.08123063274517661,-0.03258454547183387,full
Sr2AsAu,full:X2=Sr,-0.21324857785443882,-0.11571005508179466,-0.04150681310421467,full
Sr2AsAu,full:X2=Sr,-0.22694530663573742,-0.1161689918747959,-0.09625878505563867,full
Sr2AsAu,full:X2=Sr,-0.24033215531036956,-0.12460218702374093,-0.09767130535440927,full
Sr2AsAu,full:X2=Sr,-0.25258819211357664,-0.1436864035572616,-0.1103335700929996,full
Sr2AsAu,full:X2=Sr,-0.265200170411153,-0.15265201714625276,-0.12793272302095438,full
Sr2AsAu,full:X2=Sr,-0.27736607746618774,-0.1610042949470062,-0.13604655643268704,full
Sr2AsAu,full:X2=Sr,-0.28903688100472424,-0.16607952845287177,-0.14683600446423706,full
Sr2AsAu,full:X2=Sr,-0.30016227413275426,-0.13843962778570185,-0.16396394403165815,full
Sr2AsAu,full:X2=Sr,-0.3115801779972894,-0.14836288172000933,-0.17205805956693698,full
Sr2AsAu,full:X2=Sr,-0.32239304727950685,-0.12997710338981827,-0.18802246981018256,full
Sr2AsAu,full:X2=Sr,-0.3334820194451191,-0.14420798835391868,-0.16938493271363897,full
Sr2AsAu,full:X2=Sr,-0.34390179798716813,-0.1494962887289557,-0.17539211385221543,full
Sr2AsAu,full:X2=Sr,-0.3535962737769304,-0.11773596138226294,-0.18802640005328397,full
Sr2AsAu,full:X2=Sr,-0.36351210364663455,-0.12900096631794922,-0.1959731191148617,full
Sr2AsAu,full:X2=Sr,-0.37365963262495766,-0.137567953570794,-0.20462542128269057,full
Sr2AsAu,full:X2=Sr,-0.3829996588791011,-0.13926116863733906,-0.21092537950653356,full
Sr2AsAu,full:X2=Sr,-0.39147396642280585,-0.1549344462041723,-0.2249997711148286,full
Sr2AsAu,full:X2=Sr,-0.40120949323688493,-0.13067318679164952,-0.23112332731236807,full
Sr2AsAu,full:X2=Sr,-0.41005039867429227,-0.13369689759480097,-0.23920935088342166,full
Sr2AsAu,full:X2=Sr,-0.4190750243243807,-0.12252234936738826,-0.239656579294921,full
Sr2AsAu,full:X2=Sr,-0.42712839779951983,-0.1668709354925193,-0.2580395371862081,full
Sr2AsAu,full:X2=Sr,-0.4353339357479107,-0.16299363283074686,-0.25592109825205545,full
Sr2AsAu,full:X2=Sr,-0.44369749923271273,-0.16982335397656811,-0.2693424578805068,full
Sr2AsAu,full:X2=Sr,-0.4522252946121775,-0.1700912135818452,-0.28104053940791873,full
Sr2AsAu,full:X2=Sr,-0.4596705252091263,-0.1793428108723204,-0.28124118135431986,full
Sr2AsAu,full:X2=Sr,-0.4672456210075022,-0.19051701918329478,-0.29494332385423205,full
Sr2AsAu,full:X2=Sr,-0.47495519296315475,-0.197832907727861,-0.3054552876043177,full
Sr2AsAu,full:X2=Sr,-0.48280410205002566,-0.20008207029187064,-0.3168182196353695,full
Sr2AsAu,full:X2=Sr,-0.4907974776688971,-0.2146686987105546,-0.3176972248752292,full
Sr2AsAu,full:X2=Sr,-0.4975728800155673,-0.21689978303634372,-0.3246994126398357,full
Sr2AsAu,full:X2=Sr,-0.5044556624535516,-0.21677483692233568,-0.3321718190789078,full
Sr2AsAu,full:X2=Sr,-0.5114492834995558,-0.22493674354422888,-0.33853932658177177,full
Sr2AsAu,full:X2=Sr,-0.518557371497695,-0.22606232862407594,-0.3433513934226591,full
Sr2AsAu,full:X2=Sr,-0.5257837359237448,-0.22836399924167416,-0.34837346698803917,full
Sr2AsAu,full:X2=Sr,-0.5316526695878427,-0.23182587891207707,-0.35997144112339696,full
Sr2AsAu,full:X2=Sr,-0.5391021572434522,-0.24105116409513516,-0.361125948938001,full
Sr2AsAu,full:X2=Sr,-0.5451551399914898,-0.24366486490818207,-0.375424577833376,full
Sr2AsAu,full:X2=Sr,-0.5512936800949201,-0.24129274641454668,-0.3801446274586633,full
Sr2AsAu,full:X2=Sr,-0.5575202309355514,-0.24714055711038863,-0.38260145573306437,full
Sr2AsAu,full:X2=Sr,-0.563837352959244,-0.25367606794278674,-0.3929689154610645,full
Sr2AsAu,full:X2=Sr,-0.5702477199975919,-0.25889557609908054,-0.39691572704080413,full
Sr2AsAu,full:X2=Sr,-0.5767541260631921,-0.23293019321464525,-0.40327929595004175,full
Sr2AsAu,full:X2=Sr,-0.5816987086802545,-0.2422548203886834,-0.408579112855497,full
Sr2AsAu,full:X2=Sr,-0.5883802940367698,-0.2452476195964004,-0.4146132931480775,full
Sr2AsAu,full:X2=Sr,-0.5934598195660449,-0.25500848623082684,-0.4168427831621908,full
Sr2AsAu,full:X2=Sr,-0.6003262785189618,-0.2580477035129154,-0.4202094529529843,full
Sr2AsAu,full:X2=Sr,-0.6055483191737837,-0.2637173976407312,-0.432182650723431,full
Sr2AsAu,full:X2=Sr,-0.6108339156354675,-0.2452317902614083,-0.4373718368681567,full
Sr2AsAu,full:X2=Sr,-0.6161846340195687,-0.25068086903740694,-0.4424706607828057,full
Sr2AsAu,full:X2=Sr,-0.6216020990518624,-0.255150315846423,-0.4477704033561676,full
Sr2AsAu,full:X2=Sr,-0.6270879970298935,-0.2625399520625551,-0.4533026293803193,full
Sr2AsAu,full:X2=Sr,-0.632644078973981,-0.26856390884934633,-0.4575783887316909,full
Sr2AsAu,full:X2=Sr,-0.638272163982407,-0.2753668392855515,-0.4652409999051499,full
Sr2AsAu,full:X2=Sr,-0.6439741428068773,-0.28078944643287596,-0.4686903307585073,full
Sr2AsAu,full:X2=Sr,-0.6478174818886375,-0.2839194699913974,-0.4741962209050756,full
Sr2AsAu,full:X2=Sr,-0.6536470255493614,-0.2900734943201193,-0.487488357761795,full
Sr2AsAu,full:X2=Sr,-0.6575773191777937,-0.27581035306281976,-0.4958619070621011,full
Sr2AsAu,full:X2=Sr,-0.6635402661514705,-0.2823806466097465,-0.4987968926302009,full
Sr2AsAu,full:X2=Sr,-0.6675615400843947,-0.2853786655088222,-0.5045179265338464,full
Sr2AsAu,full:X2=Sr,-0.6736641390712486,-0.2887561293224763,-0.5084087147855978,full
Sr2AsAu,full:X2=Sr,-0.6777807052660807,-0.2947970042249115,-0.5127504815742692,full
Sr2AsAu,full:X2=Sr,-0.6819366650372385,-0.29762254540966304,-0.5221939280810937,full
Sr2AsAu,full:X2=Sr,-0.6861327796308466,-0.3014259430940729,-0.5272869018832629,full
Sr2AsAu,full:X2=Sr,-0.6925039620867871,-0.3052477178182489,-0.5304722727234612,full
Sr2AsAu,full:X2=Sr,-0.6968039425795111,-0.3092841877257213,-0.5348991204679505,full
Sr2AsAu,full:X2=Sr,-0.7011469235902933,-0.3143574793662598,-0.5387023567647109,full
Sr2AsAu,full:X2=Sr,-0.7055337738384071,-0.3187816499263516,-0.5414902392889291,full
Sr2AsAu,full:X2=Sr,-0.7099653886374819,-0.32318820474432663,-0.5463779950663978,full
Sr2AsAu,full:X2=Sr,-0.7144426909922262,-0.3285141242292722,-0.5517353505048888,full
Sr2AsAu,full:X2=Sr,-0.7189666327522725,-0.3320453948291595,-0.5546147501287622,full
Sr2BiAu,full:X2=Sr,-0.1343435845776601,-0.38614914211344753,-0.3910127652631652,full
Sr2BiAu,full:X2=Sr,0.04956686916465144,-0.38614914211344753,-0.3910127652631652,full
Sr2SbAu,full:X2=Sr,-0.3979400086720376,0.030651580522776833,-0.05465663527173692,full
Sr2SbAu,full:X2=Sr,-0.41793663708829126,0.0008661076053163574,-0.08052685252332059,full
Sr2SbAu,full:X2=Sr,-0.43651891460558934,-0.01937521654025076,-0.10205148248119611,full
Sr2SbAu,full:X2=Sr,-0.4546928835341759,-0.043351516384648514,-0.12592258308936444,full
Sr2SbAu,full:X2=Sr,-0.47237009912866135,-0.059954183623527224,-0.1467300958023714,full
Sr2SbAu,full:X2=Sr,-0.48945498979338786,-0.07955742689297529,-0.16677572248997563,full
Sr2SbAu,full:X2=Sr,-0.5058454059815573,-0.09835435818878613,-0.18579231941725027,full
Sr2SbAu,full:X2=Sr,-0.5214335044061567,-0.11495760434252134,-0.20279763698559106,full
Sr2SbAu,full:X2=Sr,-0.5361070110140927,-0.1364240327387336,-0.2183508582218765,full
Sr2SbAu,full:X2=Sr,-0.5512936800949201,-0.14628292893611106,-0.23234176700366294,full
Sr2SbAu,full:X2=Sr,-0.5654310959658012,-0.15006953678292723,-0.23409068845633363,full
Sr2SbAu,full:X2=Sr,-0.41770931728100597,-0.15006953678292723,-0.23409068845633363,full
Sr2SbAu,full:X2=Sr,-0.6113660306482108,-0.15006953678292723,-0.23409068845633363,full
Sr2SbAu,full:X2=Sr,-0.5800442515102421,-0.18532628220878733,-0.24272312898830228,full
Sr2SbAu,full:X2=Sr,-0.5934598195660449,-0.18405637955925336,-0.297365948352017,full
Sr2SbAu,full:X2=Sr,-0.6055483191737837,-0.1898077917507025,-0.300819714791724,full
Sr2SbAu,full:X2=Sr,-0.6179829574251317,-0.21055852013131826,-0.313477383104094,full
Sr2SbAu,full:X2=Sr,-0.6307841425898572,-0.21926427417900185,-0.33443115871480167,full
Sr2SbAu,full:X2=Sr,-0.6420651529995461,-0.22858554837589184,-0.3426218789656532,full
Sr2SbAu,full:X2=Sr,-0.6556077263148893,-0.24390510478664496,-0.353411326997203,full
Sr2SbAu,full:X2=Sr,-0.6655462488490691,-0.21631527521743354,-0.3773428396078553,full
Sr2SbAu,full:X2=Sr,-0.6777807052660807,-0.22520928658724682,-0.38510307333397886,full
Sr2SbAu,full:X2=Sr,-0.6882461389442457,-0.23530008941411684,-0.3904427581502614,full
Sr2SbAu,full:X2=Sr,-0.6989700043360187,-0.24939823924446536,-0.4002717318064086,full
Sr2SbAu,full:X2=Sr,-0.707743928643524,-0.2564782369009029,-0.40798762754166074,full
Sr2SbAu,full:X2=Sr,-0.7189666327522725,-0.25995047518756054,-0.4222101267847811,full
Sr2SbAu,full:X2=Sr,-0.7281583934635011,-0.2729808605767945,-0.43505997212824066,full
Sr2SbAu,full:X2=Sr,-0.7375489102695706,-0.2835054896475142,-0.44371227429606974,full
Sr2SbAu,full:X2=Sr,-0.7471469690201068,-0.29165234638921733,-0.4498565605056959,full
Sr2SbAu,full:X2=Sr,-0.7569619513137056,-0.31284179681983404,-0.4643343638060584,full
Sr2SbAu,full:X2=Sr,-0.7670038896078462,-0.3253417610054661,-0.47052398400842277,full
Sr2SbAu,full:X2=Sr,-0.7746907182741372,-0.3282557708698097,-0.47884890384136325,full
Sr2SbAu,full:X2=Sr,-0.7825160557860937,-0.31534479580077246,-0.479622074325631,full
Sr2SbAu,full:X2=Sr,-0.7931741239681502,-0.35478907563953865,-0.49797767248911895,full
Sr2SbAu,full:X2=Sr,-0.8013429130455774,-0.35324108028984,-0.49600300059331603,full
Sr2SbAu,full:X2=Sr,-0.8096683018297085,-0.36020698173248444,-0.509417686522714,full
Sr2SbAu,full:X2=Sr,-0.8153085691824012,-0.36096572114678427,-0.5211157680501259,full
Sr2SbAu,full:X2=Sr,-0.8239087409443188,-0.37021731843725947,-0.5213164099965271,full
Sr2SbAu,full:X2=Sr,-0.8326826652518239,-0.3818769517367213,-0.5366450106328249,full
Sr2SbAu,full:X2=Sr,-0.8386319977650252,-0.38913398632638874,-0.5459152616054797,full
Sr2SbAu,full:X2=Sr,-0.8477116556169435,-0.39219962286111354,-0.5575024597479992,full
Sr2SbAu,full:X2=Sr,-0.8538719643217619,-0.40681328947974804,-0.5583814649878589,full
Sr2SbAu,full:X2=Sr,-0.8632794328435932,-0.40884539010101517,-0.5658511402393407,full
Sr2SbAu,full:X2=Sr,-0.8696662315049939,-0.40872044398700713,-0.5733235466784128,full
Sr2SbAu,full:X2=Sr,-0.8761483590329142,-0.4167934861586866,-0.5943924956254338,full
Sr2SbAu,full:X2=Sr,-0.8827287043442357,-0.4188883173512694,-0.5992154227773117,full
Sr2SbAu,full:X2=Sr,-0.889410289700751,-0.42064907325397227,-0.6042374963426917,full
Sr2SbAu,full:X2=Sr,-0.8961962790440431,-0.44108271165725976,-0.6156746117975067,full
Sr2SbAu,full:X2=Sr,-0.9030899869919435,-0.4498944883017184,-0.6164337393662855,full
Sr2SbAu,full:X2=Sr,-0.9100948885606021,-0.45258393108414285,-0.6302906407195703,full
Sr2SbAu,full:X2=Sr,-0.9172146296835499,-0.4502537396403312,-0.6343385735523261,full
Sr2SbAu,full:X2=Sr,-0.9208187539523752,-0.45401347730100605,-0.6368474193836202,full
Sr2SbAu,full:X2=Sr,-0.9281179926938746,-0.46131846205221905,-0.6472148791116203,full
Sr2SbAu,full:X2=Sr,-0.9355420107730815,-0.46649110345079414,-0.6512892674010979,full
Sr2SbAu,full:X2=Sr,-0.9393021596463883,-0.4405257205663593,-0.6549885339811483,full
Sr2SbAu,full:X2=Sr,-0.9469215565165803,-0.449842925989399,-0.6603147552812563,full
Sr2SbAu,full:X2=Sr,-0.9507819773298184,-0.45280653524844494,-0.6673982600872352,full
Sr2SbAu,full:X2=Sr,-0.958607314841775,-0.4619952160159082,-0.6701516974951105,full
Sr2SbAu,full:X2=Sr,-0.9625735020593764,-0.46503966614532644,-0.6732989095863784,full
Sr2SbAu,full:X2=Sr,-0.9706162223147904,-0.47044091664888477,-0.6801296622219881,full
Sr2SbAu,full:X2=Sr,-0.9746941347352298,-0.4522579073228723,-0.6854016060707773,full
Sr2SbAu,full:X2=Sr,-0.978810700930062,-0.45777164911840007,-0.6904696295385286,full
Sr2SbAu,full:X2=Sr,-0.9871627752948278,-0.4620632604737718,-0.6957956531447607,full
Sr2SbAu,full:X2=Sr,-0.9913998282380825,-0.4694091214015834,-0.7012027304660025,full
Sr2SbAu,full:X2=Sr,-0.9956786262173574,-0.4753817129809361,-0.6749587250553482,full
Sr2SbAu,full:X2=Sr,-1.0,-0.4811506818849294,-0.6827283117027922,full
Sr2SbAu,full:X2=Sr,-1.0087739243075051,-0.4867339284390546,-0.6855151041153071,full
Sr2SbAu,full:X2=Sr,-1.0132282657337552,-0.4899246571362108,-0.6915204945570146,full
Sr2SbAu,full:X2=Sr,-1.0177287669604316,-0.49611991485613127,-0.7046858703429499,full
Sr2SbAu,full:X2=Sr,-1.0222763947111522,-0.48165957802785897,-0.7060620233377628,full
Sr2SbAu,full:X2=Sr,-1.0268721464003014,-0.4882298715747857,-0.7089273520055854,full
Sr2SbAu,full:X2=Sr,-1.031517051446065,-0.4912472837109165,-0.7147152126603442,full
Sr2SbAu,full:X2=Sr,-1.0362121726544447,-0.49462474752457064,-0.7188938653954449,full
Sr2SbAu,full:X2=Sr,-1.0409586076789064,-0.5008851434140504,-0.7232114437210981,full
Sr2SbAu,full:X2=Sr,-1.0457574905606752,-0.5036666337700542,-0.7320474566791153,full
Sr2SbAu,full:X2=Sr,-1.0506099933550872,-0.5090929170425165,-0.7372964896026455,full
Sr2SbAu,full:X2=Sr,-1.0555173278498313,-0.5132165423629067,-0.740217472865498,full
Sr2SbAu,full:X2=Sr,-1.0604807473813815,-0.5167580291828331,-0.7445336333256836,full
Sr2SbAu,full:X2=Sr,-1.0655015487564323,-0.5219477353222037,-0.7485976804064585,full
Sr2SbAu,full:X2=Sr,-1.0705810742857071,-0.5260262979195758,-0.7540357602669845,full
Sr2SbAu,full:X2=Sr,-1.0757207139381184,-0.5305470182773231,-0.7589858361037323,full
Sr2SbAu,full:X2=Sr,-1.0757207139381184,-0.5348659533981628,-0.7637067218136189,full
Sr2SbAu,full:X2=Sr,-1.080921907623926,-0.5385541560326119,-0.7672213019474248,full
SrCdSi,half:X=Sr,1.130333768495006,0.38520557967801944,0.3491559365506523,half
SrLiBi,half:X=Sr,0.48287358360875376,0.27935226876340324,0.21629347295309465,half
SrTePd,half:X=Sr,0.06445798922691845,0.4749531537380842,0.399351632648097,half
SrTePd,half:X=Sr,-0.49147028102871343,0.4749531537380842,0.399351632648097,half
TaAlFe2,full:X2=Fe,1.413832663430969,1.1189446070024376,1.0216676053311562,full
TaAlNi,half:X=Ta,1.2860520777735163,1.3727038634945559,1.3340645688285573,half
TaAlPt,half:X=Ta,1.2821234188099109,1.2899232046365725,1.270885570136306,half
TaAsOs,half:X=Ta,1.2574385668598138,1.1628407548184723,1.0971586754587388,half
TaAsOs,half:X=Ta,1.2574385668598138,1.1628407548184723,1.0971586754587388,half
TaAsRu,half:X=Ta,1.5237464668115646,1.3787651410377824,1.3571547224458511,half
TaAsRu,half:X=Ta,1.3772698154390064,1.3787651410377824,1.3571547224458511,half
TaAsRu,half:X=Ta,1.2201080880400552,1.183901519689619,1.1869136366196074,half
TaAsRu,half:X=Ta,1.2201080880400552,1.183901519689619,1.1869136366196074,half
TaBPt,half:X=Ta,1.3480905842171553,1.3117052656381274,1.3693433910591406,half
TaBiOs,half:X=Ta,1.158874898455997,1.1261135844008892,1.1596485188252252,half
TaBiOs,half:X=Ta,0.7708520116421442,0.8718193617309056,0.9133534791651241,half
TaBiOs,half:X=Ta,0.7708520116421442,0.8718193617309056,0.9133534791651241,half
TaBiRu,half:X=Ta,1.1671695904086314,1.1557031402671585,1.190597506504892,half
TaBiRu,half:X=Ta,0.8463371121298052,0.9212483305766178,0.9736997073370899,half
TaBiRu,half:X=Ta,0.8463371121298052,0.9212483305766178,0.9736997073370899,half
TaCoC,half:X=Ta,1.446971865240103,1.3829853636645573,1.365113801599554,half
TaCoGe,half:X=Ta,1.4345689040341987,1.278606806383632,1.2633958120600934,half
TaCoGe,half:X=Ta,1.3364997591452634,1.278606806383632,1.2633958120600934,half
TaCoGe,half:X=Ta,1.1894903136993675,1.1631034530030273,1.1115924365921563,half
TaCoGe,half:X=Ta,1.1894903136993675,1.1631034530030273,1.1115924365921563,half
TaCoPb,half:X=Ta,1.066661302300677,1.0541551224628165,1.1012788937760594,half
TaCoPb,half:X=Ta,0.9849771264154934,0.9181737676428456,1.0549541980886334,half
TaCoPb,half:X=Ta,0.9849771264154934,0.9181737676428456,1.0549541980886334,half
TaCoSi,half:X=Ta,1.5774917998372253,1.4247567309525029,1.3286202592103833,half
TaCoSi,half:X=Ta,1.5670263661590604,1.4247567309525029,1.3286202592103833,half
TaCoSi,half:X=Ta,1.4449499340498178,1.4247567309525029,1.3286202592103833,half
TaCoSi,half:X=Ta,1.4407044748798599,1.4247567309525029,1.3286202592103833,half
TaCoSi,half:X=Ta,1.2116544005531824,1.2342957736002242,1.181677686629282,half
TaCoSi,half:X=Ta,1.2116544005531824,1.2342957736002242,1.181677686629282,half
TaCoSn,half:X=Ta,1.3560258571931227,1.2952686935929194,1.1894299049975405,half
TaCoSn,half:X=Ta,1.2397998184470986,1.2952686935929194,1.1894299049975405,half
TaCoSn,half:X=Ta,1.1264561134318043,1.1204835110247258,1.046446185190576,half
TaCoSn,half:X=Ta,1.1264561134318043,1.1204835110247258,1.046446185190576,half
TaFeAs,half:X=Ta,1.5171958979499742,1.3551100566036491,1.3121066358510305,half
TaFeAs,half:X=Ta,1.3647198027299179,1.3551100566036491,1.3121066358510305,half
TaFeAs,half:X=Ta,1.1795517911651876,1.160261184908798,1.137745555741616,half
TaFeAs,half:X=Ta,1.1795517911651876,1.160261184908798,1.137745555741616,half
TaFeBi,half:X=Ta,1.1051694279993316,1.2100661027769555,1.265206443589585,half
TaFeBi,half:X=Ta,1.0934216851622351,1.1082730936609204,1.1595557155123646,half
TaFeBi,half:X=Ta,1.0934216851622351,1.1082730936609204,1.1595557155123646,half
TaFeP,half:X=Ta,1.4791288384999572,1.392941383664426,1.3820814744861938,half
TaFeSb,half:X=Ta,1.4941545940184429,1.3289476447375868,1.2305465929680894,half
TaFeSb,half:X=Ta,1.2943339335834556,1.3289476447375868,1.2305465929680894,half
TaFeSb,half:X=Ta,1.4053122027584195,1.3289476447375868,1.2305465929680894,half
TaFeSb,half:X=Ta,1.2329961103921538,1.1411728873892089,1.0743055654627813,half
TaFeSb,half:X=Ta,1.2329961103921538,1.1411728873892089,1.0743055654627813,half
TaGaNi,half:X=Ta,1.237166582685473,1.2778011718845912,1.26560534364499,half
TaGaPt,half:X=Ta,1.5171958979499742,1.2710685135891429,1.1916753471285577,half
TaGaPt,half:X=Ta,1.5092025223311027,1.2710685135891429,1.1916753471285577,half
TaGaPt,half:X=Ta,1.2418949716307028,1.2710685135891429,1.1916753471285577,half
TaGaPt,half:X=Ta,1.437750562820388,1.2710685135891429,1.1916753471285577,half
TaGaPt,half:X=Ta,1.224014811372864,1.1006811818645803,1.044705964926303,half
TaGaPt,half:X=Ta,1.224014811372864,1.1006811818645803,1.044705964926303,half
TaGeIr,half:X=Ta,1.5705429398818975,1.3122111458457255,1.229188468184438,half
TaGeIr,half:X=Ta,1.3310829639610289,1.3122111458457255,1.229188468184438,half
TaGeIr,half:X=Ta,1.291590825658001,1.117908835675721,1.0688284128576564,half
TaGeIr,half:X=Ta,1.291590825658001,1.117908835675721,1.0688284128576564,half
TaGeRh,half:X=Ta,1.3497436337449509,1.368439580109484,1.2998833120966569,half
TaGeRh,half:X=Ta,1.2265999052073575,1.1924683234235807,1.1417063850519382,half
TaGeRh,half:X=Ta,1.2265999052073575,1.1924683234235807,1.1417063850519382,half
TaInNi,half:X=Ta,1.1332194567324942,1.1473834359105994,1.186722572324378,half
TaInPt,half:X=Ta,1.1687036802490767,1.0870383036979505,1.1729875895462822,half
TaIrPb,half:X=Ta,0.7160033436347992,0.8072026701074595,0.8706630408907815,half
TaIrPb,half:X=Ta,0.7160033436347992,0.8072026701074595,0.8706630408907815,half
TaNiB,half:X=Ta,1.4153573617237576,1.3545816976381762,1.2662766886293118,half
TaPOs,half:X=Ta,1.4083756611360758,1.4478841584235154,1.4099573853728766,half
TaPRu,half:X=Ta,1.4645938609648765,1.4471256792283202,1.4281496045218418,half
TaRhC,half:X=Ta,1.408036342045525,1.4391968574289429,1.298244257753475,half
TaRhPb,half:X=Ta,1.1125044587671609,1.0926004562804517,1.1220668337208992,half
TaRhPb,half:X=Ta,0.7745169657285496,0.8885525240177591,0.9369996818325008,half
TaRhPb,half:X=Ta,0.7745169657285496,0.8885525240177591,0.9369996818325008,half
TaSbOs,half:X=Ta,1.429752280002408,1.2819144716088418,1.2757707240427445,half
TaSbOs,half:X=Ta,1.4593924877592308,1.2819144716088418,1.2757707240427445,half
TaSbOs,half:X=Ta,1.3166412001674936,1.2819144716088418,1.2757707240427445,half
TaSbOs,half:X=Ta,1.3502480183341627,1.2819144716088418,1.2757707240427445,half
TaSbOs,half:X=Ta,1.1806992012960347,1.0910731490480696,1.0719098367439945,half
TaSbOs,half:X=Ta,1.1806992012960347,1.0910731490480696,1.0719098367439945,half
TaSbRu,half:X=Ta,1.4791864735462452,1.4499588379856543,1.4110165824823393,half
TaSbRu,half:X=Ta,1.4562293455254203,1.4370320438399085,1.3863974718107115,half
TaSbRu,half:X=Ta,1.4345210012657728,1.4257782237376047,1.3761887639161543,half
TaSbRu,half:X=Ta,1.4139197420336538,1.4068090516265257,1.3596270577953606,half
TaSbRu,half:X=Ta,1.3943115632312266,1.3925388498566365,1.3430352265493002,half
TaSbRu,half:X=Ta,1.3756270402540212,1.3725226750175752,1.319578419882164,half
TaSbRu,half:X=Ta,1.3577443251803756,1.3606840494605241,1.304469298865215,half
TaSbRu,half:X=Ta,1.3406225553611124,1.348408794041768,1.2916694371499116,half
TaSbRu,half:X=Ta,1.324158941674477,1.340331575500517,1.272473864876261,half
TaSbRu,half:X=Ta,1.3083509485867257,1.3190123275297534,1.2561690824431733,half
TaSbRu,half:X=Ta,1.2931193701342987,1.308591192164383,1.2499327971413117,half
TaSbRu,half:X=Ta,1.2103185198262318,1.308591192164383,1.2499327971413117,half
TaSbRu,half:X=Ta,1.320146286111054,1.308591192164383,1.2499327971413117,half
TaSbRu,half:X=Ta,1.3216363493247694,1.308591192164383,1.2499327971413117,half
TaSbRu,half:X=Ta,1.3373594120013548,1.308591192164383,1.2499327971413117,half
TaSbRu,half:X=Ta,1.2103185198262318,1.308591192164383,1.2499327971413117,half
TaSbRu,half:X=Ta,1.3449048708751676,1.308591192164383,1.2499327971413117,half
TaSbRu,half:X=Ta,1.278433476537416,1.2711236423992422,1.2336477969757838,half
TaSbRu,half:X=Ta,1.2642509821869696,1.2587506551446768,1.2273051545794966,half
TaSbRu,half:X=Ta,1.2505175856104849,1.2512499736606628,1.2101193240944936,half
TaSbRu,half:X=Ta,1.23724203998423,1.2396867155932265,1.202367514700767,half
TaSbRu,half:X=Ta,1.224351745013417,1.225194492047832,1.181210311017006,half
TaSbRu,half:X=Ta,1.2118677606566648,1.2181848258851817,1.1773021572889293,half
TaSbRu,half:X=Ta,1.199727758807056,1.2085609152476637,1.1686626955593835,half
TaSbRu,half:X=Ta,1.187943529062527,1.1941644823677187,1.1512440542625413,half
TaSbRu,half:X=Ta,1.1764674845991339,1.1860983652539374,1.1458930869210435,half
TaSbRu,half:X=Ta,1.1653036924683604,1.1804184753152869,1.1324153485636512,half
TaSbRu,half:X=Ta,1.1544239731146468,1.165235850299329,1.1189551888001144,half
TaSbRu,half:X=Ta,1.1438263908395614,1.156551326623143,1.109973747318191,half
TaSbRu,half:X=Ta,1.1334750368380921,1.1486408848740435,1.1039145408366682,half
TaSbRu,half:X=Ta,1.1233615587462964,1.1430163134429419,1.0985370049973109,half
TaSbRu,half:X=Ta,1.113508840532819,1.1252910439366088,1.0881898348026988,half
TaSbRu,half:X=Ta,1.1038379160256098,1.1393272235976282,1.0845535465462581,half
TaSbRu,half:X=Ta,1.094436188017956,1.1279874943099903,1.0779944294810964,half
TaSbRu,half:X=Ta,1.0851835080527785,1.1170323907269033,1.0741593387364778,half
TaSbRu,half:X=Ta,1.0761669393449327,1.1086912055020477,1.0601539500596888,half
TaSbRu,half:X=Ta,1.0673312802081678,1.1048368112211775,1.0608700173890167,half
TaSbRu,half:X=Ta,1.1179338350396415,1.1048368112211775,1.0608700173890167,half
TaSbRu,half:X=Ta,1.1179338350396415,1.1048368112211775,1.0608700173890167,half
TaSbRu,half:X=Ta,1.0586537415723702,1.0912961752781412,1.045144277729924,half
TaSbRu,half:X=Ta,1.0501863496753607,1.0784840573146344,1.0240065149717381,half
TaSbRu,half:X=Ta,1.0418662027212926,1.074605698519472,1.0190107141486382,half
TaSbRu,half:X=Ta,1.033664963203177,1.0668578103817883,1.0076795977694057,half
TaSbRu,half:X=Ta,1.0256744494103445,1.0616325632960149,1.0008289955125873,half
TaSbRu,half:X=Ta,1.0177843530966784,1.0392691295083636,0.9954917801347338,half
TaSbRu,half:X=Ta,1.0100878469985244,1.0242343947264168,0.9897842707032917,half
TaSbRu,half:X=Ta,1.0025116312849083,1.0204706777541053,0.9755985531636622,half
TaSbRu,half:X=Ta,0.995020606124758,1.0139691514186422,0.9668564766188885,half
TaSbRu,half:X=Ta,0.9877109431303058,1.009317788233923,0.9641868483637273,half
TaSbRu,half:X=Ta,0.9805033181933951,0.9983284053134949,0.9520997635472924,half
TaSbRu,half:X=Ta,0.9734049744100607,0.9740113625342152,0.9181457248276504,half
TaSbRu,half:X=Ta,0.9664702637292844,0.971096287243487,0.9162590223883977,half
TaSbRu,half:X=Ta,0.959613711071044,0.9668569365797192,0.9029689472414876,half
TaSbRu,half:X=Ta,0.9528408566757016,0.9609641425890106,0.9005277053320894,half
TaSbRu,half:X=Ta,0.946206553842783,0.9571819558437313,0.8945723631496995,half
TaSbRu,half:X=Ta,0.9396689835223265,0.9434366171792615,0.8831183240596929,half
TaSbRu,half:X=Ta,0.9331834791746139,0.9516411621988264,0.8780788318181012,half
TaSbRu,half:X=Ta,0.9268567089496923,0.9428903713295795,0.8715232743746699,half
TaSbRu,half:X=Ta,0.9205928620848085,0.9351929309332156,0.8724720679224972,half
TaSbRu,half:X=Ta,0.9144489406985542,0.9283261326289745,0.8658624047741479,half
TaSbRu,half:X=Ta,0.908324139276179,0.918919780582536,0.860874650636784,half
TaSbRu,half:X=Ta,0.9023293058583187,0.9130326666631068,0.8528897646241342,half
TaSbRu,half:X=Ta,0.896415976473123,0.910934120557551,0.8468971675666307,half
TaSbRu,half:X=Ta,0.8905886677054873,0.901520469634396,0.8430107473852284,half
TaSbRu,half:X=Ta,0.8848519827459979,0.8972217436123797,0.8354952167990614,half
TaSbRu,half:X=Ta,0.8791532461842462,0.8923875476348735,0.8292471633471268,half
TaSbRu,half:X=Ta,0.8735530935136188,0.889150311660536,0.825577569182975,half
TaSbRu,half:X=Ta,0.8679975103449512,0.879456670096618,0.8231411363607618,half
TaSbRu,half:X=Ta,0.862548769524793,0.8771508826992795,0.8142345233555947,half
TaSbRu,half:X=Ta,0.8571515026874931,0.8743622296103701,0.8119000015707357,half
TaSbRu,half:X=Ta,0.8518085142282374,0.8623253282317257,0.8069983196907445,half
TaSbRu,half:X=Ta,0.8465226684162868,0.8565657652326523,0.8044284523449847,half
TaSbRu,half:X=Ta,0.8413594704548549,0.8488520929937,0.800014722454419,half
TaSbRu,half:X=Ta,0.8361974807789253,0.8445102577670978,0.7943675371000605,half
TaSbRu,half:X=Ta,0.8311015645013594,0.8397528428244965,0.7914891529312991,half
TaSbRu,half:X=Ta,0.8261396179359147,0.8320255398591884,0.7828126287005115,half
TaSbRu,half:X=Ta,0.8211203237768238,0.8306211027194159,0.7798915958777122,half
TaSbRu,half:X=Ta,0.8162412999917831,0.825214518865268,0.7743942767813293,half
TaSbRu,half:X=Ta,0.8113738970538933,0.8209202250937043,0.7694548814752517,half
TaSbRu,half:X=Ta,0.8065869343278029,0.8175006303901671,0.7635936473058679,half
TaSbRu,half:X=Ta,0.8018837071252396,0.8108380001110511,0.7588647062856432,half
TaSbRu,half:X=Ta,0.7971289877965525,0.8055700681763542,0.752405526010236,half
TaSbRu,half:X=Ta,0.7925317619013076,0.8008116687511527,0.7476598756936857,half
TaSbRu,half:X=Ta,0.7879561232839318,0.797579677082801,0.7382641860312013,half
TaSbRu,half:X=Ta,0.7834032811225635,0.7859193697590139,0.7322134207503986,half
TaSbRu,half:X=Ta,0.7788744720027395,0.7822805763655682,0.7195383641335511,half
TaSbRu,half:X=Ta,0.7744439689249651,0.7628869424405099,0.7152937476284179,half
TaSbRu,half:X=Ta,0.7700415543196687,0.7510635258942382,0.7072294135437833,half
TaSbRu,half:X=Ta,0.7656685547590141,0.7432440446791511,0.7108169211955329,half
TaSiIr,half:X=Ta,1.4109964335163825,1.3877543401052754,1.3509334572534972,half
TaSiRh,half:X=Ta,1.4411607740351156,1.39414989327587,1.360671486072703,half
TaSnIr,half:X=Ta,1.3443922736851108,1.294457344601309,1.2375600285204769,half
TaSnIr,half:X=Ta,1.2787307427469812,1.294457344601309,1.2375600285204769,half
TaSnIr,half:X=Ta,1.158941165707718,1.294457344601309,1.2375600285204769,half
TaSnIr,half:X=Ta,1.073351702386901,1.1089514716132574,1.0618365688765863,half
TaSnIr,half:X=Ta,1.073351702386901,1.1089514716132574,1.0618365688765863,half
TaSnRh,half:X=Ta,1.307496037913213,1.2786316934792201,1.2720248968675074,half
TaSnRh,half:X=Ta,1.2772423727813584,1.2786316934792201,1.2720248968675074,half
TaSnRh,half:X=Ta,1.2846119265646843,1.2786316934792201,1.2720248968675074,half
TaSnRh,half:X=Ta,1.0557604646877348,1.0917862826958293,1.0773758635812605,half
TaSnRh,half:X=Ta,1.0557604646877348,1.0917862826958293,1.0773758635812605,half
TaTlNi,half:X=Ta,0.9975174394147248,0.9645023260135412,0.9705183452880317,half
TaTlPt,half:X=Ta,1.055722266483576,1.12940470916584,1.1195310889926797,half
TaTlPt,half:X=Ta,0.9096897200170204,1.12940470916584,1.1195310889926797,half
TbBiPd,half:X=Tb,0.8407332346118067,0.7595699375198987,0.7513872219894687,half
TbBiPd,half:X=Tb,0.8407332346118067,0.7595699375198987,0.7513872219894687,half
TbBiPt,half:X=Tb,0.7708520116421442,0.7160344247485285,0.7581472924278272,half
TbBiPt,half:X=Tb,0.7708520116421442,0.7160344247485285,0.7581472924278272,half
TbNiBi,half:X=Tb,0.9329808219231982,0.8848772845747651,0.865358388737047,half
TbNiBi,half:X=Tb,0.9329808219231982,0.8848772845747651,0.865358388737047,half
TbNiBi,half:X=Tb,1.0489775430859574,0.8848772845747651,0.865358388737047,half
TbNiSb,half:X=Tb,0.9571281976768131,0.9298908723757764,0.8973880444872196,half
TbNiSb,half:X=Tb,0.9571281976768131,0.9298908723757764,0.8973880444872196,half
TbNiSb,half:X=Tb,1.0050917992248882,0.9298908723757764,0.8973880444872196,half
TbPbAu,half:X=Tb,0.5132176000679389,0.3463055022830331,0.3817333577613597,half
TbPbAu,half:X=Tb,0.5132176000679389,0.3463055022830331,0.3817333577613597,half
TbSbPt,half:X=Tb,0.5820633629117087,0.6963662966348204,0.7528849212238838,half
TbSbPt,half:X=Tb,0.5820633629117087,0.6963662966348204,0.7528849212238838,half
TbSbPt,half:X=Tb,0.8113068400813361,0.6963662966348204,0.7528849212238838,half
TcTeS,half:X=Tc,-0.5953372991262778,1.0139814816250636,,half
ThHN,half:X=Th,0.941764779989639,1.1932416582481844,1.0027554416042517,half
ThNiSn,half:X=Th,0.8543060418010806,0.5419593204842967,0.7046831817570598,half
ThNiSn,half:X=Th,0.8543060418010806,0.5419593204842967,0.7046831817570598,half
ThNiSn,half:X=Th,0.6630126688782194,0.5419593204842967,0.7046831817570598,half
ThSbIr,half:X=Th,-0.5885486578620625,0.6716511555284452,0.869474720300495,half
ThSbRh,half:X=Th,0.825945143203848,0.9092848202012307,1.0303414087795044,half
ThSbRh,half:X=Th,0.8048206787211624,0.8907901729757296,1.0141713851624807,half
ThSbRh,half:X=Th,0.7846885995014213,0.8733297920497881,0.9868222791267006,half
ThSbRh,half:X=Th,0.7654450180901501,0.8580547224519901,0.9674249945767003,half
ThSbRh,half:X=Th,0.7470231774516278,0.8440226007448477,0.9412175603081168,half
ThSbRh,half:X=Th,0.7293268096468608,0.8230137193374762,0.9099807117292117,half
ThSbRh,half:X=Th,0.7123971314067149,0.8112139706656435,0.8869164316570741,half
ThSbRh,half:X=Th,0.6960941599952233,0.7992974357289299,0.869692744757886,half
ThSbRh,half:X=Th,0.6803355134145632,0.7816346760535218,0.8477342647530147,half
ThSbRh,half:X=Th,0.6651117370750514,0.7739821458940197,0.8375903977967875,half
ThSbRh,half:X=Th,0.6505017948783669,0.7573234213290412,0.8238783951602454,half
ThSbRh,half:X=Th,0.6329126070772799,0.7573234213290412,0.8238783951602454,half
ThSbRh,half:X=Th,0.636287252098513,0.7490765724560432,0.8199728078004509,half
ThSbRh,half:X=Th,0.6225248624035682,0.7348572122288178,0.8028640971608382,half
ThSbRh,half:X=Th,0.6091673743020197,0.7220355565919553,0.800312269029837,half
ThSbRh,half:X=Th,0.5962671263955154,0.7097220713234678,0.7841758853553612,half
ThSbRh,half:X=Th,0.5837653682849998,0.6858913783130255,0.7753684334093649,half
ThSbRh,half:X=Th,0.5714759036819438,0.6481077461016247,0.7655602084292672,half
ThSbRh,half:X=Th,0.5596672783880576,0.6459049106786978,0.7557563474523383,half
ThSbRh,half:X=Th,0.5481436374348455,0.629435150009573,0.7423094136995076,half
ThSbRh,half:X=Th,0.5368108659915415,0.6264691469734873,0.7338287128424689,half
ThSbRh,half:X=Th,0.5259513412480125,0.6118863949119144,0.7321472419612888,half
ThSbRh,half:X=Th,0.5152113043278018,0.6031356441870367,0.7404523854957796,half
ThSbRh,half:X=Th,0.5047426362716879,0.5948093840192974,0.7487129860271385,half
ThSbRh,half:X=Th,0.4945719842301986,0.5923109448673024,0.7338789774607115,half
ThSbRh,half:X=Th,0.48458452928284285,0.575267835763785,0.7286996306876562,half
ThSbRh,half:X=Th,0.4749443354653879,0.5708761058717464,0.7218793096072758,half
ThSbRh,half:X=Th,0.4653828514484183,0.5544184361792709,0.713324567604843,half
ThSbRh,half:X=Th,0.4560622244549514,0.5465611578877356,0.6852000869194986,half
ThSbRh,half:X=Th,0.4468477101558088,0.5372155898390581,0.6775983147051804,half
ThSbRh,half:X=Th,0.4379090355394984,0.5283912927904426,0.6694608954903827,half
ThSbRh,half:X=Th,0.42926766643316844,0.511230543435111,0.6668401926730407,half
ThSbRh,half:X=Th,0.420615770625765,0.5013867201224439,0.659403686979801,half
ThSbRh,half:X=Th,0.4122925093230465,0.49134483839854687,0.6472290099817539,half
ThSbRh,half:X=Th,0.4039779636693548,0.4799667575051931,0.6413389477085021,half
ThSbRh,half:X=Th,0.3958503760187811,0.4765142849975412,0.6308375778483128,half
ThSbRh,half:X=Th,0.3879234669734367,0.46678313833415075,0.6267938045268369,half
ThSbRh,half:X=Th,0.38003024796783064,0.4611623326191242,0.6165707206056772,half
ThSbRh,half:X=Th,0.37235958252432383,0.4509676029193541,0.60919286960424,half
ThSbRh,half:X=Th,0.3649260337899756,0.45063574623296754,0.6058842037426814,half
ThSbRh,half:X=Th,0.3575537197430816,0.43850358392911803,0.5979176483265244,half
ThSbRh,half:X=Th,0.35024801833416286,0.43268228651862783,0.5917658551518262,half
ThSbRh,half:X=Th,0.3430144971507676,0.4187506020902966,0.5839112566321559,half
ThSbRh,half:X=Th,0.33605927786634937,0.4034872843681413,0.5760604168053062,half
ThSbRh,half:X=Th,0.32899085544942874,0.4004279770000805,0.5704965540022522,half
ThSbRh,half:X=Th,0.3222192947339193,0.3981840924488055,0.5696401563369216,half
ThSbRh,half:X=Th,0.3155505344219049,0.38686176416503293,0.5561149197393533,half
ThSbRh,half:X=Th,0.30877777366472114,0.38045832234795524,0.5543501256465075,half
ThSbRh,half:X=Th,0.30233092868439926,0.3707872137095137,0.5389124536129122,half
ThSbRh,half:X=Th,0.2960066693136723,0.36839143590238793,0.537065328586348,half
ThSbRh,half:X=Th,0.2895889525425967,0.36266422656857483,0.5339248525483292,half
ThSbRh,half:X=Th,0.28330122870354957,0.3567401585974406,0.5264953701698456,half
ThSbRh,half:X=Th,0.27715061396379675,0.35194531368451604,0.5192973500572791,half
ThSbRh,half:X=Th,0.2711443179490783,0.34728283007116895,0.514683702998493,half
ThSbRh,half:X=Th,0.2650537885040147,0.3483045906581857,0.5150658769278049,half
ThSbRh,half:X=Th,0.2593549273080343,0.3426116335365457,0.5108459190703787,half
ThSbRh,half:X=Th,0.2533380053261064,0.3369845944579933,0.50270331015694,half
ThSbRh,half:X=Th,0.2477278329097231,0.3318589692668548,0.49926843883364486,half
ThSbRh,half:X=Th,0.2420442393695509,0.32428025523790444,0.49079927817567043,half
ThSbRh,half:X=Th,0.23653726148869397,0.3163001079312938,0.4874222051669105,half
ThSbRh,half:X=Th,0.23095955574856905,0.3129482948395962,0.48219277084945866,half
ThSbRh,half:X=Th,0.22530928172586284,0.3090871873769603,0.4825661932274,half
ThSbRh,half:X=Th,0.22010808804005508,0.30470275876940645,0.4782144704207096,half
ThSbRh,half:X=Th,0.21484384804769785,0.29766427234469095,0.4713569899736027,half
ThSbRh,half:X=Th,0.20951501454263097,0.2900538578578845,0.46629944866002354,half
ThSbRh,half:X=Th,0.20439133191929973,0.28653088350598444,0.4615895656487895,half
ThSbRh,half:X=Th,0.19920647916165776,0.2806460543473288,0.45523770598779123,half
ThSbRh,half:X=Th,0.1939589780191869,0.27769637910999767,0.4513402120382961,half
ThSbRh,half:X=Th,0.18892848376085342,0.26671114851247046,0.45285023607265285,half
ThSbRh,half:X=Th,0.18412335423967113,0.2654107580278743,0.45634588939742443,half
ThSbRh,half:X=Th,0.17926446433902535,0.26189089412354905,0.45503974163043404,half
ThSbRh,half:X=Th,0.17435059747937998,0.2575681609886854,0.4514663078895427,half
ThSbRh,half:X=Th,0.16967443405880692,0.251900896183179,0.4444341041611992,half
ThSbRh,half:X=Th,0.16494737262184164,0.24652572417897645,0.43971678142207543,half
ThSbRh,half:X=Th,0.160168292958512,0.24391047366774343,0.436134329552953,half
ThSbRh,half:X=Th,0.1553360374650618,0.23862182106899943,0.4312702304832439,half
ThSbRh,half:X=Th,0.15075643986030904,0.2318046791428069,0.42605436776063865,half
ThSbRh,half:X=Th,0.1464381352857746,0.22785663132931733,0.42012443288660334,half
ThSbRh,half:X=Th,0.1417632302757879,0.22435644590823944,0.41228412951401194,half
ThSbRh,half:X=Th,0.13735411137073292,0.22107772660568847,0.40813110346345577,half
ThSbRh,half:X=Th,0.1328997699444829,0.21462217135510386,0.4043642677776493,half
ThSbRh,half:X=Th,0.12872228433842678,0.20901826149517078,0.3983181643685444,half
ThSnPt,half:X=Th,0.7737864449811935,0.8162966530852012,0.9390385631180077,half
ThSnPt,half:X=Th,0.7531232446817125,0.7681124245200753,0.9192899725292187,half
ThSnPt,half:X=Th,0.7334380270910613,0.7468851678494678,0.8917961770998464,half
ThSnPt,half:X=Th,0.7146649928625369,0.7297558802909616,0.8734692509793587,half
ThSnPt,half:X=Th,0.696618459232225,0.6327336069573086,0.8498311106814739,half
ThSnPt,half:X=Th,0.6792461454138591,0.6110965146354674,0.8200279327867775,half
ThSnPt,half:X=Th,0.6626634095740376,0.5903903249013481,0.7952336428436282,half
ThSnPt,half:X=Th,0.6465997517203733,0.5759317861638866,0.7821207379915509,half
ThSnPt,half:X=Th,0.6311392502568111,0.5661423494718726,0.7584896284975543,half
ThSnPt,half:X=Th,0.6162654052817081,0.5468524215707489,0.7422492329101161,half
ThSnPt,half:X=Th,0.6018427897820982,0.5316314652580525,0.728164566116366,half
ThSnPt,half:X=Th,0.6180480967120927,0.5316314652580525,0.728164566116366,half
ThSnPt,half:X=Th,0.6180480967120927,0.5316314652580525,0.728164566116366,half
ThSnPt,half:X=Th,0.6700416495481265,0.5316314652580525,0.728164566116366,half
ThSnPt,half:X=Th,0.5878231713189551,0.5191255339155354,0.7367664741512046,half
ThSnPt,half:X=Th,0.5742628297070268,0.5029156062977309,0.7224746583362668,half
ThSnPt,half:X=Th,0.5612206789339438,0.49610386432263437,0.7260268111903352,half
ThSnPt,half:X=Th,0.5485122563410355,0.4933934843507095,0.7159030277472894,half
ThSnPt,half:X=Th,0.5360531551592047,0.4789642377673656,0.7177605098946716,half
ThSnPt,half:X=Th,0.5240064455573725,0.47029865864084125,0.7081889433071765,half
ThSnPt,half:X=Th,0.51241754860084,0.4557995105539309,0.6972781782711726,half
ThSnPt,half:X=Th,0.5009222391903005,0.44478102563755767,0.689532960294461,half
ThSnPt,half:X=Th,0.4898179083014506,0.441956936287497,0.681212484304513,half
ThSnPt,half:X=Th,0.4789991316733571,0.4364616416172281,0.6782865734227697,half
ThSnPt,half:X=Th,0.4684950245070693,0.4082612155487267,0.683761620578869,half
ThSnPt,half:X=Th,0.4581844355702627,0.3971832827675944,0.6920222211102279,half
ThSnPt,half:X=Th,0.4480876666923411,0.39614505349918816,0.6808977095499636,half
ThSnPt,half:X=Th,0.4382258076045294,0.3904515388238181,0.675624555045429,half
ThSnPt,half:X=Th,0.428620672671939,0.37631645004829856,0.6696336156019058,half
ThSnPt,half:X=Th,0.4191293077419757,0.3690230221981618,0.6617158617673273,half
ThSnPt,half:X=Th,0.4099331233312945,0.35898602224586856,0.6369303111763656,half
ThSnPt,half:X=Th,0.4008832155483627,0.3494230986353619,0.6306706026313267,half
ThSnPt,half:X=Th,0.392169149489736,0.34298229607854813,0.6237030525981255,half
ThSnPt,half:X=Th,0.3834562965247531,0.42276524203634896,0.6252297348227905,half
ThSnPt,half:X=Th,0.37493155397818817,0.41200405327052925,0.6215919578406665,half
ThSnPt,half:X=Th,0.3666097103924296,0.39724532865432227,0.6098830017419209,half
ThSnPt,half:X=Th,0.35850591149023525,0.3935882271918121,0.602652258764014,half
ThSnPt,half:X=Th,0.3504418565350612,0.4042832441918261,0.5919373600002937,half
ThSnPt,half:X=Th,0.3424226808222063,0.4000896664089025,0.5883560266835727,half
ThSnPt,half:X=Th,0.3348556896172915,0.3912654820099442,0.5777893245252925,half
ThSnPt,half:X=Th,0.3271545124094315,0.3736671052875483,0.5705675917134422,half
ThSnPt,half:X=Th,0.31973049433022455,0.3705670446982976,0.5672589258518836,half
ThSnPt,half:X=Th,0.31238894937059186,0.3641810700157991,0.5594035435373415,half
ThSnPt,half:X=Th,0.3051363189436393,0.3590799231899832,0.5532302850156152,half
ThSnPt,half:X=Th,0.2979792441593624,0.349277680707524,0.5453580986522153,half
ThSnPt,half:X=Th,0.29092455938275424,0.350919585416361,0.536316817845536,half
ThSnPt,half:X=Th,0.28420506770179416,0.35285787504441624,0.531018034919293,half
ThSnPt,half:X=Th,0.2773799746672546,0.3460826485169366,0.530070557682485,half
ThSnPt,half:X=Th,0.2706788361447064,0.3402931280493187,0.516482584336996,half
ThSnPt,half:X=Th,0.26410915630580833,0.3376819283606655,0.5147177902441502,half
ThSnPt,half:X=Th,0.2576785748691845,0.32174599125844894,0.5002383261808905,half
ThSnPt,half:X=Th,0.25139485004010426,0.3189132776813209,0.4983830232431457,half
ThSnPt,half:X=Th,0.24501887073775308,0.3115521214856594,0.4952083963988862,half
ThSnPt,half:X=Th,0.23879856271391703,0.3144608735116166,0.48574088038673496,half
ThSnPt,half:X=Th,0.23274206272073686,0.3132528160746258,0.47854286027416776,half
ThSnPt,half:X=Th,0.22659990520735745,0.3065796618648116,0.4732781799038791,half
ThSnPt,half:X=Th,0.22063101944809216,0.30212889729143483,0.47448056241216935,half
ThSnPt,half:X=Th,0.21484384804769785,0.30050870196769514,0.46998118830084273,half
ThSnPt,half:X=Th,0.20897851727625352,0.2936113055916812,0.46183857938740397,half
ThSnPt,half:X=Th,0.20330491613848292,0.29181690372656366,0.45848625614587535,half
ThSnPt,half:X=Th,0.19783169332890285,0.27571763327631,0.4498009715100017,half
ThSnPt,half:X=Th,0.19228861256812027,0.2715461517642651,0.44615597456242406,half
ThSnPt,half:X=Th,0.1866738674997451,0.26590883605028803,0.44102205513868675,half
ThSnPt,half:X=Th,0.18127177155946156,0.26240776155857193,0.441261413591452,half
ThSnPt,half:X=Th,0.1758016328482795,0.25910332754030285,0.4366094558605789,half
ThSnPt,half:X=Th,0.1705550585212085,0.26555372996377846,0.4293498545887172,half
ThSnPt,half:X=Th,0.16524432612531087,0.2601202234819898,0.42446876374113585,half
ThSnPt,half:X=Th,0.160168292958512,0.25363791636501276,0.4213123787402026,half
ThSnPt,half:X=Th,0.15503222879097026,0.2491895552296467,0.41483468078903407,half
ThSnPt,half:X=Th,0.1501421618485586,0.24392854839427847,0.41093718683953895,half
ThSnPt,half:X=Th,0.14519640611418191,0.23515316100256667,0.4126583986177031,half
ThSnPt,half:X=Th,0.1401936785786313,0.23366733505209614,0.4200914088047929,half
ThSnPt,half:X=Th,0.13513265137677483,0.22905662646004954,0.41509890218282963,half
ThSnPt,half:X=Th,0.13033376849500614,0.22453750952539786,0.41145826401379987,half
ThSnPt,half:X=Th,0.1258064581395269,0.2264035023875568,0.4050454336115262,half
ThSnPt,half:X=Th,0.12090281761452719,0.21960436590596444,0.400160107045534,half
ThSnPt,half:X=Th,0.11627558758054428,0.21547678594486763,0.39809618464863455,half
ThSnPt,half:X=Th,0.11159852488039401,0.21079681746805856,0.3932461592485799,half
ThSnPt,half:X=Th,0.10720996964786837,0.20761592072496082,0.3881349378972279,half
ThSnPt,half:X=Th,0.10277661488344131,0.20308423940258702,0.3913905048430426,half
ThSnPt,half:X=Th,0.09829753649469763,0.20022579965503895,0.38385993715367694,half
ThSnPt,half:X=Th,0.09377178149872986,0.19586645704090055,0.3797237393135696,half
ThSnPt,half:X=Th,0.08919836680514887,0.19146216933991023,0.3753578236064833,half
ThSnPt,half:X=Th,0.08493357493671612,0.18929983945689277,0.3713579465535529,half
TiAgB,half:X=Ti,1.3091828693103895,1.3356093018204178,1.3450176393088373,half
TiAlAg,half:X=Ti,1.1606185723994737,1.1438644500050639,1.2234133362984365,half
TiAlAu,half:X=Ti,1.1358955755640192,1.2173746611127825,1.0430737061482338,half
TiAlFeCo,other:Al-Co-Fe-Ti,1.7792118043923115,1.4264941639097155,,other
TiAsIr,half:X=Ti,1.4785664955938433,1.3207680448421093,1.3268474807264437,half
TiAsIr,half:X=Ti,1.3196680912146774,1.3207680448421093,1.3268474807264437,half
TiAsIr,half:X=Ti,1.1498346967157849,1.1096650854712184,1.108219745331727,half
TiAsIr,half:X=Ti,1.1498346967157849,1.1096650854712184,1.108219745331727,half
TiAsRh,half:X=Ti,1.5198279937757189,1.3120256490835525,1.3787985105946294,half
TiAsRh,half:X=Ti,1.3931889920552485,1.3120256490835525,1.3787985105946294,half
TiAsRh,half:X=Ti,1.2435341018320618,1.1958793761910207,1.1748076589560632,half
TiAsRh,half:X=Ti,1.2435341018320618,1.1958793761910207,1.1748076589560632,half
TiBAu,half:X=Ti,1.2422183202476125,1.2600275275308324,1.1553390395424978,half
TiBeIr2,full:X2=Ir,1.5779052167955294,1.3523036642922204,1.1918066763625457,full
TiBeIr2,full:X2=Ir,1.5500325705737426,1.3346175580036381,1.1653234868965796,full
TiBeIr2,full:X2=Ir,1.5239674586654839,1.305640831669057,1.1435172459586413,full
TiBeIr2,full:X2=Ir,1.499494631035897,1.2802527727517126,1.1239607524439181,full
TiBeIr2,full:X2=Ir,1.4764403264981896,1.2316801689552532,1.1039491895591755,full
TiBeIr2,full:X2=Ir,1.4546619606661972,1.2103935380375273,1.0947227415672742,full
TiBeIr2,full:X2=Ir,1.4340097093697397,1.193266376475214,1.0769746488875882,full
TiBeIr2,full:X2=Ir,1.4144050527588834,1.1817178028511035,1.064391243827151,full
TiBeIr2,full:X2=Ir,1.3957107090351355,1.1655022025522332,1.046489439326441,full
TiBeIr2,full:X2=Ir,1.3778706127807419,1.1433906953851367,1.0299017003940298,full
TiBeIr2,full:X2=Ir,1.360801612967852,1.1283225137860127,1.0229869897122121,full
TiBeIr2,full:X2=Ir,1.3980928534305679,1.1283225137860127,1.0229869897122121,full
TiBeIr2,full:X2=Ir,1.3444315745748623,1.1178565601845138,1.0217358959391984,full
TiBeIr2,full:X2=Ir,1.328705711568874,1.0914519325953203,1.019159648100202,full
TiBeIr2,full:X2=Ir,1.313593064521326,1.08437058378458,1.0172281989647889,full
TiBeIr2,full:X2=Ir,1.2990276320719856,1.101547101937629,1.016302647974871,full
TiBeIr2,full:X2=Ir,1.2849718546478694,1.1059814298556423,1.0123628359547725,full
TiBeIr2,full:X2=Ir,1.2713768718940746,1.106729273336835,1.0167201540602036,full
TiBeIr2,full:X2=Ir,1.2582540535071483,1.0918780692713979,1.0071014956629556,full
TiBeIr2,full:X2=Ir,1.2455373429359942,1.0717189392476243,0.9763475526045545,full
TiBeIr2,full:X2=Ir,1.2331992415847735,1.0657032324384201,0.9692133176237668,full
TiBeIr2,full:X2=Ir,1.2212577071209096,1.0557386638016195,0.9807248354250211,full
TiBeIr2,full:X2=Ir,1.2096222345115506,1.0707903544171278,0.9680982710124029,full
TiBeIr2,full:X2=Ir,1.1983271177234778,1.059313860816642,0.9625190802490751,full
TiBeIr2,full:X2=Ir,1.187351482223461,1.0694214919135343,0.9557162968419732,full
TiBeIr2,full:X2=Ir,1.176641017292667,1.0645220851829587,0.9527140148967459,full
TiBeIr2,full:X2=Ir,1.1662228345720842,1.0505040295686778,0.9553388212980818,full
TiBeIr2,full:X2=Ir,1.1560339919236207,1.041459033566899,0.9451192730765086,full
TiBeIr2,full:X2=Ir,1.146128035678238,1.034044682769635,0.9303553010798884,full
TiBeIr2,full:X2=Ir,1.1364351704583826,1.025648807723878,0.9267478884948331,full
TiBeIr2,full:X2=Ir,1.1269751388678293,1.024892275305228,0.9251626044776131,full
TiBeIr2,full:X2=Ir,1.1177351793304966,1.064074901065037,0.9680324251637955,full
TiBeIr2,full:X2=Ir,1.1086664825539718,1.051882054666055,0.9529248803163424,full
TiBeIr2,full:X2=Ir,1.0998187096152303,1.0371652357781542,0.9425781165345597,full
TiBeIr2,full:X2=Ir,1.0911391538257549,1.033201505542826,0.932375151882102,full
TiBeIr2,full:X2=Ir,1.0826776806481122,1.0277576363390737,0.9118784070225936,full
TiBeIr2,full:X2=Ir,1.0743409423650772,1.0217129948412127,0.911392803848177,full
TiBeIr2,full:X2=Ir,1.0661767857720066,1.0162367938631296,0.9097378871107845,full
TiBeIr2,full:X2=Ir,1.0581981878782538,1.0250073279658718,0.8979871784728439,full
TiBeIr2,full:X2=Ir,1.0503410818340844,1.0237336360471008,0.8877139663740197,full
TiBeIr2,full:X2=Ir,1.0426148845885248,1.0181564521688433,0.8854424178604365,full
TiBeIr2,full:X2=Ir,1.0350693444211043,1.0133407399806869,0.88140226203832,full
TiBeIr2,full:X2=Ir,1.027634965777544,1.0028552841688976,0.8658154539414932,full
TiBeIr2,full:X2=Ir,1.020319840357309,0.9923935682995421,0.8621666803080578,full
TiBeIr2,full:X2=Ir,1.013174409878867,0.9899109827927591,0.8588646462173686,full
TiBeIr2,full:X2=Ir,1.0061236062118544,0.9847998147735463,0.8458209907031322,full
TiBeIr2,full:X2=Ir,0.9991740555884849,0.9788257188235076,0.8370130596974896,full
TiBeIr2,full:X2=Ir,0.9923325590474643,0.9774632004656605,0.8356548425412295,full
TiBeIr2,full:X2=Ir,0.985650973690949,0.9712770507633497,0.8238174091008978,full
TiBeIr2,full:X2=Ir,0.9790017484747211,0.966818331487082,0.8210392520106258,full
TiBeIr2,full:X2=Ir,0.9725268178658558,0.961801218879225,0.8151288041166534,full
TiBeIr2,full:X2=Ir,0.9660947794461707,0.9555676821195513,0.8118054641891944,full
TiBeIr2,full:X2=Ir,0.959804316508338,0.9528694769886216,0.805166006911151,full
TiBeIr2,full:X2=Ir,0.9535664142570066,0.944414842265364,0.8004681204982821,full
TiBeIr2,full:X2=Ir,0.9474337218870508,0.9385277283459349,0.7957699241739522,full
TiBeIr2,full:X2=Ir,0.9414120403735496,0.9352208957676077,0.7908582867499845,full
TiBeIr2,full:X2=Ir,0.9354568807116099,0.9249555262922364,0.785312144178757,full
TiBeIr2,full:X2=Ir,0.92957217907655,0.9241393470903395,0.7812573341880915,full
TiBeIr2,full:X2=Ir,0.9237619608287003,0.9153881386995639,0.7713363527165179,full
TiBeIr2,full:X2=Ir,0.9180303367848801,0.9126666659231994,0.7677457252913543,full
TiBeIr2,full:X2=Ir,0.9124346333755746,0.9062104150526762,0.7638412048081509,full
TiBeIr2,full:X2=Ir,0.9068735347220704,0.9011750171442214,0.7558141315714468,full
TiBeIr2,full:X2=Ir,0.9013493254156423,0.898180995289639,0.7516956540468511,full
TiBeIr2,full:X2=Ir,0.8959195453100159,0.8854789031856105,0.7449069343601848,full
TiBeIr2,full:X2=Ir,0.8905886677054873,0.9170429685981282,0.7386521741092282,full
TiBeIr2,full:X2=Ir,0.885304667588968,0.9098124361674121,0.7349030686340482,full
TiBeIr2,full:X2=Ir,0.8800700840640672,0.9051703398199819,0.7296756255153726,full
TiBeIr2,full:X2=Ir,0.8748875108461125,0.8998436559795219,0.7251198211065557,full
TiBeIr2,full:X2=Ir,0.8698182079793282,0.884391876310282,0.7211281936028283,full
TiBeIr2,full:X2=Ir,0.8647483356296588,0.8831371991850869,0.7198019009150309,full
TiBeIr2,full:X2=Ir,0.8597985474805656,0.878923430436129,0.7358819977426617,full
TiBeIr2,full:X2=Ir,0.854852362417834,0.8783312886035547,0.7337769463685613,full
TiBeIr2,full:X2=Ir,0.850033257689769,0.8739487157350659,0.7426046377663009,full
TiBeIr2,full:X2=Ir,0.8452221064290137,0.868268873759733,0.7665573142965155,full
TiBeIr2,full:X2=Ir,0.8404197777364861,0.8636333803256098,0.7636969502247634,full
TiBeIr2,full:X2=Ir,0.8357539675193834,0.8566743606613125,0.7653756435472133,full
TiBeIr2,full:X2=Ir,0.8311015645013594,0.8532534002435885,0.7897436186791095,full
TiBeIr2,full:X2=Ir,0.8264635490928013,0.8472022742530894,0.7835595089819487,full
TiBeIr2,full:X2=Ir,0.8219063773523231,0.8360456040652955,0.7806675015925078,full
TiBeIr2,full:X2=Ir,0.8174331441113843,0.8361340209361409,0.7764476324097022,full
TiBeIr2,full:X2=Ir,0.8129801660394804,0.8316322269908594,0.7730823564833383,full
TiBeIr2,full:X2=Ir,0.8085485512404055,0.8230758744952253,0.7686287771238506,full
TiBiIr,half:X=Ti,1.0867512312420566,1.1300195610400698,1.1659842323978467,half
TiBiIr,half:X=Ti,0.8247764624755457,0.8844189123287826,0.9202048369219649,half
TiBiIr,half:X=Ti,0.8247764624755457,0.8844189123287826,0.9202048369219649,half
TiBiRh,half:X=Ti,1.1139433523068367,1.1002115474565508,1.1605734080782486,half
TiBiRh,half:X=Ti,1.093491727010932,1.1002115474565508,1.1605734080782486,half
TiBiRh,half:X=Ti,0.8948696567452525,0.880145446897292,0.91154229039575,half
TiBiRh,half:X=Ti,0.8948696567452525,0.880145446897292,0.91154229039575,half
TiCoAs,half:X=Ti,1.5693739096150459,1.4350513731447587,1.4448399511524346,half
TiCoAs,half:X=Ti,1.431556741048145,1.4350513731447587,1.4448399511524346,half
TiCoAs,half:X=Ti,1.2992893340876799,1.2555912940530423,1.2550684399914904,half
TiCoAs,half:X=Ti,1.2992893340876799,1.2555912940530423,1.2550684399914904,half
TiCoBi,half:X=Ti,1.4329692908744058,1.1878861591369723,1.148923815639035,half
TiCoBi,half:X=Ti,1.0639335241630383,1.1878861591369723,1.148923815639035,half
TiCoBi,half:X=Ti,1.2810333672477277,0.9875452722916209,0.9566299931404714,half
TiCoBi,half:X=Ti,1.2810333672477277,0.9875452722916209,0.9566299931404714,half
TiCoP,half:X=Ti,1.615865918668555,1.5405453942364926,1.552835088992286,half
TiCoSb,half:X=Ti,1.5418661828445641,1.4455647561684681,1.5556260762817353,half
TiCoSb,half:X=Ti,1.5170770777356133,1.4236076722247208,1.533443582992957,half
TiCoSb,half:X=Ti,1.4937925310696667,1.401328459477811,1.5044506755212095,half
TiCoSb,half:X=Ti,1.47184889369765,1.3828001284106584,1.4834684023564746,half
TiCoSb,half:X=Ti,1.4510953116339171,1.3613896570869888,1.461425251908028,half
TiCoSb,half:X=Ti,1.4313959329291885,1.3412295159472958,1.4418353676050957,half
TiCoSb,half:X=Ti,1.4126453142831643,1.3270927346272954,1.4220498171031477,half
TiCoSb,half:X=Ti,1.3947492807005035,1.3066534307232491,1.4069967901692542,half
TiCoSb,half:X=Ti,1.3776340342475921,1.2915598581078624,1.387075758147346,half
TiCoSb,half:X=Ti,1.3612177125816818,1.2691509809761268,1.360780289346251,half
TiCoSb,half:X=Ti,1.3454717543676307,1.2586359417250403,1.3547269302063478,half
TiCoSb,half:X=Ti,1.344981413927258,1.2586359417250403,1.3547269302063478,half
TiCoSb,half:X=Ti,1.3673559210260189,1.2586359417250403,1.3547269302063478,half
TiCoSb,half:X=Ti,1.3590812795002114,1.2586359417250403,1.3547269302063478,half
TiCoSb,half:X=Ti,1.3011819721383155,1.2586359417250403,1.3547269302063478,half
TiCoSb,half:X=Ti,1.344981413927258,1.2586359417250403,1.3547269302063478,half
TiCoSb,half:X=Ti,1.4073676678194926,1.2586359417250403,1.3547269302063478,half
TiCoSb,half:X=Ti,1.3303122908199516,1.2473735015695733,1.3340162629708097,half
TiCoSb,half:X=Ti,1.3156975144495762,1.2256070053350303,1.328538180646468,half
TiCoSb,half:X=Ti,1.3016158978195196,1.217658644221171,1.3163087369267452,half
TiCoSb,half:X=Ti,1.2880031600318622,1.2345754899505859,1.3047471110304016,half
TiCoSb,half:X=Ti,1.2748272554381044,1.216906767016155,1.3004713596763517,half
TiCoSb,half:X=Ti,1.2620474592614253,1.2059767954471325,1.2876465200751603,half
TiCoSb,half:X=Ti,1.2496874278053016,1.1937171200936048,1.2783621039016682,half
TiCoSb,half:X=Ti,1.2376693838784256,1.1809872019657688,1.262585087512011,half
TiCoSb,half:X=Ti,1.2260066947291792,1.1719052073721803,1.2530834723706143,half
TiCoSb,half:X=Ti,1.2146584388799184,1.1622398554037257,1.2419642636968156,half
TiCoSb,half:X=Ti,1.203603951504492,1.145078194811013,1.2326260451720712,half
TiCoSb,half:X=Ti,1.1928461151888416,1.1355600467989597,1.218380667656712,half
TiCoSb,half:X=Ti,1.1823575797645325,1.127814804393385,1.2090200341033106,half
TiCoSb,half:X=Ti,1.1721356966495666,1.1227167500158572,1.1953634848510115,half
TiCoSb,half:X=Ti,1.1621460398253765,1.1045363814812914,1.1885480591705637,half
TiCoSb,half:X=Ti,1.152410663629578,1.0982580198067515,1.1822260041853285,half
TiCoSb,half:X=Ti,1.1428898054390422,1.0870956467677808,1.1722964005810714,half
TiCoSb,half:X=Ti,1.1335708406140395,1.0755112278723034,1.1617701470404223,half
TiCoSb,half:X=Ti,1.1244716189194877,1.06386201919202,1.1559698858188394,half
TiCoSb,half:X=Ti,1.1155439480322193,1.0630687623394373,1.1538548250582772,half
TiCoSb,half:X=Ti,1.1430148002540952,1.0630687623394373,1.1538548250582772,half
TiCoSb,half:X=Ti,1.1430148002540952,1.0630687623394373,1.1538548250582772,half
TiCoSb,half:X=Ti,1.1068026275996503,1.0522940844522235,1.1386421932989599,half
TiCoSb,half:X=Ti,1.0982629023799295,1.0376478588390237,1.1242985160082457,half
TiCoSb,half:X=Ti,1.0898698015095518,1.0335189496668389,1.1194906535056321,half
TiCoSb,half:X=Ti,1.0816353015029507,1.0229627715334118,1.112026623587538,half
TiCoSb,half:X=Ti,1.0736083884562067,1.0177375244476385,1.107811176940099,half
TiCoSb,half:X=Ti,1.0656917280932707,1.007342130265263,1.0971310301597632,half
TiCoSb,half:X=Ti,1.0578942197245302,0.9918652053281255,1.0917827969709797,half
TiCoSb,half:X=Ti,1.0503024039624016,0.9895936440099709,1.0837476886294541,half
TiCoSb,half:X=Ti,1.042811691807148,0.9825563290646412,1.0794825525484668,half
TiCoSb,half:X=Ti,1.0354297381845483,0.9759895874521001,1.0754232865681437,half
TiCoSb,half:X=Ti,1.0282051199054427,0.9641710604571874,1.0635447675162484,half
TiCoSb,half:X=Ti,1.0210651972025688,0.9391372363655133,1.0547586267056297,half
TiCoSb,half:X=Ti,1.0141003215196205,0.9364086335852166,1.0468485234624367,half
TiCoSb,half:X=Ti,1.0071928235570407,0.9288814680918963,1.037862845020472,half
TiCoSb,half:X=Ti,1.0004340774793186,0.9233382172473042,1.0366499242877736,half
TiCoSb,half:X=Ti,0.9937447565544623,0.9212652368337079,1.0275321872334024,half
TiCoSb,half:X=Ti,0.9871745010875417,0.9082816868337428,1.0194145521381712,half
TiCoSb,half:X=Ti,0.9807303765359454,0.9060979807483789,1.0148067617903633,half
TiCoSb,half:X=Ti,0.9743735070814232,0.8992440768060099,1.008692806716447,half
TiCoSb,half:X=Ti,0.9680624600764492,0.8923750173734877,1.0013322321186027,half
TiCoSb,half:X=Ti,0.9618954736678504,0.8858432034836755,0.9937608620498567,half
TiCoSb,half:X=Ti,0.9557839289169114,0.877216052947729,0.9860830134232175,half
TiCoSb,half:X=Ti,0.9497802083620005,0.8713289390282997,0.9768491919461105,half
TiCoSb,half:X=Ti,0.9438406264012611,0.8679812935743875,0.9739117907012991,half
TiCoSb,half:X=Ti,0.9380190974762103,0.8575800363764562,0.9695215985973806,half
TiCoSb,half:X=Ti,0.9322707758994904,0.8544600385125688,0.9670820320865011,half
TiCoSb,half:X=Ti,0.9265482246356188,0.8449414512066784,0.9578120865174953,half
TiCoSb,half:X=Ti,0.9209577059554492,0.8414093402784607,0.9483242487130197,half
TiCoSb,half:X=Ti,0.9153998352122699,0.8362659796137284,0.9472718973241743,half
TiCoSb,half:X=Ti,0.9099302597528307,0.832285817060593,0.9369113672386592,half
TiCoSb,half:X=Ti,0.9044991553978199,0.8289744350315842,0.9350464972610205,half
TiCoSb,half:X=Ti,0.899163641477219,0.8213695548549651,0.930226256570074,half
TiCoSb,half:X=Ti,0.8939281265426069,0.8156468211219089,0.9215448270767415,half
TiCoSb,half:X=Ti,0.8886848466596989,0.8098185898184217,0.9178238894969004,half
TiCoSb,half:X=Ti,0.8835478792680437,0.8053332624449739,0.9148057372269132,half
TiCoSb,half:X=Ti,0.8784643453414689,0.8003585209026131,0.9082278657732924,half
TiCoSb,half:X=Ti,0.873436863222037,0.7910500160289878,0.9004951589450206,half
TiCoSb,half:X=Ti,0.8684680990209867,0.7895912848224392,0.8981909305838327,half
TiCoSb,half:X=Ti,0.8635607645262425,0.7837036388209528,0.8931071553728567,half
TiCoSb,half:X=Ti,0.8587176148602916,0.7794708931090789,0.887965365499244,half
TiCoSb,half:X=Ti,0.85394144588049,0.7762731913853518,0.8838970389959891,half
TiCoSb,half:X=Ti,0.8491736330988267,0.7700052383849055,0.8779999845217978,half
TiCoSb,half:X=Ti,0.8444771757456814,0.7658272852116923,0.8741790145886619,half
TiCoSb,half:X=Ti,0.839854984601885,0.7615150000550037,0.8693913241545561,half
TiCoSb,half:X=Ti,0.835246539996311,0.757719329759429,0.8650888912593173,half
TiCoSb,half:X=Ti,0.8307169494368977,0.7514709875395771,0.8590728753652661,half
TiCoSb,half:X=Ti,0.8262044234992527,0.7476926020056042,0.8561090346856081,half
TiCoSb,half:X=Ti,0.8217754671834635,0.742817041541092,0.8510419217616911,half
TiCoSb,half:X=Ti,0.8173670162875941,0.7385416672619621,0.8472784627707785,half
TiCoSb,half:X=Ti,0.8129801660394804,0.7342867195819511,0.8432345064914631,half
TiCuB,half:X=Ti,1.479244100944824,1.5249311718171883,1.570383812265605,half
TiCuB,half:X=Ti,1.4586323051267913,1.5249311718171883,1.570383812265605,half
TiFe2Si,full:X2=Fe,1.9714892316308714,1.3683208570159637,1.3991830599584028,full
TiFe2Si,full:X2=Fe,1.9536727275132248,1.3419011585842617,1.3755454980334003,full
TiFe2Si,full:X2=Fe,1.9368704814339397,1.3241369054571193,1.352897823725408,full
TiFe2Si,full:X2=Fe,1.9209524960575743,1.2945836510154836,1.331424111465463,full
TiFe2Si,full:X2=Fe,1.9058012752968678,1.2795099630586195,1.313560076544595,full
TiFe2Si,full:X2=Fe,1.891325555018005,1.263919282664895,1.2863574444899042,full
TiFe2Si,full:X2=Fe,1.8774519766171067,1.243729264605086,1.2590769515700855,full
TiFe2Si,full:X2=Fe,1.8641193274297176,1.2229951521511488,1.2390054492533857,full
TiFe2Si,full:X2=Fe,1.851270582194151,1.207466847705658,1.2192649788478742,full
TiFe2Si,full:X2=Fe,1.8388679726955592,1.1907218606876573,1.2030009524300354,full
TiFe2Si,full:X2=Fe,1.826871358642004,1.1857741266513266,1.1844004109941302,full
TiFe2Si,full:X2=Fe,1.8452378169120964,1.1857741266513266,1.1844004109941302,full
TiFe2Si,full:X2=Fe,1.8152588830515706,1.1637247804435065,1.1799037235461884,full
TiFe2Si,full:X2=Fe,1.803989414613344,1.1460130341567665,1.1580801293726843,full
TiFe2Si,full:X2=Fe,1.793042643127849,1.1351772274656562,1.1398679494614155,full
TiFe2Si,full:X2=Fe,1.7824081201957882,1.1183169518626268,1.1305783892552819,full
TiFe2Si,full:X2=Fe,1.7720501878132298,1.1142702999325327,1.1151831337547784,full
TiFe2Si,full:X2=Fe,1.761957892362059,1.1089278965274134,1.119760141448816,full
TiFe2Si,full:X2=Fe,1.7521253072978982,1.1019173592753408,1.1043442510319648,full
TiFe2Si,full:X2=Fe,1.7425287512507515,1.097029567411555,1.0924705963399197,full
TiFe2Si,full:X2=Fe,1.7331571251294713,1.0860773885524895,1.085955276949722,full
TiFe2Si,full:X2=Fe,1.723997176191744,1.0763981225934356,1.077382117859896,full
TiFe2Si,full:X2=Fe,1.7150418210700427,1.0864059962460102,1.067755935130047,full
TiFe2Si,full:X2=Fe,1.706282416477007,1.0802902912931431,1.0569784910423567,full
TiFe2Si,full:X2=Fe,1.6977087205918364,1.078491590364809,1.0479376373389198,full
TiFe2Si,full:X2=Fe,1.6893088591236203,1.0544579691826326,1.0577709646214866,full
TiFe2Si,full:X2=Fe,1.6810783464009065,1.0448702553732447,1.053378167878118,full
TiFe2Si,full:X2=Fe,1.6730116863413735,1.0359385338211715,1.0462503889789228,full
TiFe2Si,full:X2=Fe,1.665092956367059,1.0158231685907742,1.024903110765567,full
TiFe2Si,full:X2=Fe,1.6573331770686037,1.0109054767340762,1.0193822907255994,full
TiFe2Si,full:X2=Fe,1.6497144570015119,1.0128840991895918,1.0134051990510242,full
TiFe2Si,full:X2=Fe,1.6422369259221428,1.010639583580088,1.0117121160486144,full
TiFe2Si,full:X2=Fe,1.6348801407665263,0.9610509993998146,0.9878417545320612,full
TiFe2Si,full:X2=Fe,1.6276627960937486,0.9504628198348338,0.9848157423303916,full
TiFe2Si,full:X2=Fe,1.620562849359996,0.9477329028214493,0.9737077062825616,full
TiFe2Si,full:X2=Fe,1.6135881451855019,0.9462405881283396,0.9609254961656468,full
TiFe2Si,full:X2=Fe,1.6067252245758397,0.9427421697611791,0.9587986075290111,full
TiFe2Si,full:X2=Fe,1.5999703586747058,0.9194923602946504,0.9707945415471172,full
TiFe2Si,full:X2=Fe,1.5933193025712995,0.9101630334730232,0.9618594787378555,full
TiFe2Si,full:X2=Fe,1.5867785321556416,0.9078730567575204,0.9494807933074498,full
TiFe2Si,full:X2=Fe,1.5803432471725865,0.9020502297351258,0.9473768930586417,full
TiFe2Si,full:X2=Fe,1.5739965227793502,0.8946284982286536,0.9422954831722146,full
TiFe2Si,full:X2=Fe,1.5677437127809375,0.886849874131408,0.9347161430185899,full
TiFe2Si,full:X2=Fe,1.5615902862077382,0.8857908984115194,0.9395104810739664,full
TiFe2Si,full:X2=Fe,1.5555176491927667,0.8814421254619182,0.9372757008020334,full
TiFe2Si,full:X2=Fe,1.549542727884881,0.8814421254619182,0.9245323970191284,full
TiFe2Si,full:X2=Fe,1.5436459532332465,0.8683717777566257,0.9146242949272296,full
TiFe2Si,full:X2=Fe,1.5378190950732742,0.86698986416312,0.9113334435417275,full
TiFe2Si,full:X2=Fe,1.5320916062789354,0.8584026762325084,0.906999471700205,full
TiFe2Si,full:X2=Fe,1.5264297459834226,0.8552797728361288,0.9041359755158159,full
TiFe2Si,full:X2=Fe,1.5208371127808689,0.8538400089856029,0.8986741775000384,full
TiFe2Si,full:X2=Fe,1.5153306360337269,0.8399434031254281,0.8898107893418522,full
TiFe2Si,full:X2=Fe,1.5098877096652943,0.8299435725187404,0.8865071531736982,full
TiFe2Si,full:X2=Fe,1.5045116394046318,0.82766933522639,0.8812146953255879,full
TiFe2Si,full:X2=Fe,1.4992057936633727,0.8201135408633978,0.8523125455927915,full
TiFe2Si,full:X2=Fe,1.4939736002746673,0.813350375187243,0.8456570234311059,full
TiFe2Si,full:X2=Fe,1.4887903583648545,0.8079472254326464,0.8331387424443327,full
TiFe2Si,full:X2=Fe,1.4836871233069737,0.7996909479558382,0.8294377030124724,full
TiFe2Si,full:X2=Fe,1.478624205311808,0.8104353429607883,0.824974553563896,full
TiFe2Si,full:X2=Fe,1.473632926873841,0.8031057123497963,0.8195058800926522,full
TiFe2Si,full:X2=Fe,1.4687017118940022,0.8023651103617291,0.815182210924319,full
TiFe2Si,full:X2=Fe,1.4638183615294296,0.79581170149106,0.8083621077306326,full
TiFe2Si,full:X2=Fe,1.4590002392686943,0.792944616907527,0.7973994775905651,full
TiFe2Si,full:X2=Fe,1.4542348957482656,0.7868166109434109,0.7917999443998192,full
TiFe2Si,full:X2=Fe,1.4495246803250288,0.7772899959331895,0.7861604519679477,full
TiFe2Si,full:X2=Fe,1.4448563865035426,0.7742068318221637,0.7779161449319878,full
TiFe2Si,full:X2=Fe,1.440247695801567,0.7784844543363957,0.7666776110769885,full
TiFe2Si,full:X2=Fe,1.4356851379416298,0.7721663502463851,0.7633799415688333,full
TiFe2Si,full:X2=Fe,1.431170701483257,0.7648115222279142,0.7579975044220281,full
TiFe2Si,full:X2=Fe,1.426690147338194,0.767754647361573,0.7558456616897198,full
TiFe2Si,full:X2=Fe,1.4222778761641806,0.7833142015641349,0.7499597362847512,full
TiFe2Si,full:X2=Fe,1.417903281991229,0.7803013234713733,0.7332210837012649,full
TiFe2Si,full:X2=Fe,1.4135679712732891,0.776572772010366,0.7314317286590778,full
TiFe2Si,full:X2=Fe,1.4092735766694493,0.7701357579388619,0.7233849328611358,full
TiFe2Si,full:X2=Fe,1.4050388466632242,0.7690037866045853,0.7194315565152536,full
TiFe2Si,full:X2=Fe,1.4008314491162253,0.7711846318644314,0.723943142924714,full
TiFe2Si,full:X2=Fe,1.3966700136885104,0.7645953613746544,0.7155664335470253,full
TiFe2Si,full:X2=Fe,1.3925562682950718,0.7581390903335053,0.698720467843227,full
TiFe2Si,full:X2=Fe,1.3884742076309493,0.7549193990071734,0.6964685410947088,full
TiFe2Si,full:X2=Fe,1.384425103553632,0.7508402215154876,0.691335297938648,full
TiFe2Si,full:X2=Fe,1.3804283346838362,0.7464160985813135,0.692976620580903,full
TiFe2Si,full:X2=Fe,1.3764492045973165,0.7346525499096672,0.6773109884614583,full
TiFe2Sn,full:X2=Fe,1.384529623438625,1.1955887905082676,0.9996048208194264,full
TiFePo,half:X=Ti,1.0856116304716463,1.0352362582501484,1.1977923084786992,half
TiFeS,half:X=Ti,1.5705195900885156,1.3125349093451706,1.3758707836144755,half
TiFeSe,half:X=Ti,1.4409090820652177,1.2196379733407863,1.2410981088876556,half
TiFeSe,half:X=Ti,1.4022613824546801,1.2196379733407863,1.2410981088876556,half
TiFeSe,half:X=Ti,1.4409090820652177,1.2196379733407863,1.2410981088876556,half
TiFeSe,half:X=Ti,1.4464916072549718,1.2196379733407863,1.2410981088876556,half
TiFeTe,half:X=Ti,1.307496037913213,1.0647729593795252,1.3302735192919632,half
TiFeTe,half:X=Ti,1.4183012913197455,1.0647729593795252,1.3302735192919632,half
TiFeTe,half:X=Ti,1.3163897510731954,1.0647729593795252,1.3302735192919632,half
TiFeTe,half:X=Ti,1.307496037913213,1.0647729593795252,1.3302735192919632,half
TiFeTe,half:X=Ti,1.4135763500796734,1.0647729593795252,1.3302735192919632,half
TiFeTe,half:X=Ti,1.1405080430381795,0.9418521550348661,1.0707477344620093,half
TiFeTe,half:X=Ti,1.1405080430381795,0.9418521550348661,1.0707477344620093,half
TiGaAg,half:X=Ti,1.0532321488405023,1.0449958721518031,1.155950811463398,half
TiGaAu,half:X=Ti,1.0585778491332252,1.0700331138160375,1.1271952449769933,half
TiGaCu,half:X=Ti,1.170613703377405,1.2802652983652871,1.3421398740019221,half
TiGePd,half:X=Ti,1.1981069988734014,1.124757640382642,1.1254364696445542,half
TiGePd,half:X=Ti,1.1981069988734014,1.124757640382642,1.1254364696445542,half
TiGePt,half:X=Ti,1.287801729930226,1.2710775402169978,1.2964798303442344,half
TiGePt,half:X=Ti,1.2278867046136734,1.2710775402169978,1.2964798303442344,half
TiGePt,half:X=Ti,1.4265112613645752,1.2710775402169978,1.2964798303442344,half
TiGePt,half:X=Ti,1.2460798412237666,1.2710775402169978,1.2964798303442344,half
TiGePt,half:X=Ti,1.3159703454569178,1.2710775402169978,1.2964798303442344,half
TiGePt,half:X=Ti,1.287801729930226,1.2710775402169978,1.2964798303442344,half
TiGePt,half:X=Ti,1.3869790636710206,1.2710775402169978,1.2964798303442344,half
TiGePt,half:X=Ti,1.1565491513317814,1.0609480947663217,1.0764605458956158,half
TiGePt,half:X=Ti,1.1565491513317814,1.0609480947663217,1.0764605458956158,half
TiInAg,half:X=Ti,0.9406658724758289,1.0125447761258823,0.8946763238456975,half
TiInAu,half:X=Ti,0.9693227061122022,1.0118862613886874,0.8797903427479373,half
TiNiC,half:X=Ti,1.6295726837767732,1.618617531251409,1.5742135268575137,half
TiNiGe,half:X=Ti,1.403120521175818,1.3107718520546439,1.301415923017471,half
TiNiGe,half:X=Ti,1.3607259156419549,1.3107718520546439,1.301415923017471,half
TiNiGe,half:X=Ti,1.169674434058807,1.138495639423785,1.1475598628548398,half
TiNiGe,half:X=Ti,1.169674434058807,1.138495639423785,1.1475598628548398,half
TiNiPb,half:X=Ti,2.037426497940624,1.1042262784614003,1.064538013299282,half
TiNiPb,half:X=Ti,0.9749259860897624,1.1042262784614003,1.064538013299282,half
TiNiPb,half:X=Ti,1.2893659515200318,1.1042262784614003,1.064538013299282,half
TiNiPb,half:X=Ti,1.1433271299920464,0.9599179193678394,0.9159913752578468,half
TiNiPb,half:X=Ti,1.1433271299920464,0.9599179193678394,0.9159913752578468,half
TiNiSb,half:X=Ti,0.561101383649056,1.2369350549342408,1.2730434716450651,half
TiNiSb,half:X=Ti,0.561101383649056,1.2369350549342408,1.2730434716450651,half
TiNiSn,half:X=Ti,1.3896267239267273,1.4742425594296544,1.5000801802511523,half
TiNiSn,half:X=Ti,1.365506704077209,1.4500239343858723,1.4786188192605092,half
TiNiSn,half:X=Ti,1.3428370369164249,1.4278230418816125,1.4496715815680346,half
TiNiSn,half:X=Ti,1.3214327166478592,1.4088805745953124,1.4294838812887047,half
TiNiSn,half:X=Ti,1.3011819721383155,1.3855733252600342,1.3806023299875911,half
TiNiSn,half:X=Ti,1.2819192424362529,1.3650791494336045,1.3643677708250905,half
TiNiSn,half:X=Ti,1.263588731459945,1.3485248013019433,1.3434806150036074,half
TiNiSn,half:X=Ti,1.2460798412237666,1.3248603133602725,1.3257493341636257,half
TiNiSn,half:X=Ti,1.2293234078961834,1.3109741147124292,1.3044160356569339,half
TiNiSn,half:X=Ti,1.2132254727734009,1.2915509868245278,1.2751935838904422,half
TiNiSn,half:X=Ti,1.1977766112713868,1.2854492529237087,1.27023448697236,half
TiNiSn,half:X=Ti,1.2440295890300217,1.2854492529237087,1.27023448697236,half
TiNiSn,half:X=Ti,1.252853030979893,1.2854492529237087,1.27023448697236,half
TiNiSn,half:X=Ti,1.2253092817258628,1.2854492529237087,1.27023448697236,half
TiNiSn,half:X=Ti,1.2114142450779755,1.2854492529237087,1.27023448697236,half
TiNiSn,half:X=Ti,1.1835545336188618,1.2854492529237087,1.27023448697236,half
TiNiSn,half:X=Ti,1.1425146049993744,1.2854492529237087,1.27023448697236,half
TiNiSn,half:X=Ti,0.8808135922807914,1.2854492529237087,1.27023448697236,half
TiNiSn,half:X=Ti,1.1398790864012365,1.2854492529237087,1.27023448697236,half
TiNiSn,half:X=Ti,1.2440295890300217,1.2854492529237087,1.27023448697236,half
TiNiSn,half:X=Ti,0.877371345869774,1.2854492529237087,1.27023448697236,half
TiNiSn,half:X=Ti,1.2556302405071775,1.2854492529237087,1.27023448697236,half
TiNiSn,half:X=Ti,1.1829279692369925,1.2706033707259892,1.2475257608724695,half
TiNiSn,half:X=Ti,1.1685858655364103,1.253941534735797,1.2439695585578123,half
TiNiSn,half:X=Ti,1.1547586191541768,1.2429000878744438,1.229383689502735,half
TiNiSn,half:X=Ti,1.1413556922038897,1.228491167379332,1.215052641610252,half
TiNiSn,half:X=Ti,1.1284315810932466,1.2197548548841737,1.2082378228815147,half
TiNiSn,half:X=Ti,1.1158766642684446,1.2153330701714018,1.1965490627483868,half
TiNiSn,half:X=Ti,1.1037011195895143,1.2001509876663303,1.1879621430437401,half
TiNiSn,half:X=Ti,1.091877899629413,1.189017520072339,1.169043820961161,half
TiNiSn,half:X=Ti,1.080410007155637,1.173700636726502,1.159008529700367,half
TiNiSn,half:X=Ti,1.0692609862847464,1.1667222074322798,1.1482391245221957,half
TiNiSn,half:X=Ti,1.058388059993333,1.1561459556352522,1.1385890348046674,half
TiNiSn,half:X=Ti,1.0477809247411964,1.1494965481765906,1.1243564334852614,half
TiNiSn,half:X=Ti,1.0374663396435004,1.134826202880915,1.1149305054508778,half
TiNiSn,half:X=Ti,1.0273903846849695,1.1209884944722357,1.101108920549687,half
TiNiSn,half:X=Ti,1.017534159437198,1.113836062760106,1.0944339778399506,half
TiNiSn,half:X=Ti,1.0079183906455988,1.1049166111224975,1.0881119228547151,half
TiNiSn,half:X=Ti,0.9985644582609416,1.0882535581721353,1.0828538880244316,half
TiNiSn,half:X=Ti,0.9893608137762474,1.083176703560345,1.0722555623569592,half
TiNiSn,half:X=Ti,0.9803670261847751,1.082793419916098,1.0666171671031894,half
TiNiSn,half:X=Ti,0.971600520230059,1.0839913290975507,1.0645075075364288,half
TiNiSn,half:X=Ti,1.021189299069938,1.0839913290975507,1.0645075075364288,half
TiNiSn,half:X=Ti,1.021189299069938,1.0839913290975507,1.0645075075364288,half
TiNiSn,half:X=Ti,0.9629845843169971,1.0674066921302663,1.0490687543066115,half
TiNiSn,half:X=Ti,0.954531942626914,1.053621327036573,1.0330324188882412,half
TiNiSn,half:X=Ti,0.9462557071993973,1.0359093945642026,1.0296919171957213,half
TiNiSn,half:X=Ti,0.9381693463903202,1.0338258481080658,1.0222278872776274,half
TiNiSn,half:X=Ti,0.9301846522986199,1.0308089941894307,1.018060488956602,half
TiNiSn,half:X=Ti,0.8369567370595504,1.0308089941894307,1.018060488956602,half
TiNiSn,half:X=Ti,0.92236209678479,1.0070890114072735,1.0074201989214528,half
TiNiSn,half:X=Ti,0.9147132869736239,0.9954624223201737,1.0028586341725823,half
TiNiSn,half:X=Ti,0.9071963102716017,0.9917301781255173,0.991628553818389,half
TiNiSn,half:X=Ti,0.899765801944386,0.9844062319575866,0.9873634177374018,half
TiNiSn,half:X=Ti,0.8924841793646877,0.9778109851734083,0.9845951073949211,half
TiNiSn,half:X=Ti,0.885361220031512,0.96911790375074,0.9737462234918232,half
TiNiSn,half:X=Ti,0.8783494222177755,0.9604938570955205,0.9656730548338203,half
TiNiSn,half:X=Ti,0.8713977814874839,0.9562001593572883,0.9581309175222359,half
TiNiSn,half:X=Ti,0.8646297245455122,0.952899187211478,0.9503234125770111,half
TiNiSn,half:X=Ti,0.857935264719429,0.9397821649096024,0.9491104918443127,half
TiNiSn,half:X=Ti,0.8513195126487452,0.9384793787580432,0.9400454160306241,half
TiNiSn,half:X=Ti,0.844849800806639,0.9255417367697603,0.9319277809353927,half
TiNiSn,half:X=Ti,0.8384082784941868,0.9230105449742034,0.9273358531560825,half
TiNiSn,half:X=Ti,0.8321255425340092,0.9215321007674545,0.9213483524357258,half
TiNiSn,half:X=Ti,0.825945143203848,0.9099338448529442,0.9174012377212641,half
TiNiSn,half:X=Ti,0.819807064590756,0.9031018872436506,0.9098642450458447,half
TiNiSn,half:X=Ti,0.8137810781740825,0.9007581099893682,0.9020311519125934,half
TiNiSn,half:X=Ti,0.8078055322706246,0.8933290103426089,0.8927744693122935,half
TiNiSn,half:X=Ti,0.8019522348542817,0.889502061489565,0.889863505549723,half
TiNiSn,half:X=Ti,0.7961578769069144,0.8841737410059806,0.885427449818829,half
TiNiSn,half:X=Ti,0.7904962769671096,0.8808925781143876,0.8765427285077849,half
TiNiSn,half:X=Ti,0.7848311781244692,0.8723900023210298,0.8671299394134604,half
TiNiSn,half:X=Ti,0.7793078275835859,0.8646195972172732,0.8576910433113211,half
TiNiSn,half:X=Ti,0.7737864449811935,0.8614412984548792,0.8566386919224758,half
TiNiSn,half:X=Ti,0.7683420586445333,0.8558751979404405,0.8462781618369606,half
TiNiSn,half:X=Ti,0.7630534402996147,0.8528351548056476,0.8444300441699018,half
TiNiSn,half:X=Ti,0.7576996250877388,0.8452577439319667,0.8399380428865799,half
TiNiSn,half:X=Ti,0.752509400788843,0.8392228279050233,0.8319785695392995,half
TiNiSn,half:X=Ti,0.7473341096159051,0.8348156646522323,0.8291113051869852,half
TiNiSn,half:X=Ti,0.7422536699065937,0.8284940250560391,0.8271118750714479,half
TiNiSn,half:X=Ti,0.7371926427047373,0.8248898694263337,0.8205665172428125,half
TiNiSn,half:X=Ti,0.7322328802204978,0.8191473869350335,0.8132543328196904,half
TiNiSn,half:X=Ti,0.7272972028035875,0.8213929857582115,0.8112577545628944,half
TiNiSn,half:X=Ti,0.7224693858840309,0.8150977849094292,0.8062313868515265,half
TiNiSn,half:X=Ti,0.7176705030022621,0.8150802642022348,0.8012496879538992,half
TiNiSn,half:X=Ti,0.7129021250472227,0.8114291953052291,0.7972938282366416,half
TiNiSn,half:X=Ti,0.7081658578555401,0.8045203705439007,0.7915679735149358,half
TiNiSn,half:X=Ti,0.7035492982382305,0.8078855039319107,0.7868622203851671,half
TiNiSn,half:X=Ti,0.6989700043360189,0.80965476877154,0.7828257477269736,half
TiNiSn,half:X=Ti,0.6944296909570831,0.8140325108255609,0.7784638491044767,half
TiNiSn,half:X=Ti,0.6898414091375048,0.8088081231057095,0.7723618190418892,half
TiNiSn,half:X=Ti,0.6853834098014874,0.8051645300930098,0.769430905589579,half
TiNiSn,half:X=Ti,0.6809697184658972,0.8006503394849486,0.7642460564702834,half
TiNiSn,half:X=Ti,0.6766021695820184,0.807285131874057,0.7604825974793707,half
TiNiSn,half:X=Ti,0.6722826247889205,0.8030154774408886,0.7563886178191469,half
TiPIr,half:X=Ti,1.437750562820388,1.4261729476928129,1.3961433747852943,half
TiPIr,half:X=Ti,1.4299298362406299,1.4261729476928129,1.3961433747852943,half
TiPRh,half:X=Ti,1.5398786760263183,1.5330107257324994,1.5496430397362144,half
TiPdPb,half:X=Ti,0.7737864449811935,0.8397955641763797,0.7967847399955389,half
TiPdPb,half:X=Ti,0.7737864449811935,0.8397955641763797,0.7967847399955389,half
TiPtC,half:X=Ti,1.3305558090629956,1.3693216356902491,1.4201757765707046,half
TiPtPb,half:X=Ti,0.9784544333652286,1.053830174560875,1.0312364974362933,half
TiPtPb,half:X=Ti,0.7347998295888469,0.7951579984641508,0.8164784533247736,half
TiPtPb,half:X=Ti,0.7347998295888469,0.7951579984641508,0.8164784533247736,half
TiSbIr,half:X=Ti,1.2752422305558997,1.275961607450985,1.274912343710172,half
TiSbIr,half:X=Ti,1.1048284036536553,1.0019545261982166,1.004296304053535,half
TiSbIr,half:X=Ti,1.1048284036536553,1.0019545261982166,1.004296304053535,half
TiSbRh,half:X=Ti,1.3093107157881756,1.2667191612797617,1.2515019309584066,half
TiSbRh,half:X=Ti,1.0689276116820718,1.0217788526555769,0.9840011654313919,half
TiSbRh,half:X=Ti,1.0689276116820718,1.0217788526555769,0.9840011654313919,half
TiSiNi,half:X=Ti,1.542402125822417,1.4567766868822558,1.535466278138427,half
TiSiPd,half:X=Ti,1.4032921451582543,1.376106066580801,1.3969963950174025,half
TiSiPd,half:X=Ti,1.4032921451582543,1.376106066580801,1.3969963950174025,half
TiSiPd,half:X=Ti,1.49708636690664,1.376106066580801,1.3969963950174025,half
TiSiPt,half:X=Ti,1.6736014224198106,1.4398667168564243,1.4876353530935935,half
TiSiPt,half:X=Ti,1.6469817471394965,1.419052475843543,1.465993469976894,half
TiSiPt,half:X=Ti,1.6221725608934294,1.4016210714599766,1.4456113372927026,half
TiSiPt,half:X=Ti,1.5989436314718473,1.380597224178969,1.4281619810495156,half
TiSiPt,half:X=Ti,1.5770894890331864,1.3621812127310868,1.4050548805457654,half
TiSiPt,half:X=Ti,1.5564713602341478,1.3413216031111268,1.3923538562960807,half
TiSiPt,half:X=Ti,1.5369496363606452,1.342865407787074,1.3746375624520222,half
TiSiPt,half:X=Ti,1.5184086436034225,1.334044118722228,1.3631094350594233,half
TiSiPt,half:X=Ti,1.5007440445986693,1.309763202871052,1.3405108874389549,half
TiSiPt,half:X=Ti,1.4838724542226736,1.301215377663366,1.3258391548107045,half
TiSiPt,half:X=Ti,1.4677412589457328,1.2850525939032158,1.3213734111286222,half
TiSiPt,half:X=Ti,1.537944959291487,1.2850525939032158,1.3213734111286222,half
TiSiPt,half:X=Ti,1.4492309737130131,1.2850525939032158,1.3213734111286222,half
TiSiPt,half:X=Ti,1.3627839634699142,1.2850525939032158,1.3213734111286222,half
TiSiPt,half:X=Ti,1.537944959291487,1.2850525939032158,1.3213734111286222,half
TiSiPt,half:X=Ti,1.4871562985962208,1.2850525939032158,1.3213734111286222,half
TiSiPt,half:X=Ti,1.452261904093934,1.2659691393111827,1.2967672361824583,half
TiSiPt,half:X=Ti,1.4373858559663875,1.24771271353921,1.28413820600182,half
TiSiPt,half:X=Ti,1.423081958297231,1.2354977428277167,1.2645634497086584,half
TiSiPt,half:X=Ti,1.4092905006404546,1.22589711886091,1.2420919753904207,half
TiSiPt,half:X=Ti,1.3959725477949931,1.1984311903140368,1.223064401508993,half
TiSiPt,half:X=Ti,1.3830969299490943,1.191345133409407,1.207752402673587,half
TiSiPt,half:X=Ti,1.3706425999569052,1.1856469687992415,1.1979172314742037,half
TiSiPt,half:X=Ti,1.3585629766610556,1.1681302334347403,1.1716607053662385,half
TiSiPt,half:X=Ti,1.3468417696422514,1.153858391138497,1.161688117110895,half
TiSiPt,half:X=Ti,1.3354779600174358,1.150009756288453,1.1491753155473974,half
TiSiPt,half:X=Ti,1.3244265101417325,1.1395563606007315,1.1362714260205309,half
TiSiPt,half:X=Ti,1.3136563466180313,1.1323588835731302,1.1196439980482564,half
TiSiPt,half:X=Ti,1.3031960574204888,1.1171950070207846,1.1095076936315704,half
TiSiPt,half:X=Ti,1.2929866665841003,1.1103642486159764,1.095437151554267,half
TiSiPt,half:X=Ti,1.2830297097938594,1.0926456490209382,1.089191154234415,half
TiSiPt,half:X=Ti,1.2733254242751206,1.0829862874578151,1.0805648842306659,half
TiSiPt,half:X=Ti,1.2638490218374718,1.078096087665405,1.0660047256260126,half
TiSiPt,half:X=Ti,1.2545964099209879,1.0740124104252637,1.0628549512732746,half
TiSiPt,half:X=Ti,1.2455373429359942,1.075725601570396,1.0566626377789319,half
TiSiPt,half:X=Ti,1.2366883817646153,1.076688651797996,1.0547461901252255,half
TiSiPt,half:X=Ti,1.2280151751017878,1.05889211164875,1.0395081905806927,half
TiSiPt,half:X=Ti,1.219532135300155,1.0412755193823533,1.0224398106359909,half
TiSiPt,half:X=Ti,1.2112006620002567,1.033697900086226,1.0188404402702111,half
TiSiPt,half:X=Ti,1.2030600975959609,1.0223765328822538,1.0094360992632272,half
TiSiPt,half:X=Ti,1.19506899646859,1.0193729129852171,1.002563003263545,half
TiSiPt,half:X=Ti,1.1872386198314788,0.9994804589526401,0.979883798460055,half
TiSiPt,half:X=Ti,1.1795517911651876,0.9897260350439906,0.9758812924669819,half
TiSiPt,half:X=Ti,1.1719895827021185,0.9840464538232939,0.9642475532436139,half
TiSiPt,half:X=Ti,1.1645610292655568,0.9803361508651718,0.9602466131014441,half
TiSiPt,half:X=Ti,1.1572753964540354,0.9709719726303779,0.956037952834514,half
TiSiPt,half:X=Ti,1.1501421618485586,0.9571964059248346,0.9455150671587982,half
TiSiPt,half:X=Ti,1.1431085227625126,0.9520649072944045,0.9363729083635179,half
TiSiPt,half:X=Ti,1.1361813269606007,0.9440643450368233,0.9287000150216103,half
TiSiPt,half:X=Ti,1.1293675957229856,0.9363719472296804,0.9169416991719873,half
TiSiPt,half:X=Ti,1.1226745132061984,0.9295766292203362,0.9159008296557927,half
TiSiPt,half:X=Ti,1.1160761717286118,0.9272783143039519,0.9063900824449824,half
TiSiPt,half:X=Ti,1.1095785469043866,0.9098777557455674,0.898375114264889,half
TiSiPt,half:X=Ti,1.1031877488509427,0.9073634215518611,0.8946442000228315,half
TiSiPt,half:X=Ti,1.0969100130080565,0.9043511193042006,0.8884587636241291,half
TiSiPt,half:X=Ti,1.0907164484810987,0.8974123272786093,0.8822027216454337,half
TiSiPt,half:X=Ti,1.0846120208652514,0.8925714132152631,0.8746657289700144,half
TiSiPt,half:X=Ti,1.0785655593171173,0.8864883642364181,0.8668126220279755,half
TiSiPt,half:X=Ti,1.0726542173330342,0.8791490061154215,0.8570787266279527,half
TiSiPt,half:X=Ti,1.0668102756258333,0.8730455459952469,0.8539148276651366,half
TiSiPt,half:X=Ti,1.0610375900634184,0.8698672803799108,0.8653602668133125,half
TiSiPt,half:X=Ti,1.0553400995441815,0.8611821765196292,0.8630485938021861,half
TiSiPt,half:X=Ti,1.049721822152435,0.8524440892268661,0.853740146365386,half
TiSiPt,half:X=Ti,1.0441476208787228,0.8488135586741725,0.8444762770370943,half
TiSiPt,half:X=Ti,1.0386996230206231,0.8436103923223118,0.843423925648249,half
TiSiPt,half:X=Ti,1.0333031013725738,0.8387317408923293,0.831419683859033,half
TiSiPt,half:X=Ti,1.0279608597854475,0.8332631691062043,0.8295411399994232,half
TiSiPt,half:X=Ti,1.0226757619537274,0.8280586997001874,0.8252870728340221,half
TiSiPt,half:X=Ti,1.0174924464772752,0.8209718630143428,0.8157644403454534,half
TiSiPt,half:X=Ti,1.012330955580147,0.8168693490746862,0.8124826066545779,half
TiSiPt,half:X=Ti,1.0072782473342443,0.809467214426016,0.8091558778471676,half
TiSiPt,half:X=Ti,1.0022524799205383,0.8042546987759648,0.8025140794927559,half
TiSiPt,half:X=Ti,0.997298992409514,0.7972141492304435,0.7940732285173165,half
TiSiPt,half:X=Ti,0.992376759798803,0.7936832211844417,0.7889026513414852,half
TiSiPt,half:X=Ti,0.9875322027298394,0.7876906514120012,0.7838987408804491,half
TiSiPt,half:X=Ti,0.9827233876685453,0.7828867385428531,0.7776369069516936,half
TiSiPt,half:X=Ti,0.9779978099587397,0.7726389903362105,0.768033102995925,half
TiSiPt,half:X=Ti,0.9733126204529018,0.7659403353349228,0.7622739739556611,half
TiSiPt,half:X=Ti,0.968669701720392,0.761774866923269,0.7582836717840379,half
TiSiPt,half:X=Ti,0.964118143151485,0.7532369883226144,0.7537148187673879,half
TiSiPt,half:X=Ti,0.9595660466379277,0.7431695844047866,0.7491037405837011,half
TiSiPt,half:X=Ti,0.9550620696750322,0.730448708868444,0.7429229267919082,half
TiSiPt,half:X=Ti,0.9506568825045106,0.7270370186730345,0.7398582630413735,half
TiSiPt,half:X=Ti,0.9462557071993973,0.7234467615095359,0.7347130281196953,half
TiSiPt,half:X=Ti,0.9419087743655994,0.7183945128124771,0.7306622027770984,half
TiSiPt,half:X=Ti,0.937568038600383,0.7144381783294513,0.7271790045634432,half
TiSiRu2,full:X2=Ru,1.6578013573335812,1.6202691414127415,1.6661978972762879,full
TiSiRu2,full:X2=Ru,1.6387587354242528,1.5970388259812633,1.6463340972449867,full
TiSiRu2,full:X2=Ru,1.6207812890403008,1.5834846825605928,1.6264986408438133,full
TiSiRu2,full:X2=Ru,1.603739630242614,1.5310424604197093,1.6158297204989442,full
TiSiRu2,full:X2=Ru,1.5875089205947495,1.5146493547194149,1.594357667748771,full
TiSiRu2,full:X2=Ru,1.5720230867438458,1.4944488877239257,1.582383821777278,full
TiSiRu2,full:X2=Ru,1.5571822617879294,1.4788260881902282,1.5719562217718592,full
TiSiRu2,full:X2=Ru,1.54293740823262,1.4618103077666973,1.5702832007673537,full
TiSiRu2,full:X2=Ru,1.5292249656273322,1.4543798204991214,1.5579696551948252,full
TiSiRu2,full:X2=Ru,1.5160062303860478,1.4304943093707292,1.5379032376217832,full
TiSiRu2,full:X2=Ru,1.5032457714651126,1.4191066603422113,1.5298844626065342,full
TiSiRu2,full:X2=Ru,1.5346504316052845,1.4191066603422113,1.5298844626065342,full
TiSiRu2,full:X2=Ru,1.4909131583108988,1.4319508482262666,1.5159973790813992,full
TiSiRu2,full:X2=Ru,1.4789558874545348,1.4124474018169553,1.5091983871321362,full
TiSiRu2,full:X2=Ru,1.4673564822378982,1.4048923261868684,1.4966369603771112,full
TiSiRu2,full:X2=Ru,1.4561078093069328,1.397053375352756,1.4895182252286916,full
TiSiRu2,full:X2=Ru,1.4451681333275692,1.3870486902770356,1.4935259511921044,full
TiSiRu2,full:X2=Ru,1.4345210012657728,1.3781396690228322,1.4963124837326032,full
TiSiRu2,full:X2=Ru,1.424162659974883,1.3691386953863007,1.4936026951256844,full
TiSiRu2,full:X2=Ru,1.414053675030946,1.3555390954954278,1.4976785287741023,full
TiSiRu2,full:X2=Ru,1.4042006217013547,1.3467104298199826,1.488360693349309,full
TiSiRu2,full:X2=Ru,1.39459175322927,1.3412237551373303,1.4770366710513663,full
TiSiRu2,full:X2=Ru,1.38519501831988,1.3346056067040857,1.4685562880891112,full
TiSiRu2,full:X2=Ru,1.3760291817281802,1.3233191967893334,1.4718736705232378,full
TiSiRu2,full:X2=Ru,1.367057590612843,1.3166616712642436,1.463290419500402,full
TiSiRu2,full:X2=Ru,1.3582775757952261,1.311591618874217,1.4499942631722713,full
TiSiRu2,full:X2=Ru,1.3496659840966296,1.292162116799842,1.4556817239039521,full
TiSiRu2,full:X2=Ru,1.3412564174312576,1.282674840128276,1.4665653027945833,full
TiSiRu2,full:X2=Ru,1.333003684755698,1.2783292613950499,1.451693193130618,full
TiSiRu2,full:X2=Ru,1.3249200500199187,1.271785112047417,1.4445389202208792,full
TiSiRu2,full:X2=Ru,1.3169971706892118,1.2705620282127703,1.4410130995869301,full
TiSiRu2,full:X2=Ru,1.3092041796704075,1.268715535236597,1.4458837391742942,full
TiSiRu2,full:X2=Ru,1.3015725247562753,1.2518936355064212,1.4073703420992603,full
TiSiRu2,full:X2=Ru,1.2940692274708907,1.2407325570301206,1.403848359250078,full
TiSiRu2,full:X2=Ru,1.2867034129342692,1.2368853565804467,1.3883966669854173,full
TiSiRu2,full:X2=Ru,1.279461609257673,1.237039295018132,1.3872136961380497,full
TiSiRu2,full:X2=Ru,1.2723522409067942,1.23099465352027,1.3802229222743079,full
TiSiRu2,full:X2=Ru,1.2653603521018304,1.215714637805976,1.3668495408981585,full
TiSiRu2,full:X2=Ru,1.2584696615506934,1.2044928739795762,1.3658188171456684,full
TiSiRu2,full:X2=Ru,1.251711204984457,1.2018451445197986,1.3585686104623051,full
TiSiRu2,full:X2=Ru,1.24504357393061,1.2125253231720465,1.3493261278357376,full
TiSiRu2,full:X2=Ru,1.2384977353073587,1.2077559909870403,1.3457876827378048,full
TiSiRu2,full:X2=Ru,1.2320299376201334,1.197891503773082,1.335635808866431,full
TiSiRu2,full:X2=Ru,1.2256710430811442,1.1887110918453154,1.3319488012057592,full
TiSiRu2,full:X2=Ru,1.21940113035756,1.1858750244785998,1.339224241485533,full
TiSiRu2,full:X2=Ru,1.2132520521963968,1.1805699569775023,1.3237963193319369,full
TiSiRu2,full:X2=Ru,1.2071494532095428,1.1735841231496305,1.296906934095254,full
TiSiRu2,full:X2=Ru,1.20115122765526,1.172685519961212,1.2837281792110922,full
TiSiRu2,full:X2=Ru,1.195235254806065,1.1616846915505081,1.2817643567291563,full
TiSiRu2,full:X2=Ru,1.1894060855292286,1.1572412582169724,1.2757023611629963,full
TiSiRu2,full:X2=Ru,1.18366835736002,1.1517488332051486,1.2621908484899813,full
TiSiRu2,full:X2=Ru,1.177997963096566,1.1443155672816057,1.258927140042958,full
TiSiRu2,full:X2=Ru,1.1723985779393047,1.1408286482404815,1.2550829512652253,full
TiSiRu2,full:X2=Ru,1.166873950858819,1.1321586132066257,1.251268209281422,full
TiSiRu2,full:X2=Ru,1.161427900791294,1.1262714992871963,1.245581878612404,full
TiSiRu2,full:X2=Ru,1.1560339919236207,1.1249638106149686,1.2390269499983484,full
TiSiRu2,full:X2=Ru,1.1507257465861944,1.115585172816824,1.2350492197631964,full
TiSiRu2,full:X2=Ru,1.1454450361378057,1.1126520553799106,1.222255626137804,full
TiSiRu2,full:X2=Ru,1.1402565696774165,1.1060166857610412,1.2182041615503945,full
TiSiRu2,full:X2=Ru,1.1351326513767748,1.1004716487886883,1.212881931022466,full
TiSiRu2,full:X2=Ru,1.1300763325171639,1.094809802548139,1.2095466283129288,full
TiSiRu2,full:X2=Ru,1.1250907130826342,1.090628845987703,1.201757820052816,full
TiSiRu2,full:X2=Ru,1.1201460061881117,1.0872461753087124,1.1972986197243238,full
TiSiRu2,full:X2=Ru,1.1152442853272548,1.0812162245356198,1.1927100574545833,full
TiSiRu2,full:X2=Ru,1.1104213464739563,1.0754802526224034,1.1888595504889132,full
TiSiRu2,full:X2=Ru,1.1056123596867853,1.0670656981465192,1.1798971039081316,full
TiSiRu2,full:X2=Ru,1.1008872548535935,1.0614520139208605,1.1758151402651962,full
TiSiRu2,full:X2=Ru,1.0962145853464051,1.0570501577431228,1.1715205624263332,full
TiSiRu2,full:X2=Ru,1.0915966208100578,1.025843329655141,1.1658786572404058,full
TiSiRu2,full:X2=Ru,1.08703566480566,1.024408890305238,1.159117952425081,full
TiSiRu2,full:X2=Ru,1.0824981385057795,1.0016955341935339,1.1535240316920206,full
TiSiRu2,full:X2=Ru,1.078021580520386,0.9977822022757128,1.1487442912239358,full
TiSiRu2,full:X2=Ru,1.0735717283049246,0.9944746646177867,1.1412022645746434,full
TiSiRu2,full:X2=Ru,1.0691869251519095,0.9883217290355191,1.130838309174415,full
TiSiRu2,full:X2=Ru,1.0648696250598064,0.983410298414097,1.1203669145611748,full
TiSiRu2,full:X2=Ru,1.0605467551261694,0.9789636644415733,1.110710135188955,full
TiSiRu2,full:X2=Ru,1.0562948870762279,0.9755069329859019,1.1034735307644388,full
TiSiRu2,full:X2=Ru,1.0520780304841693,0.9671276504770849,1.0993127255225932,full
TiSiRu2,full:X2=Ru,1.0479365161380791,0.9634491240305751,1.0964535288971353,full
TiSiRu2,full:X2=Ru,1.0437943923257789,0.9593646635378144,1.0921226296325326,full
TiSiRu2,full:X2=Ru,1.039691661649026,0.954818582063283,1.0865505970039728,full
TiSiRu2,full:X2=Ru,1.0356298277904388,0.936074583566138,1.0828811802652267,full
TiSnIr,half:X=Ti,0.5910646070264992,1.2326088355028262,1.223907218676131,half
TiSnIr,half:X=Ti,0.5910646070264992,1.2326088355028262,1.223907218676131,half
TiSnPd,half:X=Ti,1.320457868916649,1.3784676305291579,1.3540559577114974,half
TiSnPd,half:X=Ti,1.297344614534694,1.3611349672777604,1.3290568944122576,half
TiSnPd,half:X=Ti,1.2755416884013095,1.3403578981968096,1.2994368935770058,half
TiSnPd,half:X=Ti,1.2549345890774408,1.3211987939652676,1.2794819621650968,half
TiSnPd,half:X=Ti,1.2353769224022368,1.3040009679542168,1.2588076343852843,half
TiSnPd,half:X=Ti,1.2167726984290392,1.2848682932771738,1.2430021538425882,half
TiSnPd,half:X=Ti,1.1990142709346199,1.2707016395728257,1.2207586823143426,half
TiSnPd,half:X=Ti,1.1820149861507345,1.2513292423675773,1.1999572860915166,half
TiSnPd,half:X=Ti,1.1657486815594142,1.2351329046999733,1.1815903474789873,half
TiSnPd,half:X=Ti,1.1501114251287818,1.217945935405237,1.1601988821305467,half
TiSnPd,half:X=Ti,1.1350690138234478,1.2053239729457932,1.1582435721382054,half
TiSnPd,half:X=Ti,1.0425755124401905,1.2053239729457932,1.1582435721382054,half
TiSnPd,half:X=Ti,1.0425755124401905,1.2053239729457932,1.1582435721382054,half
TiSnPd,half:X=Ti,1.1986094493837993,1.2053239729457932,1.1582435721382054,half
TiSnPd,half:X=Ti,1.1205739312058498,1.1948136478571374,1.1344696543933472,half
TiSnPd,half:X=Ti,1.1065648348467643,1.1733927413990584,1.1245455396408566,half
TiSnPd,half:X=Ti,1.0930713063760635,1.1664923635450948,1.1084186234581788,half
TiSnPd,half:X=Ti,1.079976723632598,1.1589194893274664,1.0950625153379485,half
TiSnPd,half:X=Ti,1.0673312802081678,1.1389395048219249,1.0854524386753877,half
TiSnPd,half:X=Ti,1.055034123674614,1.1292528078961412,1.0739072348788774,half
TiSnPd,half:X=Ti,1.0431263979672256,1.1169663066742967,1.065214710459922,half
TiSnPd,half:X=Ti,1.0315296458034229,1.0993736389708282,1.0462717885124615,half
TiSnPd,half:X=Ti,1.0202783941119273,1.0913405831022611,1.0378973612139752,half
TiSnPd,half:X=Ti,1.009280884255359,1.0853798894912052,1.025336001876397,half
TiSnPd,half:X=Ti,0.9986080293150944,1.067650663003931,1.012139645422187,half
TiSnPd,half:X=Ti,0.9882021002587809,1.0596153957406642,0.9997454361474916,half
TiSnPd,half:X=Ti,0.9780434939099629,1.0515112946724692,0.9702828674804462,half
TiSnPd,half:X=Ti,0.9681559371499705,1.046116560880717,0.9547749118047321,half
TiSnPd,half:X=Ti,0.9584683183669436,1.027607270702689,0.9477118884873331,half
TiSnPd,half:X=Ti,0.948999454026953,1.0189965663585683,0.9390856184835837,half
TiSnPd,half:X=Ti,0.9397188823541047,1.0076377615440144,0.9260741895524579,half
TiSnPd,half:X=Ti,0.9306943876645354,0.9959055748200607,0.9155351641197663,half
TiSnPd,half:X=Ti,0.9218424814058579,0.9852132879452398,0.9093279487174687,half
TiSnPd,half:X=Ti,0.913177833990468,0.9805709576920429,0.9118029772537679,half
TiSnPd,half:X=Ti,0.9253120914996495,0.9805709576920429,0.9118029772537679,half
TiSnPd,half:X=Ti,0.9253120914996495,0.9805709576920429,0.9118029772537679,half
TiSnPd,half:X=Ti,0.9046614579155245,0.9708895777623453,0.8968709462848412,half
TiSnPd,half:X=Ti,0.8963608454693164,0.9310632627493445,0.8828736701584747,half
TiSnPd,half:X=Ti,0.888179493918325,0.9269088106734659,0.8850008630348092,half
TiSnPd,half:X=Ti,0.8801845528264335,0.9211951667680854,0.8773780132325611,half
TiSnPd,half:X=Ti,0.872272846224205,0.9159699196823121,0.8711876343778572,half
TiSnPd,half:X=Ti,0.8645704068534302,0.9056333086128481,0.8607876154389275,half
TiSnPd,half:X=Ti,0.8569704334824924,0.8941932087695184,0.8538796411077408,half
TiSnPd,half:X=Ti,0.8495422520050167,0.8915249205305376,0.8458445327662154,half
TiSnPd,half:X=Ti,0.8422346863472396,0.88492867333272,0.8409770999001477,half
TiSnPd,half:X=Ti,0.8350561017201162,0.8802642036008296,0.8164076534455593,half
TiSnPd,half:X=Ti,0.8279505283026302,0.8703386475914245,0.8040585929773755,half
TiSnPd,half:X=Ti,0.8209891764160496,0.8580585278445793,0.7871769179002011,half
TiSnPd,half:X=Ti,0.814180981040187,0.8558150019389141,0.7787350669345264,half
TiSnPd,half:X=Ti,0.8074673756842778,0.8496792838018096,0.7697493884925617,half
TiSnPd,half:X=Ti,0.8007857903277626,0.8444100138945071,0.7685364677598633,half
TiSnPd,half:X=Ti,0.7942788657214,0.8423370334809106,0.7586284144559896,half
TiSnPd,half:X=Ti,0.7878853509409246,0.8288579597690493,0.7505892507001294,half
TiSnPd,half:X=Ti,0.7815399686059417,0.8265268897663596,0.7458918135408835,half
TiSnPd,half:X=Ti,0.7752462597402364,0.8177591927946146,0.7400796688808472,half
TiSnPd,half:X=Ti,0.7691556907143988,0.8107386699662769,0.736316112255185,half
TiSnPd,half:X=Ti,0.7630534402996147,0.8042183970788229,0.7302663783501663,half
TiSnPd,half:X=Ti,0.7570922201189326,0.7959632004642017,0.7220065417930267,half
TiSnPd,half:X=Ti,0.7512020945883532,0.7900760865447723,0.7093960434831033,half
TiSnPd,half:X=Ti,0.7453871213200088,0.7870073159936335,0.7067596248162575,half
TiSnPd,half:X=Ti,0.7396514437093767,0.7766060587957023,0.7174312142440811,half
TiSnPd,half:X=Ti,0.7339992865383869,0.773833119863841,0.7150469332629498,half
TiSnPd,half:X=Ti,0.7284349509742548,0.7640973621176207,0.7057695727486941,half
TiSnPd,half:X=Ti,0.7228806106869394,0.7606889418132134,0.6990882127957513,half
TiSnPd,half:X=Ti,0.7174208367223749,0.7510383165398556,0.6979901429614805,half
TiSnPd,half:X=Ti,0.7120601424610747,0.7471049800300895,0.6867875881617127,half
TiSnPd,half:X=Ti,0.7067177823367587,0.7439220169508781,0.6701456893646781,half
TiSnPd,half:X=Ti,0.7014816356209271,0.7365617636234102,0.6657183030097156,half
TiSnPd,half:X=Ti,0.696356388733332,0.7307671706503229,0.6588956782726262,half
TiSnPd,half:X=Ti,0.6912583581331112,0.7250385453785185,0.6565593856979185,half
TiSnPd,half:X=Ti,0.6861892342440237,0.7206967101519163,0.6525519600522751,half
TiSnPd,half:X=Ti,0.6811507499324214,0.7158749868809582,0.6455555699601678,half
TiSnPd,half:X=Ti,0.6762362167633115,0.7074606792471015,0.6414953800152561,half
TiSnPd,half:X=Ti,0.6713580034434916,0.7059895547761174,0.6390527660175513,half
TiSnPd,half:X=Ti,0.6665179805548809,0.7005589312020375,0.6352894748094335,half
TiSnPd,half:X=Ti,0.6617180576946594,0.6962970037715897,0.6325707866208744,half
TiSnPd,half:X=Ti,0.6569601827428492,0.6925584085973289,0.6280615640333811,half
TiSnPd,half:X=Ti,0.6523430550627147,0.6865734250967737,0.6225433291435314,half
TiSnPd,half:X=Ti,0.6476763132408708,0.6774598633550164,0.6187311118656544,half
TiSnPd,half:X=Ti,0.6431564656197063,0.673184823159216,0.6140218364641018,half
TiSnPd,half:X=Ti,0.6385890832927169,0.6696776572668813,0.6098755956670824,half
TiSnPd,half:X=Ti,0.6341748717626001,0.6637620424070768,0.6049309045582772,half
TiSnPd,half:X=Ti,0.6297153326471322,0.6603108121046499,0.6016787394128151,half
TiSnPd,half:X=Ti,0.6253124509616739,0.6783525353708197,0.5967317414527209,half
TiSnPd,half:X=Ti,0.6209684356442897,0.6741426169184446,0.592484637345209,half
TiSnPd,half:X=Ti,0.6166855208955121,0.667064983506656,0.5895959784050613,half
TiSnPt,half:X=Ti,1.3911645516971272,1.3769581657331367,1.4183171637070664,half
TiSnPt,half:X=Ti,1.3672813576329432,1.3564550521935572,1.397297908151021,half
TiSnPt,half:X=Ti,1.3447851226326606,1.3371193454059456,1.3755969798481427,half
TiSnPt,half:X=Ti,1.3235408460980118,1.3141908500606054,1.3577111882470967,half
TiSnPt,half:X=Ti,1.3033904741133886,1.2940462055256208,1.3372763836156953,half
TiSnPt,half:X=Ti,1.284227639593481,1.2726662331195298,1.3198070135051037,half
TiSnPt,half:X=Ti,1.2659492899506237,1.259751612786043,1.2992099493007034,half
TiSnPt,half:X=Ti,1.248488225577443,1.2420445060985663,1.2914191796435124,half
TiSnPt,half:X=Ti,1.231749854398692,1.2145515245453984,1.2704367971255204,half
TiSnPt,half:X=Ti,1.215690426253203,1.2036628762547048,1.2493089887424969,half
TiSnPt,half:X=Ti,1.200248413515354,1.1791009090785152,1.2424028889822265,half
TiSnPt,half:X=Ti,1.0484418035504044,1.1791009090785152,1.2424028889822265,half
TiSnPt,half:X=Ti,1.17064302283611,1.1791009090785152,1.2424028889822265,half
TiSnPt,half:X=Ti,1.0484418035504044,1.1791009090785152,1.2424028889822265,half
TiSnPt,half:X=Ti,1.4350609267520131,1.1791009090785152,1.2424028889822265,half
TiSnPt,half:X=Ti,1.1854004831904525,1.167476808479954,1.22041012647894,half
TiSnPt,half:X=Ti,1.1710532875593762,1.1472918079378474,1.2101804833797378,half
TiSnPt,half:X=Ti,1.157214922391151,1.1402351007003704,1.1933817669628042,half
TiSnPt,half:X=Ti,1.1437952038457666,1.1613066348766439,1.1783443429470015,half
TiSnPt,half:X=Ti,1.1308481831028587,1.1445102999497831,1.161264733075738,half
TiSnPt,half:X=Ti,1.1182647260894794,1.12812684611293,1.1479436782452144,half
TiSnPt,half:X=Ti,1.1060888583824422,1.1243591174757188,1.1390508012652512,half
TiSnPt,half:X=Ti,1.0942614427205022,1.0961938972866214,1.1141855978103166,half
TiSnPt,half:X=Ti,1.0827494767272812,1.0908740002499775,1.104163205496976,half
TiSnPt,half:X=Ti,1.071550639366932,1.065563571993501,1.091662075297966,half
TiSnPt,half:X=Ti,1.060622304309956,1.0549807743602242,1.0807410863807414,half
TiSnPt,half:X=Ti,1.0499928569201427,1.0395279915365034,1.0652226497699644,half
TiSnPt,half:X=Ti,1.0396520235819238,1.0357239501009565,1.0546744119899496,half
TiSnPt,half:X=Ti,1.0295461004237478,1.019243122057828,1.0407689234144417,half
TiSnPt,half:X=Ti,1.019697730980192,1.0037260912547208,1.033533708873286,half
TiSnPt,half:X=Ti,1.0100454126360985,0.9856023490851378,1.024907438869537,half
TiSnPt,half:X=Ti,1.0006075870628903,0.9691520513661056,1.0098491075509939,half
TiSnPt,half:X=Ti,0.9914033025800403,0.9829953382458188,0.9993433780657222,half
TiSnPt,half:X=Ti,0.9824069288637948,0.9696265777679365,0.9929436327429775,half
TiSnPt,half:X=Ti,0.9735434685324897,0.9705280803856147,0.985735911895237,half
TiSnPt,half:X=Ti,0.948412965778601,0.9705280803856147,0.985735911895237,half
TiSnPt,half:X=Ti,0.948412965778601,0.9705280803856147,0.985735911895237,half
TiSnPt,half:X=Ti,0.9649192942866426,0.9597869943470442,0.9707240338212043,half
TiSnPt,half:X=Ti,0.9564565834098998,0.9295305615589603,0.9530536785043762,half
TiSnPt,half:X=Ti,0.9481194243805361,0.9167830810212553,0.9499959021735346,half
TiSnPt,half:X=Ti,0.9399682905513361,0.9132622058797581,0.941027118893125,half
TiSnPt,half:X=Ti,0.9320169064342013,0.9066376071122393,0.9350873531461363,half
TiSnPt,half:X=Ti,0.9241758703019208,0.9004461616000072,0.9245039664446599,half
TiSnPt,half:X=Ti,0.9164539485499251,0.8901296244820052,0.901552272788975,half
TiSnPt,half:X=Ti,0.9089137400209711,0.8895532804476772,0.8904152693967168,half
TiSnPt,half:X=Ti,0.9014583213961124,0.8763227562586734,0.886487527854058,half
TiSnPt,half:X=Ti,0.8941498467679221,0.8702995446871141,0.8858819740863656,half
TiSnPt,half:X=Ti,0.8869980456710993,0.8652320979996004,0.8737285262568493,half
TiSnPt,half:X=Ti,0.8799555851227493,0.856950814437281,0.8677794139909779,half
TiSnPt,half:X=Ti,0.8729716307384435,0.8543325105252159,0.8590155847772051,half
TiSnPt,half:X=Ti,0.8661691476337707,0.8518848533821568,0.8507787485559763,half
TiSnPt,half:X=Ti,0.8594385354550563,0.8404295322603961,0.8495658278232779,half
TiSnPt,half:X=Ti,0.8527848686805478,0.8076255172694704,0.8395603245806408,half
TiSnPt,half:X=Ti,0.8462752424122132,0.7974472893646446,0.8310562765516142,half
TiSnPt,half:X=Ti,0.839854984601885,0.7948614728366927,0.8262189474354473,half
TiSnPt,half:X=Ti,0.8335295817586437,0.7931400489187781,0.8202035897491137,half
TiSnPt,half:X=Ti,0.827304641089735,0.7864171403821036,0.8134791486150755,half
TiSnPt,half:X=Ti,0.8211858826088455,0.7814779219030382,0.8055900016319442,half
TiSnPt,half:X=Ti,0.8151126581898126,0.7715072188978005,0.7975495583558537,half
TiSnPt,half:X=Ti,0.8091555317471805,0.7670836127766316,0.7888075078046721,half
TiSnPt,half:X=Ti,0.803252211430457,0.7687425486100775,0.785353185283531,half
TiSnPt,half:X=Ti,0.7974752875373343,0.7628580732284727,0.7792145530211987,half
TiSnPt,half:X=Ti,0.7917608040129049,0.7581175860290003,0.7766215244830411,half
TiSnPt,half:X=Ti,0.7860412102425542,0.7484313456982212,0.7668567070277702,half
TiSnPt,half:X=Ti,0.7804613328617176,0.739826321970678,0.7581266719367831,half
TiSnPt,half:X=Ti,0.7749546890801385,0.7367041741328152,0.7570286021025123,half
TiSnPt,half:X=Ti,0.7695250201710505,0.7304251225499461,0.7513585670129261,half
TiSnPt,half:X=Ti,0.7641761323903307,0.7269153490011798,0.7491586114302037,half
TiSnPt,half:X=Ti,0.7588362247469583,0.7195532825672001,0.7446413052504973,half
TiSnPt,half:X=Ti,0.7536596472859987,0.7147215512389613,0.7365727766915595,half
TiSnPt,half:X=Ti,0.7484206224675684,0.7112047702872307,0.7331594368310113,half
TiSnPt,half:X=Ti,0.7433529514095557,0.705115431959713,0.7298035036950223,half
TiSnPt,half:X=Ti,0.7383047930741049,0.7059824388574956,0.7224163301622053,half
TiSnPt,half:X=Ti,0.7332775339325817,0.6951925385440461,0.7219189314879588,half
TiSnPt,half:X=Ti,0.7283537820212285,0.6929581576525474,0.7192375649684252,half
TiSnPt,half:X=Ti,0.7234556720351858,0.6871253078668313,0.7222135064234522,half
TiSnPt,half:X=Ti,0.7186677353162109,0.6825947141584919,0.7192291538901299,half
TiSnPt,half:X=Ti,0.7138264243805247,0.6788694766059905,0.7133336556658834,half
TiSnPt,half:X=Ti,0.7091002815511667,0.6743125795825187,0.7069234066470013,half
TiSnPt,half:X=Ti,0.7044936970092986,0.6703023120660005,0.7029432032344747,half
TiSnPt,half:X=Ti,0.6998377258672457,0.6654015657446036,0.698268452725162,half
TiSnPt,half:X=Ti,0.6953065224318027,0.6623246043039083,0.6941222119281427,half
TiSnPt,half:X=Ti,0.6907275438703668,0.6568726549985837,0.688147019421389,half
TiSnPt,half:X=Ti,0.6862786780672011,0.6548834038956954,0.6843963078999535,half
TiSnPt,half:X=Ti,0.681874122128647,0.6501236814164126,0.6791043726210005,half
TiSnPt,half:X=Ti,0.6774244377012474,0.6464795518431674,0.6741590883811042,half
TiSnPt,half:X=Ti,0.6731131042382337,0.6442046761199114,0.6711464223374276,half
TiTeOs,half:X=Ti,1.1126050015345745,1.205465532618962,1.1878929933438998,half
TiTeOs,half:X=Ti,1.2823501689230885,1.205465532618962,1.1878929933438998,half
TiTeOs,half:X=Ti,1.1126050015345745,1.205465532618962,1.1878929933438998,half
TiTeOs,half:X=Ti,1.3025026423966317,1.205465532618962,1.1878929933438998,half
TiTeRu,half:X=Ti,1.162564406523019,1.1586888766038423,1.1972403763700785,half
TiTeRu,half:X=Ti,1.3298654857580077,1.1586888766038423,1.1972403763700785,half
TiTeRu,half:X=Ti,1.162564406523019,1.1586888766038423,1.1972403763700785,half
TiTeRu,half:X=Ti,1.3500747894776912,1.1586888766038423,1.1972403763700785,half
TiTlAu,half:X=Ti,0.8071289555924216,0.8374291707411504,0.8963875702762002,half
TlCrIr,half:X=Tl,1.9901789623582675,0.9175658085557598,0.853927812363579,half
TlIrW,half:X=Tl,1.1670809196732561,0.94876786272627,0.920818105064076,half
TlMoIr,half:X=Tl,1.169762576902915,1.1686958696767071,1.068117223751333,half
TlRhW,half:X=Tl,1.145196406114182,1.0981253573714496,1.0292550162534133,half
TlVPt,half:X=Tl,0.9822259916746748,1.4073858107178796,1.0398637632400285,half
TmBiPd,half:X=Tm,0.7979596437371962,0.798257090165139,0.7481068923209514,half
TmBiPd,half:X=Tm,0.7979596437371962,0.798257090165139,0.7481068923209514,half
TmBiPt,half:X=Tm,0.7737864449811935,0.7539128141418482,0.7893261983779841,half
TmBiPt,half:X=Tm,0.7737864449811935,0.7539128141418482,0.7893261983779841,half
TmNiBi,half:X=Tm,0.9712758487381052,0.9432897652787146,0.9026944216616646,half
TmNiBi,half:X=Tm,0.9712758487381052,0.9432897652787146,0.9026944216616646,half
TmNiBi,half:X=Tm,0.8494316991813192,0.9432897652787146,0.9026944216616646,half
TmNiSb,half:X=Tm,0.9934362304976118,0.9852859336701058,0.9640386791734239,half
TmNiSb,half:X=Tm,0.9934362304976118,0.9852859336701058,0.9640386791734239,half
TmNiSb,half:X=Tm,-0.2701874928390643,0.9852859336701058,0.9640386791734239,half
TmSbPd,half:X=Tm,0.884228769632604,0.794843491442653,0.8054605496861501,half
TmSbPd,half:X=Tm,0.884228769632604,0.794843491442653,0.8054605496861501,half
TmSbPt,half:X=Tm,0.7678976160180907,0.7659351143131254,0.7394386247949786,half
TmSbPt,half:X=Tm,0.7678976160180907,0.7659351143131254,0.7394386247949786,half
TmSnAu,half:X=Tm,0.6637009253896482,0.6349522807578025,0.5283814700319603,half
TmSnAu,half:X=Tm,0.6637009253896482,0.6349522807578025,0.5283814700319603,half
UNiSn,half:X=U,0.7291647896927701,1.0615795067049614,0.9685478616541757,half
UNiSn,half:X=U,0.7291647896927701,1.0615795067049614,0.9685478616541757,half
USnPt,half:X=U,0.7331972651065695,0.6182965915702188,0.6658796416751152,half
USnPt,half:X=U,0.7331972651065695,0.6182965915702188,0.6658796416751152,half
VAsOs,half:X=V,1.41303139115017,1.365736303121873,1.3565330759525605,half
VAsOs,half:X=V,1.2258259914618934,1.1484751664614925,1.1314055907429783,half
VAsOs,half:X=V,1.2258259914618934,1.1484751664614925,1.1314055907429783,half
VAsRu,half:X=V,0.7024305364455253,1.4311695115162815,1.3633630639424452,half
VAsRu,half:X=V,1.3710678622717363,1.4311695115162815,1.3633630639424452,half
VAsRu,half:X=V,1.4963206557749504,1.4311695115162815,1.3633630639424452,half
VAsRu,half:X=V,1.3654879848908996,1.4311695115162815,1.3633630639424452,half
VAsRu,half:X=V,0.7024305364455253,1.4311695115162815,1.3633630639424452,half
VAsRu,half:X=V,1.1908917169221696,1.2381929159168856,1.1379632943164453,half
VAsRu,half:X=V,1.1908917169221696,1.2381929159168856,1.1379632943164453,half
VBPt,half:X=V,1.4150735582120586,1.4186709283369487,1.5128899343517497,half
VBiOs,half:X=V,1.1553967737048507,1.1865347704764202,1.2094010935843622,half
VBiRu,half:X=V,1.1798102228787959,1.1880724834734417,1.2251162558103375,half
VCoC,half:X=V,1.7377252414570468,1.6641539052542154,1.6780463314279617,half
VCoGe,half:X=V,1.4638929889859074,1.3364786466241632,1.2546895862616863,half
VCoGe,half:X=V,1.4586227428679093,1.3364786466241632,1.2546895862616863,half
VCoGe,half:X=V,1.2195845262142546,1.2272085341966021,1.0994211428515057,half
VCoGe,half:X=V,1.2195845262142546,1.2272085341966021,1.0994211428515057,half
VCoPb,half:X=V,1.0640459628644827,1.176202736761832,1.208757973105973,half
VCoSi,half:X=V,1.6396557912690184,1.550373467748027,1.364406011708753,half
VCoSn,half:X=V,1.2966651902615312,1.2752805460883303,1.1394010207840504,half
VCoSn,half:X=V,1.3051363189436394,1.2752805460883303,1.1394010207840504,half
VCoSn,half:X=V,1.0530784434834197,1.0695026650095858,0.9628644515158162,half
VCoSn,half:X=V,1.0530784434834197,1.0695026650095858,0.9628644515158162,half
VFeAs,half:X=V,1.5185402599580085,1.4872779007406347,1.5601555704471077,half
VFeAs,half:X=V,1.354108439147401,1.2574954907453344,1.3731982154181561,half
VFeAs,half:X=V,1.354108439147401,1.2574954907453344,1.3731982154181561,half
VFeBi,half:X=V,1.12668326338829,1.2719562709549375,1.1298075009113453,half
VFeP,half:X=V,1.703222573542804,1.6760425630446172,1.6017533054275357,half
VFeSb,half:X=V,1.5522787579698258,1.4609984881975633,1.5267089932340936,half
VFeSb,half:X=V,1.5280807144913133,1.440447993886213,1.476354065167702,half
VFeSb,half:X=V,1.5052856741441323,1.4161866515909474,1.454053943327019,half
VFeSb,half:X=V,1.4837441566281633,1.4001783386552806,1.4370698552554448,half
VFeSb,half:X=V,1.4633105544564866,1.3776309942943528,1.39176345730775,half
VFeSb,half:X=V,1.4438729187710404,1.3580377971935949,1.3697915646960817,half
VFeSb,half:X=V,1.4253222382812498,1.3425295276349518,1.349150296609581,half
VFeSb,half:X=V,1.407611820025932,1.3276806488530297,1.3334654544539772,half
VFeSb,half:X=V,1.3906348811518765,1.3123682386927444,1.3122538352017838,half
VFeSb,half:X=V,1.374345016224609,1.2980702419213213,1.2971983139631833,half
VFeSb,half:X=V,1.3586960995738104,1.2876349055034784,1.2823317296086025,half
VFeSb,half:X=V,1.1522883443830565,1.2876349055034784,1.2823317296086025,half
VFeSb,half:X=V,1.3820170425748683,1.2876349055034784,1.2823317296086025,half
VFeSb,half:X=V,1.346365494471451,1.2876349055034784,1.2823317296086025,half
VFeSb,half:X=V,1.3792692494736472,1.2876349055034784,1.2823317296086025,half
VFeSb,half:X=V,1.3220124385824004,1.2876349055034784,1.2823317296086025,half
VFeSb,half:X=V,1.2695129442179163,1.2876349055034784,1.2823317296086025,half
VFeSb,half:X=V,1.1522883443830565,1.2876349055034784,1.2823317296086025,half
VFeSb,half:X=V,1.4130397803150465,1.2876349055034784,1.2823317296086025,half
VFeSb,half:X=V,1.3436055081041718,1.256233518551774,1.265946374134106,half
VFeSb,half:X=V,1.32905193335993,1.2441991927343792,1.2509566954771123,half
VFeSb,half:X=V,1.3150041726848973,1.2445716520135328,1.2445914343636446,half
VFeSb,half:X=V,1.3014206849138914,1.2282251227993743,1.2225966912166093,half
VFeSb,half:X=V,1.2882715882548212,1.221031900789542,1.207422449865327,half
VFeSb,half:X=V,1.2755186605118107,1.2006872604497176,1.2004146139753016,half
VFeSb,half:X=V,1.2631624649622166,1.1828493846595627,1.1891024490439976,half
VFeSb,half:X=V,1.2511513431753545,1.1695932729501863,1.1726304865059476,half
VFeSb,half:X=V,1.239474663465184,1.1566784604202245,1.1653822037607815,half
VFeSb,half:X=V,1.2281179241368452,1.140583620322337,1.1547989832097616,half
VFeSb,half:X=V,1.2170626058525507,1.1332120021115126,1.1433559563377478,half
VFeSb,half:X=V,1.2062860444124324,1.1240997256911291,1.1375172339108333,half
VFeSb,half:X=V,1.1957889900358734,1.1094173632550364,1.1257492830477391,half
VFeSb,half:X=V,1.1855421548543752,1.097715313485362,1.1151769283701172,half
VFeSb,half:X=V,1.1755408040167679,1.0882873063893514,1.1036367916507912,half
VFeSb,half:X=V,1.16577833129364,1.0912128054521835,1.1152774199902193,half
VFeSb,half:X=V,1.1562158826767626,1.0805265720370527,1.0974086068175448,half
VFeSb,half:X=V,1.1468719030857384,1.0669814825919355,1.0917892677521843,half
VFeSb,half:X=V,1.1377337947537125,1.0598753462062467,1.087526827845009,half
VFeSb,half:X=V,1.1288191421945104,1.0629273988202037,1.08681237615766,half
VFeSb,half:X=V,1.1271047983648077,1.0629273988202037,1.08681237615766,half
VFeSb,half:X=V,1.1271047983648077,1.0629273988202037,1.08681237615766,half
VFeSb,half:X=V,1.1200471943530406,1.0284168516658354,1.0676054629071132,half
VFeSb,half:X=V,1.111464151586654,1.0264801478428953,1.0560169156817514,half
VFeSb,half:X=V,1.103050747435957,1.016966352239994,1.0489863208405217,half
VFeSb,half:X=V,1.0948203803547998,1.013253458542576,1.0382945684780185,half
VFeSb,half:X=V,1.0867156639448825,1.0020802115166108,1.0328403217228543,half
VFeSb,half:X=V,1.0787829601969634,0.9897630912446795,1.0165802890585631,half
VFeSb,half:X=V,1.0709977969934237,0.9838574143505613,1.0035296236342042,half
VFeSb,half:X=V,1.0633333589517495,0.978041001488817,1.0011153895600051,half
VFeSb,half:X=V,1.0557986595324806,0.9666128780754663,0.9937463000577649,half
VFeSb,half:X=V,1.0484418035504044,0.9633698152622544,0.992849407316722,half
VFeSb,half:X=V,1.0411557326297118,0.9552398719091477,0.9820128535030557,half
VFeSb,half:X=V,1.0340265237751103,0.9490086307173017,0.9685327025798327,half
VFeSb,half:X=V,1.0269824431916053,0.940165638465687,0.9672902661480149,half
VFeSb,half:X=V,1.0200711035338412,0.9279152672866164,0.9626978739149353,half
VFeSb,half:X=V,1.0133007868568877,0.9219139439850407,0.9527335059121915,half
VFeSb,half:X=V,1.006594386184137,0.9121935854312605,0.9470694365173234,half
VFeSb,half:X=V,1.0,0.9090844576821937,0.9373163462760811,half
VFeSb,half:X=V,0.9935244031670656,0.9028068690032082,0.9326256195583609,half
VFeSb,half:X=V,0.9871297676598971,0.897870434157169,0.9313657465687103,half
VFeSb,half:X=V,0.9808211666443356,0.8915030024216039,0.922603146736861,half
VFeSb,half:X=V,0.8920946026904804,0.8915030024216039,0.922603146736861,half
VFeSb,half:X=V,0.9746037920870327,0.8863509591074561,0.9047458894477426,half
VFeSb,half:X=V,0.9684829485539351,0.88029904794237,0.9009305536958182,half
VFeSb,half:X=V,0.9624640460579013,0.8717228730489386,0.8952720444848756,half
VFeSb,half:X=V,0.9565045903166975,0.8680689784463489,0.890350377565916,half
VFeSb,half:X=V,0.9506082247842308,0.8584240061842787,0.8866298269410609,half
VFeSb,half:X=V,0.9448279963432162,0.856556299133236,0.8716061413067242,half
VFeSb,half:X=V,0.9391197176484869,0.8509464362843456,0.8682432966738068,half
VFeSb,half:X=V,0.9334872878487055,0.845368024744917,0.8775797956957712,half
VFeSb,half:X=V,0.9279346817411794,0.8392682303617461,0.8738591732536267,half
VFeSb,half:X=V,0.9224140241456343,0.8360503324914061,0.8679013555228464,half
VFeSb,half:X=V,0.9169800473203822,0.8280190853492131,0.8602833139547286,half
VFeSb,half:X=V,0.9116369331294422,0.825357346555732,0.8560527557932636,half
VFeSb,half:X=V,0.9063350418050907,0.8153297236295138,0.8477238261417103,half
VFeSb,half:X=V,0.901131251355372,0.8101561401933205,0.8466603615433513,half
VFeSb,half:X=V,0.8959747323590646,0.8059008645931823,0.8381359990478551,half
VFeSb,half:X=V,0.8908679388114409,0.79876110756755,0.8359135410283747,half
VFeSb,half:X=V,0.8858133746604889,0.7940959238785109,0.8267297691421654,half
VFeSb,half:X=V,0.8808135922807914,0.7877477529308996,0.8238262185380856,half
VFeSb,half:X=V,0.8758711907273659,0.7847865419746524,0.8178327096412064,half
VFeSb,half:X=V,0.8710472613054995,0.7824681506282058,0.8304523529964579,half
VFeSb,half:X=V,0.8662282473796472,0.7773366985683162,0.8265243160268968,half
VFeSb,half:X=V,0.8614149186359967,0.8038196587773307,0.818910295768642,half
VFeSb,half:X=V,0.8567288903828826,0.7971172521383776,0.8142115501990893,half
VFeSb,half:X=V,0.8520528086978506,0.7933937374043295,0.8072071079132778,half
VFeSb,half:X=V,0.8474492624991729,0.7913222186086194,0.8028691866598937,half
VFeSb,half:X=V,0.8429211207599823,0.786382112944889,0.7978705253163632,half
VFeSb,half:X=V,0.8383452687759909,0.7815747126989671,0.7944041730741732,half
VFeSb,half:X=V,0.8339117150713784,0.7772294371218847,0.7896969495003494,half
VFeSb,half:X=V,0.8294967497201824,0.7802097160782289,0.7859117659970805,half
VFeSb,half:X=V,0.8251014115980031,0.7785997738291229,0.7803744254820992,half
VFeSb,half:X=V,0.6532125137753437,0.7785997738291229,0.7803744254820992,half
VGaNi,half:X=V,1.3307586366782567,1.4021341132868907,1.2760718189155906,half
VGaPt,half:X=V,1.2339347967306846,1.3410214222155037,1.2614936495207074,half
VGeIr,half:X=V,1.4771212547196624,1.3018299886704972,1.3063914851550371,half
VGeIr,half:X=V,1.3707165885395456,1.3018299886704972,1.3063914851550371,half
VGeIr,half:X=V,1.2291697025391009,1.0615065050989805,1.1072362807765945,half
VGeIr,half:X=V,1.2291697025391009,1.0615065050989805,1.1072362807765945,half
VGeRh,half:X=V,1.4281185887084673,1.4506199404021425,1.4234337311968845,half
VGeRh,half:X=V,1.2193225084193366,1.2309940423782253,1.198425247439955,half
VGeRh,half:X=V,1.2193225084193366,1.2309940423782253,1.198425247439955,half
VInNi,half:X=V,1.1660154563237752,1.1319007825010763,1.143144274183699,half
VInPt,half:X=V,1.138365863678996,1.218150799074932,1.1814120688366678,half
VIrC,half:X=V,1.472449263797072,1.4258170576641744,1.4328058452182513,half
VIrPb,half:X=V,1.1024680087880168,1.078233113599014,1.075292761602948,half
VNiB,half:X=V,1.640302514519921,1.6370462176438791,1.528626337678194,half
VPOs,half:X=V,1.5177895118835552,1.508472490316517,1.4518979049740182,half
VPRu,half:X=V,1.6380197655595774,1.582230142007866,1.5621483099758349,half
VReTe,half:X=V,1.3089057394315664,1.2175648147535822,1.1137185027279228,half
VRhC,half:X=V,1.6142009437289793,1.5746215477823289,1.603250373258675,half
VRhPb,half:X=V,1.1021935080397436,1.1536586363289434,1.1829883874192169,half
VSbOs,half:X=V,1.3396700242444555,1.3249911486171388,1.2966528420389825,half
VSbOs,half:X=V,0.9599948383284161,1.0992986465951566,1.0469174968764816,half
VSbOs,half:X=V,0.9599948383284161,1.0992986465951566,1.0469174968764816,half
VSbRu,half:X=V,0.8388490907372553,1.2486186370928463,1.210143912766471,half
VSbRu,half:X=V,1.3910233693700995,1.2486186370928463,1.210143912766471,half
VSbRu,half:X=V,0.8388490907372553,1.2486186370928463,1.210143912766471,half
VSbRu,half:X=V,1.21541282464514,1.2486186370928463,1.210143912766471,half
VSbRu,half:X=V,0.9694159123539814,1.0116683352025366,1.0006071752499779,half
VSbRu,half:X=V,0.9694159123539814,1.0116683352025366,1.0006071752499779,half
VSiIr,half:X=V,1.482358982753715,1.4384729724597776,1.3437181059546484,half
VSiRh,half:X=V,1.5798178816699366,1.5527882619260303,1.4822163398212975,half
VSiRh,half:X=V,1.6535983818432898,1.5527882619260303,1.4822163398212975,half
VSnIr,half:X=V,1.2819419334408249,1.30409934600896,1.24324278439825,half
VSnIr,half:X=V,0.8457180179666587,1.0739857500708772,0.9983158145465338,half
VSnIr,half:X=V,0.8457180179666587,1.0739857500708772,0.9983158145465338,half
VSnRh,half:X=V,1.3132765156490525,1.2889208570871782,1.2351929108591198,half
VSnRh,half:X=V,1.1219951350319415,1.2889208570871782,1.2351929108591198,half
VSnRh,half:X=V,0.8518696007297664,1.0408618708285353,0.9955091980120028,half
VSnRh,half:X=V,0.8518696007297664,1.0408618708285353,0.9955091980120028,half
VTcTe,half:X=V,1.3701798855127598,1.227591227219067,1.2059924515982101,half
YAgC,half:X=Y,0.9809573162296201,1.0648122565562184,1.0478955518291424,half
YAlHg,half:X=Y,0.7692295817365937,0.7629078465613788,0.7862712144966648,half
YAsPd,half:X=Y,0.7387805584843692,0.9911348746070792,0.917383626717991,half
YAsPt,half:X=Y,0.9677819080757992,0.9899974389091384,0.9680825128147083,half
YBiPd,half:X=Y,0.6273658565927327,0.7318117459351382,0.7534464933005635,half
YBiPd,half:X=Y,0.6273658565927327,0.7318117459351382,0.7534464933005635,half
YBiPt,half:X=Y,0.6637009253896482,0.8121331138630935,0.8334516724781121,half
YBiPt,half:X=Y,0.7911290007272862,0.8121331138630935,0.8334516724781121,half
YBiPt,half:X=Y,0.6637009253896482,0.8121331138630935,0.8334516724781121,half
YCoS,half:X=Y,1.1726029312098598,0.9019743919572392,1.0609893807117412,half
YCoTe,half:X=Y,1.0067226922016845,0.7913496665001015,0.6129460536350105,half
YCuC,half:X=Y,1.1254161979827553,1.250093766100074,1.1862204260022473,half
YCuGe,half:X=Y,0.9496826907952042,0.9871016034268927,0.9883858538582662,half
YCuSi,half:X=Y,1.094191524909532,1.0453824944288557,0.9819825178075796,half
YGeAu,half:X=Y,0.836577274840649,0.8429006190616171,0.7429835095026439,half
YHgB,half:X=Y,0.8026369180828106,0.8488076891784326,0.7972516025949427,half
YNiAs,half:X=Y,1.0722498976135149,1.0690333812920612,1.0927350308141799,half
YNiBi,half:X=Y,0.7715874808812554,0.8032866866844196,0.9069603392275427,half
YNiBi,half:X=Y,1.0253058652647702,0.8032866866844196,0.9069603392275427,half
YNiBi,half:X=Y,0.7753191218294776,0.8032866866844196,0.9069603392275427,half
YNiBi,half:X=Y,0.7715874808812554,0.8032866866844196,0.9069603392275427,half
YNiBi,half:X=Y,0.9578992722733807,0.8032866866844196,0.9069603392275427,half
YNiBi,half:X=Y,0.7371926427047373,0.7139301669076523,0.7172017475959566,half
YNiBi,half:X=Y,0.7371926427047373,0.7139301669076523,0.7172017475959566,half
YNiP,half:X=Y,0.37474834601010387,1.066523112345374,1.057170950512857,half
YNiP,half:X=Y,1.2092468487533738,1.066523112345374,1.057170950512857,half
YNiP,half:X=Y,0.37474834601010387,1.066523112345374,1.057170950512857,half
YNiP,half:X=Y,0.5971135438928041,1.066523112345374,1.057170950512857,half
YNiSb,half:X=Y,0.9556877503135057,0.9245033299442659,0.9683322881902973,half
YNiSb,half:X=Y,0.982768577251012,0.9245033299442659,0.9683322881902973,half
YNiSb,half:X=Y,0.9556877503135057,0.9245033299442659,0.9683322881902973,half
YNiSb,half:X=Y,1.0280015793468578,0.9245033299442659,0.9683322881902973,half
YOF,half:X=Y,1.1047044431636557,1.2046655104868005,1.1227986521072773,half
YPPt,half:X=Y,1.0422604066894519,0.9846749989308643,1.042377654007777,half
YPbAu,half:X=Y,0.5158738437116791,0.38522918421487484,0.3860616841543691,half
YPbAu,half:X=Y,0.5158738437116791,0.38522918421487484,0.3860616841543691,half
YSbPt,half:X=Y,0.5092025223311029,0.7469201046134316,0.8081404819741604,half
YSbPt,half:X=Y,0.9421569284674904,0.7469201046134316,0.8081404819741604,half
YSbPt,half:X=Y,0.5092025223311029,0.7469201046134316,0.8081404819741604,half
YSbPt,half:X=Y,0.7090069296020645,0.7469201046134316,0.8081404819741604,half
YSiAg,half:X=Y,1.0038911662369105,0.8472665690335637,0.8369153258907599,half
YSiAu,half:X=Y,0.952211058108669,0.8089703319412646,0.8773121146744856,half
YSnAu,half:X=Y,0.8025684983139565,0.8008902009990571,0.739201664569262,half
YTeRh,half:X=Y,1.0200711035338412,0.7925725890423562,0.7805323154133293,half
Yb2AsAu,full:X2=Yb,0.06974207604164477,-0.023790684068687118,0.16110192755332176,full
Yb2CdPb,full:X2=Yb,-0.023191662661933767,-0.013721027920385986,0.08478154484211009,full
Yb2CdPb,full:X2=Yb,-0.04431224968649419,-0.056345465350869484,0.0338807406569267,full
Yb2CdPb,full:X2=Yb,-0.06398920428479041,-0.075081658118056,0.014049707245992527,full
Yb2CdPb,full:X2=Yb,-0.08354605145007493,-0.09686376338251135,-0.00751495268877822,full
Yb2CdPb,full:X2=Yb,-0.10182351650232342,-0.1563959670666374,-0.027278966313462383,full
Yb2CdPb,full:X2=Yb,-0.11918640771920865,-0.16090669620420517,-0.07790817921129045,full
Yb2CdPb,full:X2=Yb,-0.13608262304213956,-0.1772925032695044,-0.11672263680826012,full
Yb2CdPb,full:X2=Yb,-0.1524273408578878,-0.19907038487879702,-0.12110379740378785,full
Yb2CdPb,full:X2=Yb,-0.1681302257194983,-0.24440620392300483,-0.17691900786548587,full
Yb2CdPb,full:X2=Yb,-0.1830961606243397,-0.25058207583876557,-0.18702240978603069,full
Yb2CdPb,full:X2=Yb,-0.1979107421182673,-0.24725275531229474,-0.19956373317364728,full
Yb2CdPb,full:X2=Yb,-0.1691548076913885,-0.24725275531229474,-0.19956373317364728,full
Yb2CdPb,full:X2=Yb,-0.21183162885883233,-0.2526936104577455,-0.21139287999291612,full
Yb2CdPb,full:X2=Yb,-0.22548303427145044,-0.26797613818424004,-0.270870627819527,full
Yb2CdPb,full:X2=Yb,-0.2388241868442686,-0.27296150248672335,-0.27881538753237844,full
Yb2CdPb,full:X2=Yb,-0.25181197299379954,-0.29274163179139867,-0.2858102995727918,full
Yb2CdPb,full:X2=Yb,-0.26440110030182007,-0.2963535489250695,-0.2960106774219171,full
Yb2CdPb,full:X2=Yb,-0.2765443279648142,-0.3056756315962892,-0.30224672491979554,full
Yb2CdPb,full:X2=Yb,-0.28903688100472424,-0.31355432638819347,-0.31580736481562943,full
Yb2CdPb,full:X2=Yb,-0.30016227413275426,-0.34169425616575144,-0.33289251877488746,full
Yb2CdPb,full:X2=Yb,-0.3115801779972894,-0.3292496072153739,-0.33893559006346696,full
Yb2CdPb,full:X2=Yb,-0.32239304727950685,-0.2937786296050986,-0.3567170174208807,full
Yb2CdPb,full:X2=Yb,-0.3334820194451191,-0.30760890020123877,-0.3658605301674829,full
Yb2CdPb,full:X2=Yb,-0.34390179798716813,-0.3159455008102263,-0.37320469509983534,full
Yb2CdPb,full:X2=Yb,-0.3535962737769304,-0.3242020828001677,-0.36441207302116996,full
Yb2CdPb,full:X2=Yb,-0.36351210364663455,-0.3333614984128095,-0.3737173707678292,full
Yb2CdPb,full:X2=Yb,-0.37365963262495766,-0.349246197290104,-0.3926109890908547,full
Yb2CdPb,full:X2=Yb,-0.3829996588791011,-0.3537498526930074,-0.40213764187075474,full
Yb2CdPb,full:X2=Yb,-0.3925449767853314,-0.3746294370476353,-0.4222524534669623,full
Yb2CdPb,full:X2=Yb,-0.40120949323688493,-0.3828328399541361,-0.4264200232072206,full
Yb2CdPb,full:X2=Yb,-0.41005039867429227,-0.38432464128484156,-0.42017664064518145,full
Yb2CdPb,full:X2=Yb,-0.4190750243243807,-0.37576203809454367,-0.421860399755289,full
Yb2CdPb,full:X2=Yb,-0.42712839779951983,-0.3938280909763052,-0.43554246767843297,full
Yb2CdPb,full:X2=Yb,-0.43651891460558934,-0.39370921049903607,-0.4462750030733613,full
Yb2CdPb,full:X2=Yb,-0.44369749923271273,-0.41444956007981926,-0.45586517421668926,full
Yb2CdPb,full:X2=Yb,-0.4522252946121775,-0.41369605600901305,-0.47209527483327784,full
Yb2CdPb,full:X2=Yb,-0.46092390120722343,-0.41969496917196714,-0.47230149375925445,full
Yb2CdPb,full:X2=Yb,-0.46852108295774486,-0.4306264912491944,-0.48585070094164995,full
Yb2CdPb,full:X2=Yb,-0.4762535331884355,-0.4379423797937605,-0.4998476880511562,full
Yb2CdPb,full:X2=Yb,-0.48280410205002566,-0.4416797387531042,-0.5155410422304314,full
Yb2CdPb,full:X2=Yb,-0.4907974776688971,-0.4562663671717848,-0.5144667731776942,full
Yb2CdPb,full:X2=Yb,-0.4975728800155673,-0.45925093982467846,-0.4964908732978348,full
Yb2CdPb,full:X2=Yb,-0.5058454059815573,-0.4660051995849712,-0.5034053078198817,full
Yb2CdPb,full:X2=Yb,-0.5128616245228135,-0.46954691333994325,-0.5123324739324095,full
Yb2CdPb,full:X2=Yb,-0.518557371497695,-0.48376355947236616,-0.5115442170101361,full
Yb2CdPb,full:X2=Yb,-0.5257837359237448,-0.4819652823521754,-0.5197663803125818,full
Yb2CdPb,full:X2=Yb,-0.5331323796458906,-0.5025762248491894,-0.5277730213269991,full
Yb2CdPb,full:X2=Yb,-0.5391021572434522,-0.5112239047254732,-0.5296343929016105,full
Yb2CdPb,full:X2=Yb,-0.5451551399914898,-0.5165445451458088,-0.5429562419276266,full
Yb2CdPb,full:X2=Yb,-0.5528419686577808,-0.5168954007500626,-0.5460329213488351,full
Yb2CdPb,full:X2=Yb,-0.5590909179347823,-0.5186726587143748,-0.5471561139948289,full
Yb2CdPb,full:X2=Yb,-0.5654310959658012,-0.5267490677981848,-0.5609145661283608,full
Yb2CdPb,full:X2=Yb,-0.5702477199975919,-0.5321130604612847,-0.5713376722723846,full
Yb2CdPb,full:X2=Yb,-0.5767541260631921,-0.5060427497591446,-0.5720221053786176,full
Yb2CdPb,full:X2=Yb,-0.583359492661719,-0.5145700638889039,-0.5773224527735139,full
Yb2CdPb,full:X2=Yb,-0.5883802940367698,-0.5190607429418963,-0.5820829219216734,full
Yb2CdPb,full:X2=Yb,-0.595166283380062,-0.5275735091562981,-0.5845758878892682,full
Yb2CdPb,full:X2=Yb,-0.6003262785189618,-0.5303938073699506,-0.5941057202189459,full
Yb2CdPb,full:X2=Yb,-0.6055483191737837,-0.536304363947792,-0.5942624613343541,full
Yb2CdPb,full:X2=Yb,-0.6126101736612706,-0.5408344640315181,-0.5980983779164082,full
Yb2CdPb,full:X2=Yb,-0.6179829574251317,-0.5449388135194584,-0.6059279237661792,full
Yb2CdPb,full:X2=Yb,-0.623423042943488,-0.5485296250487595,-0.606322494601266,full
Yb2CdPb,full:X2=Yb,-0.6289321377282637,-0.5562453280489841,-0.6108390922375686,full
Yb2CdPb,full:X2=Yb,-0.632644078973981,-0.5599251043676519,-0.6165037739877823,full
Yb2CdPb,full:X2=Yb,-0.638272163982407,-0.5657803131190617,-0.6234119258800432,full
Yb2CdPb,full:X2=Yb,-0.6439741428068773,-0.5573326409447348,-0.6252683410125455,full
Yb2CdPb,full:X2=Yb,-0.6497519816658371,-0.5596911442512547,-0.6327825146644179,full
Yb2CdPb,full:X2=Yb,-0.6536470255493614,-0.5528530482366467,-0.6365245103581163,full
Yb2CdPb,full:X2=Yb,-0.6595558851598816,-0.5582817257906907,-0.6239378922707632,full
Yb2CdPb,full:X2=Yb,-0.6635402661514705,-0.5648226163092782,-0.6279614596871634,full
Yb2CdPb,full:X2=Yb,-0.6695862266508091,-0.568023302520809,-0.6241347027849122,full
Yb2CdPb,full:X2=Yb,-0.6736641390712486,-0.5713665295915222,-0.6275381338612223,full
Yb2CdPb,full:X2=Yb,-0.6777807052660807,-0.5797614760232226,-0.6324324159772505,full
Yb2CdPb,full:X2=Yb,-0.6840296545430823,-0.5843019011362696,-0.637163664930946,full
Yb2CdPb,full:X2=Yb,-0.6882461389442457,-0.5794733920972392,-0.642080038568664,full
Yb2CdPb,full:X2=Yb,-0.6925039620867871,-0.5828405609337568,-0.642556818707972,full
Yb2CdPb,full:X2=Yb,-0.6968039425795111,-0.5852316107210482,-0.6464305692707861,full
Yb2CdPb,full:X2=Yb,-0.7011469235902933,-0.5904398475241381,-0.650048855632049,full
Yb2CdPb,full:X2=Yb,-0.7055337738384071,-0.5952497520515716,-0.6539816191597116,full
Yb2CdPb,full:X2=Yb,-0.7099653886374819,-0.5768881770718934,-0.6578159389221925,full
Yb2CdPb,full:X2=Yb,-0.7144426909922262,-0.5855817723895542,-0.66000498614512,full
Yb2CdPb,full:X2=Yb,-0.7189666327522725,-0.5933845360309387,-0.6226545717928877,full
ZrAgB,half:X=Zr,1.2537498081398124,1.2645954742881134,1.1653549109277077,half
ZrAlAu,half:X=Zr,1.1244390105565258,1.0575918683284398,1.0913754378421925,half
ZrAsIr,half:X=Zr,1.018284308426531,1.2911892571107249,1.2453319708371857,half
ZrAsIr,half:X=Zr,1.2405492482825997,1.2911892571107249,1.2453319708371857,half
ZrAsIr,half:X=Zr,1.2604530176070865,1.2911892571107249,1.2453319708371857,half
ZrAsIr,half:X=Zr,1.018284308426531,1.2911892571107249,1.2453319708371857,half
ZrAsIr,half:X=Zr,1.0941519114745497,1.2911892571107249,1.2453319708371857,half
ZrAsIr,half:X=Zr,0.8573324964312685,1.0658843318204885,1.0647079190470998,half
ZrAsIr,half:X=Zr,0.8573324964312685,1.0658843318204885,1.0647079190470998,half
ZrAsRh,half:X=Zr,1.4329692908744058,1.2262367027752306,1.2473212485991545,half
ZrAsRh,half:X=Zr,1.3369797752006554,1.2262367027752306,1.2473212485991545,half
ZrAsRh,half:X=Zr,1.162564406523019,1.0391288587068133,1.071830620817099,half
ZrAsRh,half:X=Zr,1.162564406523019,1.0391288587068133,1.071830620817099,half
ZrBAu,half:X=Zr,1.1989043994567323,1.2726609827652098,1.1635981838437084,half
ZrBiIr,half:X=Zr,1.1072099696478683,1.0400896860966524,0.9350538254069958,half
ZrBiIr,half:X=Zr,1.0723969665217619,1.0400896860966524,0.9350538254069958,half
ZrBiIr,half:X=Zr,0.8375884382355113,0.8541931016411368,0.7625844905060372,half
ZrBiIr,half:X=Zr,0.8375884382355113,0.8541931016411368,0.7625844905060372,half
ZrBiRh,half:X=Zr,1.1139433523068367,1.0173593484505972,0.8818443916980307,half
ZrBiRh,half:X=Zr,1.088525892431256,1.0173593484505972,0.8818443916980307,half
ZrBiRh,half:X=Zr,0.865103974641128,0.7984562526337932,0.6626770212544101,half
ZrBiRh,half:X=Zr,0.865103974641128,0.7984562526337932,0.6626770212544101,half
ZrCoAs,half:X=Zr,1.380211241711606,1.2890915857767102,1.3029512834059158,half
ZrCoAs,half:X=Zr,1.4424797690644486,1.2890915857767102,1.3029512834059158,half
ZrCoAs,half:X=Zr,1.342876478791114,1.2890915857767102,1.3029512834059158,half
ZrCoAs,half:X=Zr,1.2666784654645684,1.2890915857767102,1.3029512834059158,half
ZrCoAs,half:X=Zr,1.2966651902615312,1.2890915857767102,1.3029512834059158,half
ZrCoAs,half:X=Zr,1.1433271299920464,1.1177310857500085,1.1186202325342758,half
ZrCoAs,half:X=Zr,1.1433271299920464,1.1177310857500085,1.1186202325342758,half
ZrCoBi,half:X=Zr,1.4167236975467343,1.3581133539935122,1.3056705574570624,half
ZrCoBi,half:X=Zr,1.3934699069951226,1.3383562913123157,1.2856923898869996,half
ZrCoBi,half:X=Zr,1.3715296320992945,1.3153024454729723,1.2638462191733586,half
ZrCoBi,half:X=Zr,1.3507324517161297,1.2954001841091296,1.245980208707103,half
ZrCoBi,half:X=Zr,1.3309816377008217,1.2708051570415995,1.2285996661870415,half
ZrCoBi,half:X=Zr,1.312156191475623,1.255258559270195,1.209410529659369,half
ZrCoBi,half:X=Zr,1.294179541292486,1.245925525654642,1.1965580416249004,half
ZrCoBi,half:X=Zr,1.276967038147092,1.2282888707145514,1.1892845978925732,half
ZrCoBi,half:X=Zr,1.2604291755779347,1.207748076389457,1.168659794769721,half
ZrCoBi,half:X=Zr,1.2445739728174356,1.2010238203699175,1.1570171153219344,half
ZrCoBi,half:X=Zr,1.229297794114105,1.1870204369303308,1.1485116664226862,half
ZrCoBi,half:X=Zr,1.2474822606770544,1.1870204369303308,1.1485116664226862,half
ZrCoBi,half:X=Zr,1.250420002308894,1.1870204369303308,1.1485116664226862,half
ZrCoBi,half:X=Zr,1.0343476584468483,1.1870204369303308,1.1485116664226862,half
ZrCoBi,half:X=Zr,1.2474822606770544,1.1870204369303308,1.1485116664226862,half
ZrCoBi,half:X=Zr,1.179640823896529,1.1870204369303308,1.1485116664226862,half
ZrCoBi,half:X=Zr,1.2145524552342448,1.1725136612104896,1.1349481927909753,half
ZrCoBi,half:X=Zr,1.200330565124774,1.1535118376334152,1.125164236064367,half
ZrCoBi,half:X=Zr,1.186589091272407,1.1437294423246684,1.1168917337519284,half
ZrCoBi,half:X=Zr,1.1732737014525794,1.1357658588869937,1.1069561868751019,half
ZrCoBi,half:X=Zr,1.160408500089582,1.1136946954763345,1.0950066499129445,half
ZrCoBi,half:X=Zr,1.14789264483285,1.106619858460219,1.0839442798534766,half
ZrCoBi,half:X=Zr,1.1357367435094736,1.1009397811656116,1.0772644535319564,half
ZrCoBi,half:X=Zr,1.1239495910818271,1.0851663693234268,1.0646186702567828,half
ZrCoBi,half:X=Zr,1.1124709393381393,1.0714436476415494,1.059129817623126,half
ZrCoBi,half:X=Zr,1.1013001804676847,1.0638850188281532,1.054382450975341,half
ZrCoBi,half:X=Zr,1.090434416175122,1.0536930768885067,1.045003355770203,half
ZrCoBi,half:X=Zr,1.07983219967722,1.0485564396762244,1.036704105082848,half
ZrCoBi,half:X=Zr,1.0694830939346114,1.0337652977478737,1.0337752218570968,half
ZrCoBi,half:X=Zr,1.0593740590659577,1.0279399899409682,1.0258558773084336,half
ZrCoBi,half:X=Zr,1.0495281222777182,1.0137644020566188,1.0162738234384778,half
ZrCoBi,half:X=Zr,1.0398897977361814,1.0032255310079268,1.0115992332620332,half
ZrCoBi,half:X=Zr,1.0304782806224082,1.0031758202976362,1.0045551447033008,half
ZrCoBi,half:X=Zr,1.0212720139510383,0.9994548738749487,1.000521972606727,half
ZrCoBi,half:X=Zr,1.0122465199850712,0.9970787923741259,0.9946643566638209,half
ZrCoBi,half:X=Zr,1.0034174452021938,0.9971889953223665,0.9976173092802463,half
ZrCoBi,half:X=Zr,1.0622058088197126,0.9971889953223665,0.9976173092802463,half
ZrCoBi,half:X=Zr,1.0622058088197126,0.9971889953223665,0.9976173092802463,half
ZrCoBi,half:X=Zr,0.9947569445876282,0.9861127305643419,0.9797773612674945,half
ZrCoBi,half:X=Zr,0.9862789559059912,0.9685128852547151,0.9733647775051809,half
ZrCoBi,half:X=Zr,0.977952121201462,0.9545642033320355,0.9655369169895437,half
ZrCoBi,half:X=Zr,0.9697885374149389,0.9426506659058901,0.9523652708195318,half
ZrCoBi,half:X=Zr,0.9618006391916785,0.9416261581090442,0.9503361732281697,half
ZrCoBi,half:X=Zr,0.9539528832319231,0.9296916173711175,0.9435253447506566,half
ZrCoBi,half:X=Zr,0.946206553842783,0.918052170814661,0.9350471139226999,half
ZrCoBi,half:X=Zr,0.9386698010226792,0.9123264589016873,0.9301499173826987,half
ZrCoBi,half:X=Zr,0.9312035254507525,0.9086173718113978,0.9196498145417348,half
ZrCoBi,half:X=Zr,0.9238654751855014,0.8988237574454091,0.915700061815742,half
ZrCoBi,half:X=Zr,0.9167170775988125,0.8873133225536599,0.9137094440365182,half
ZrCoBi,half:X=Zr,0.9096095104901689,0.8818476051262727,0.8982056713494623,half
ZrCoBi,half:X=Zr,0.9026554752179259,0.8749485931094625,0.8967864976275727,half
ZrCoBi,half:X=Zr,0.895809150169131,0.8675192408150758,0.8879093616053864,half
ZrCoBi,half:X=Zr,0.889077492650064,0.8615645431495952,0.8837229023094973,half
ZrCoBi,half:X=Zr,0.882410684373968,0.8592662282332107,0.8785699353351177,half
ZrCoBi,half:X=Zr,0.8758711907273659,0.8436618557764446,0.8686398085271098,half
ZrCoBi,half:X=Zr,0.8694664100808666,0.8407648003617525,0.8641109807824933,half
ZrCoBi,half:X=Zr,0.8631443462526674,0.8379220193572228,0.8605462777055911,half
ZrCoBi,half:X=Zr,0.8568496787251724,0.8281269978927726,0.8507710133230779,half
ZrCoBi,half:X=Zr,0.8507074853745372,0.8354699125908527,0.8537477150894708,half
ZrCoBi,half:X=Zr,0.8446014196263466,0.8300656360293859,0.8441389152200455,half
ZrCoBi,half:X=Zr,0.8386602259889415,0.8257694121903127,0.8360625376636888,half
ZrCoBi,half:X=Zr,0.8327643049405314,0.8203751198007434,0.8323256080716509,half
ZrCoBi,half:X=Zr,0.8269166471849204,0.8176196623955045,0.8275649332946258,half
ZrCoBi,half:X=Zr,0.8211858826088455,0.8083668682437037,0.8237949399653015,half
ZrCoBi,half:X=Zr,0.8155113373627642,0.7996186853384113,0.814910086049041,half
ZrCoBi,half:X=Zr,0.8098962466024391,0.7951445281932703,0.8071497922993255,half
ZrCoBi,half:X=Zr,0.8043439184798659,0.7897034069722303,0.8018410025978596,half
ZrCoBi,half:X=Zr,0.7989267385772014,0.7844931667194263,0.7959479932129047,half
ZrCoBi,half:X=Zr,0.7935110057928578,0.7798675684612721,0.7929844617738246,half
ZrCoBi,half:X=Zr,0.7881683711411677,0.7563612310195474,0.7881339511887676,half
ZrCoBi,half:X=Zr,0.7829739949440483,0.7492288510660318,0.7815698509216837,half
ZrCoBi,half:X=Zr,0.777716738609626,0.7471073375233082,0.7777973807176641,half
ZrCoBi,half:X=Zr,0.7726150498491708,0.7489338927325466,0.7724528884602012,half
ZrCoBi,half:X=Zr,0.7675268994083819,0.7428111419903992,0.7583445187187157,half
ZrCoBi,half:X=Zr,0.7625285224469999,0.737511184037246,0.7505922768160277,half
ZrCoBi,half:X=Zr,0.7575478534692439,0.7329569166180016,0.747512407147689,half
ZrCoBi,half:X=Zr,0.752662943120972,0.7257199793864781,0.7438852437605389,half
ZrCoBi,half:X=Zr,0.7478000908643688,0.7185061676883613,0.7401473340004073,half
ZrCoBi,half:X=Zr,0.7430391548049332,0.7135879506841281,0.7297445867654151,half
ZrCoBi,half:X=Zr,0.7383047930741049,0.7114659304384279,0.7246740302834861,half
ZrCoBi,half:X=Zr,0.7335984609613392,0.7077763992637965,0.7200862354070738,half
ZrCoBi,half:X=Zr,0.72900270927219,0.7040135846214735,0.7160232608635905,half
ZrCoBi,half:X=Zr,0.7243578042264265,0.6995099904195841,0.7115135892523831,half
ZrCoBi,half:X=Zr,0.7198282862543348,0.6942409560731012,0.7053432187355944,half
ZrCoBi,half:X=Zr,0.7153346837923128,0.6902992237605947,0.7014858421949042,half
ZrCoBi,half:X=Zr,0.7109631189952758,0.6864544261638822,0.6966135392484007,half
ZrCoBi,half:X=Zr,0.7065471026403575,0.6778408846433565,0.691944792463725,half
ZrCoBi,half:X=Zr,0.7021719508577112,0.6715858065054772,0.6878890817735446,half
ZrCoP,half:X=Zr,1.487322239751821,1.4986318838438268,1.386005722881417,half
ZrCoSb,half:X=Zr,1.3979400086720377,1.2852673306437907,1.2667079145514808,half
ZrCoSb,half:X=Zr,1.3873898263387294,1.2852673306437907,1.2667079145514808,half
ZrCoSb,half:X=Zr,1.2419944891567807,1.2852673306437907,1.2667079145514808,half
ZrCoSb,half:X=Zr,1.3617278360175928,1.2852673306437907,1.2667079145514808,half
ZrCoSb,half:X=Zr,1.3221986135518917,1.2852673306437907,1.2667079145514808,half
ZrCoSb,half:X=Zr,1.3242824552976926,1.2852673306437907,1.2667079145514808,half
ZrCoSb,half:X=Zr,1.3617278360175928,1.2852673306437907,1.2667079145514808,half
ZrCoSb,half:X=Zr,1.1550322287909702,1.094240921460035,1.0832509497406346,half
ZrCoSb,half:X=Zr,1.1550322287909702,1.094240921460035,1.0832509497406346,half
ZrCuB,half:X=Zr,1.3693643087812357,1.4537460599993048,1.4099273649955126,half
ZrCuB,half:X=Zr,1.1315085371705682,1.4537460599993048,1.4099273649955126,half
ZrFePo,half:X=Zr,1.0438729123914248,1.1226993223931165,1.0165744778021177,half
ZrFeS,half:X=Zr,1.4323277922616042,1.1877936907320819,1.2321986600184889,half
ZrFeSe,half:X=Zr,1.3079023303260238,1.2307610271461438,1.1804385137721425,half
ZrFeSe,half:X=Zr,1.1593114737037842,1.2307610271461438,1.1804385137721425,half
ZrFeTe,half:X=Zr,1.3010299956639813,1.0358140773465614,1.0655546745455104,half
ZrFeTe,half:X=Zr,1.2441038633765078,1.0358140773465614,1.0655546745455104,half
ZrFeTe,half:X=Zr,1.3010299956639813,1.0358140773465614,1.0655546745455104,half
ZrFeTe,half:X=Zr,1.3485346083176173,1.0358140773465614,1.0655546745455104,half
ZrGaAu,half:X=Zr,1.0528477834008605,1.0352177665992384,0.9913350417428222,half
ZrGePd,half:X=Zr,1.2600713879850747,1.2274342032725447,1.2152854094525631,half
ZrGePd,half:X=Zr,1.0406023401140732,1.0313983704630307,1.029203902610451,half
ZrGePd,half:X=Zr,1.0406023401140732,1.0313983704630307,1.029203902610451,half
ZrGePt,half:X=Zr,1.2013971243204515,1.1517282463919776,1.192019918754344,half
ZrGePt,half:X=Zr,1.2059347936846816,1.1517282463919776,1.192019918754344,half
ZrGePt,half:X=Zr,0.9175055095525466,0.9534493126775937,1.0066444289154783,half
ZrGePt,half:X=Zr,0.9175055095525466,0.9534493126775937,1.0066444289154783,half
ZrInAu,half:X=Zr,1.2749195064037537,1.215475411848026,1.044920868117563,half
ZrInAu,half:X=Zr,1.2525617862063294,1.1957241150623503,1.027808889782838,half
ZrInAu,half:X=Zr,1.2313421379038962,1.1726516333739734,1.0060803026735539,half
ZrInAu,half:X=Zr,1.211173956728494,1.1550347926980344,0.9869807569179039,half
ZrInAu,half:X=Zr,1.1919537671529952,1.13751172063872,0.970915135094036,half
ZrInAu,half:X=Zr,1.1735941387546327,1.116644866713739,0.9553026389292116,half
ZrInAu,half:X=Zr,1.1560036693903981,1.1023682611448222,0.9484079487363741,half
ZrInAu,half:X=Zr,1.1391231341095795,1.085336209622382,0.9360976877843992,half
ZrInAu,half:X=Zr,1.1229036491733244,1.0641491215771313,0.9154728846615465,half
ZrInAu,half:X=Zr,1.1072778228597715,1.053652318084379,0.8867021125023901,half
ZrInAu,half:X=Zr,1.0922292421628566,1.0311160967540074,0.8569149366149648,half
ZrInAu,half:X=Zr,0.9740509027928773,1.0311160967540074,0.8569149366149648,half
ZrInAu,half:X=Zr,0.9916690073799486,1.0311160967540074,0.8569149366149648,half
ZrInAu,half:X=Zr,0.9740509027928773,1.0311160967540074,0.8569149366149648,half
ZrInAu,half:X=Zr,1.1417841298031683,1.0311160967540074,0.8569149366149648,half
ZrInAu,half:X=Zr,1.0776948658865861,1.0260545383811397,0.8388956064569212,half
ZrInAu,half:X=Zr,1.0636710539307177,1.0093565106384799,0.8300004009106897,half
ZrInAu,half:X=Zr,1.0500702643674384,1.0264053399893067,0.8204813255721861,half
ZrInAu,half:X=Zr,1.036908222920219,1.0244618251833382,0.8049853302004051,half
ZrInAu,half:X=Zr,1.0241160728267704,1.01290744613452,0.7934112058365532,half
ZrInAu,half:X=Zr,1.0117395613883184,1.0043120210875667,0.7809313672123135,half
ZrInAu,half:X=Zr,0.9996958874108393,1.0022829786156373,0.7745909347783116,half
ZrInAu,half:X=Zr,0.987978915875482,0.9814175019253957,0.7621865794290006,half
ZrInAu,half:X=Zr,0.9765792186401099,0.9784718616290647,0.7555942267638491,half
ZrInAu,half:X=Zr,0.9654839242451387,0.9651289140182371,0.7502657095992075,half
ZrInAu,half:X=Zr,0.9546765869186435,0.95454611638496,0.741561308424209,half
ZrInAu,half:X=Zr,0.9440876794154341,0.94081527899627,0.7295793817557665,half
ZrInAu,half:X=Zr,0.93379088414342,0.9367315199942934,0.7171831837096682,half
ZrInAu,half:X=Zr,0.9237619608287003,0.9307030533311075,0.7055725185244168,half
ZrInAu,half:X=Zr,0.9139197649514659,0.9268311168672405,0.7092690547564655,half
ZrInAu,half:X=Zr,0.904336792202495,0.9149796505359107,0.7029029562615497,half
ZrInAu,half:X=Zr,0.8949249773595435,0.9079370949431798,0.6997885616884313,half
ZrInAu,half:X=Zr,0.8857568810692674,0.8982776966871517,0.6949759418623197,half
ZrInAu,half:X=Zr,0.8767372971406645,0.8899273196245564,0.6827300386658508,half
ZrInAu,half:X=Zr,0.8679386508907846,0.8867856829167804,0.7028431494261388,half
ZrInAu,half:X=Zr,0.8593184650971161,0.8766322918632423,0.705045267052377,half
ZrInAu,half:X=Zr,0.8508299598485309,0.8609854885696353,0.6930197201253097,half
ZrInAu,half:X=Zr,0.8425468364950149,0.8624600624273386,0.6884122255980928,half
ZrInAu,half:X=Zr,0.8343571127184051,0.8586572897227771,0.6808452020735375,half
ZrInAu,half:X=Zr,0.8263987821876178,0.8519947332181433,0.6718087665167348,half
ZrInAu,half:X=Zr,0.8185557792978027,0.8459483309890815,0.6656089671361537,half
ZrInAu,half:X=Zr,0.8108371511404884,0.8353610263571072,0.6569503627751253,half
ZrInAu,half:X=Zr,0.803252211430457,0.8347667854403853,0.651181573181926,half
ZrInAu,half:X=Zr,0.7958105246674083,0.8314916345007867,0.640703098646956,half
ZrInAu,half:X=Zr,0.7885218872224729,0.8248074507620214,0.6369853379957009,half
ZrInAu,half:X=Zr,0.7813244556669877,0.8160399374103929,0.6354107707960801,half
ZrInAu,half:X=Zr,0.7742249048689189,0.8109751467550674,0.6296744607417324,half
ZrInAu,half:X=Zr,0.7673043174532732,0.8083517602725755,0.6282115637575307,half
ZrInAu,half:X=Zr,0.7604224834232121,0.8063781131996695,0.620251056604342,half
ZrInAu,half:X=Zr,0.7537362221750101,0.7948927063798067,0.6145615632413022,half
ZrInAu,half:X=Zr,0.7470231774516278,0.7875520024686568,0.6091308980114093,half
ZrInAu,half:X=Zr,0.7405205860536647,0.7776646992513794,0.5992126174521037,half
ZrInAu,half:X=Zr,0.7340794072805943,0.7750652127852528,0.5920391926272266,half
ZrInAu,half:X=Zr,0.727703883685354,0.7687367859923872,0.5987323157170223,half
ZrInAu,half:X=Zr,0.7214808547700493,0.7621582150973125,0.5898724195332365,half
ZrInAu,half:X=Zr,0.7153346837923128,0.7574202080856457,0.5887976312923885,half
ZrInAu,half:X=Zr,0.7092699609758307,0.7523761824330392,0.579260981977062,half
ZrInAu,half:X=Zr,0.7032913781186614,0.748204747277838,0.5692666159111248,half
ZrInAu,half:X=Zr,0.6973165417323833,0.7552589960696088,0.5652610223568884,half
ZrInAu,half:X=Zr,0.6915235221681544,0.7514965976267104,0.5604398244012897,half
ZrInAu,half:X=Zr,0.6857417386022636,0.7395184723443167,0.5566698310719653,half
ZrInAu,half:X=Zr,0.6800634274819486,0.7352571677071666,0.5472120712906161,half
ZrInAu,half:X=Zr,0.6744937172963502,0.730345275650065,0.5413329747022988,half
ZrInAu,half:X=Zr,0.6689447344577338,0.7274025603497941,0.5360710056760005,half
ZrInAu,half:X=Zr,0.6635124704151556,0.7055674062709023,0.563832245173559,half
ZrInAu,half:X=Zr,0.6581068355063929,0.7006411019971415,0.5600238279413912,half
ZrInAu,half:X=Zr,0.6527296960692476,0.6934382512923876,0.5599877571824843,half
ZrInAu,half:X=Zr,0.6474807731736759,0.6861614393956986,0.5521467042176275,half
ZrInAu,half:X=Zr,0.6422666189026736,0.6826275835434344,0.5480788837607565,half
ZrInAu,half:X=Zr,0.6371894221487618,0.6764166679772456,0.5489035574303934,half
ZrInAu,half:X=Zr,0.6320521667058098,0.6730342016557914,0.53779024574619,half
ZrInAu,half:X=Zr,0.6270584640009896,0.6665629145715721,0.5321993929138424,half
ZrInAu,half:X=Zr,0.6221103603612195,0.6632981454507855,0.5424618673455149,half
ZrInAu,half:X=Zr,0.6172100945574338,0.6578353369784667,0.5380510170184343,half
ZrInAu,half:X=Zr,0.6123599479677744,0.6520484328359986,0.5345721429920314,half
ZrInAu,half:X=Zr,0.6075622431835882,0.6479408906948726,0.528380541958079,half
ZrInAu,half:X=Zr,0.6028193424326997,0.6419984506336864,0.5218744964295614,half
ZrInAu,half:X=Zr,0.5981336458132377,0.6382394069152055,0.5177175216818246,half
ZrInAu,half:X=Zr,0.5935075893317653,0.63308821398471,0.5142828472463551,half
ZrInAu,half:X=Zr,0.5889436427400149,0.6289328130842451,0.5155111929233985,half
ZrInAu,half:X=Zr,0.5843312243675308,0.6237399386663511,0.5092609074730706,half
ZrInAu,half:X=Zr,0.5798978696031037,0.6197101266337018,0.5062978334688086,half
ZrInAu,half:X=Zr,0.5754187912143601,0.6149590505718616,0.5022393542152329,half
ZrInAu,half:X=Zr,0.571009672309305,0.6105166696549573,0.4975837981493725,half
ZrInAu,half:X=Zr,0.5666731376061165,0.6060070510268846,0.5009143438633591,half
ZrNiC,half:X=Zr,1.4801651008871215,1.4923958105419448,1.4054172411468133,half
ZrNiGe,half:X=Zr,1.3242824552976926,1.2564966100614445,1.2684671289085743,half
ZrNiGe,half:X=Zr,1.2828938866553317,1.2564966100614445,1.2684671289085743,half
ZrNiGe,half:X=Zr,1.0962145853464051,1.099449495131951,1.1043583911998667,half
ZrNiGe,half:X=Zr,1.0962145853464051,1.099449495131951,1.1043583911998667,half
ZrNiPb,half:X=Zr,1.1818435879447726,1.1251117137506021,1.0652992624446154,half
ZrNiPb,half:X=Zr,0.9719249491841914,1.1251117137506021,1.0652992624446154,half
ZrNiPb,half:X=Zr,1.1613680022349748,1.1251117137506021,1.0652992624446154,half
ZrNiPb,half:X=Zr,0.9590413923210935,0.9583278343118076,0.9337715333004721,half
ZrNiPb,half:X=Zr,0.9590413923210935,0.9583278343118076,0.9337715333004721,half
ZrNiSn,half:X=Zr,1.3904935265041731,1.4356441258936519,1.361562523947705,half
ZrNiSn,half:X=Zr,1.3697166775485605,1.4125300599823678,1.3389942582626415,half
ZrNiSn,half:X=Zr,1.3500346963400578,1.388209476898761,1.3187248133240066,half
ZrNiSn,half:X=Zr,1.3313463016525666,1.3664227136751124,1.291653555213959,half
ZrNiSn,half:X=Zr,1.3135297732022901,1.3460970049210337,1.2705958850166084,half
ZrNiSn,half:X=Zr,1.2964896822850456,1.3244827004148947,1.2529273539779906,half
ZrNiSn,half:X=Zr,1.280191247872142,1.3088999007106585,1.230079065186939,half
ZrNiSn,half:X=Zr,1.264534495078272,1.289664543591454,1.2224458910467628,half
ZrNiSn,half:X=Zr,1.2494918657252647,1.2662722846422332,1.202592300578706,half
ZrNiSn,half:X=Zr,1.2349978796860308,1.2564462381892794,1.1883970362724052,half
ZrNiSn,half:X=Zr,1.2210228052048413,1.2334976008180871,1.1742794434751147,half
ZrNiSn,half:X=Zr,1.2798949800116382,1.2334976008180871,1.1742794434751147,half
ZrNiSn,half:X=Zr,1.2922560713564761,1.2334976008180871,1.1742794434751147,half
ZrNiSn,half:X=Zr,1.2430380486862944,1.2334976008180871,1.1742794434751147,half
ZrNiSn,half:X=Zr,1.168733128934079,1.2334976008180871,1.1742794434751147,half
ZrNiSn,half:X=Zr,1.2966651902615312,1.2334976008180871,1.1742794434751147,half
ZrNiSn,half:X=Zr,1.3010299956639813,1.2334976008180871,1.1742794434751147,half
ZrNiSn,half:X=Zr,1.1783725412100003,1.2334976008180871,1.1742794434751147,half
ZrNiSn,half:X=Zr,1.1986570869544226,1.2334976008180871,1.1742794434751147,half
ZrNiSn,half:X=Zr,1.2798949800116382,1.2334976008180871,1.1742794434751147,half
ZrNiSn,half:X=Zr,1.2966651902615312,1.2334976008180871,1.1742794434751147,half
ZrNiSn,half:X=Zr,1.3010299956639813,1.2334976008180871,1.1742794434751147,half
ZrNiSn,half:X=Zr,1.259623332512914,1.2334976008180871,1.1742794434751147,half
ZrNiSn,half:X=Zr,1.2074997233073055,1.2243608107107162,1.1608223418034527,half
ZrNiSn,half:X=Zr,1.194431082563702,1.2043795391341605,1.1481339773519847,half
ZrNiSn,half:X=Zr,1.1817864401741915,1.1967677374404255,1.1408998184042858,half
ZrNiSn,half:X=Zr,1.1694980946849678,1.1869503312062986,1.1265674761283826,half
ZrNiSn,half:X=Zr,1.157577640520729,1.1730007297835636,1.1104574168388543,half
ZrNiSn,half:X=Zr,1.146003933810869,1.1632825208796826,1.1187228162853362,half
ZrNiSn,half:X=Zr,1.1347506861086145,1.1595859390060457,1.11233158914745,half
ZrNiSn,half:X=Zr,1.123786328615372,1.1414223189936878,1.1055425059679191,half
ZrNiSn,half:X=Zr,1.1131408368670808,1.1361473716597008,1.1000710282980208,half
ZrNiSn,half:X=Zr,1.10274233614457,1.1192139903007,1.0882631820463327,half
ZrNiSn,half:X=Zr,1.092580300691311,1.1086311926674228,1.081053050780403,half
ZrNiSn,half:X=Zr,1.0826776806481122,1.0922511515189726,1.072355706547546,half
ZrNiSn,half:X=Zr,1.073021454359739,1.089250226265875,1.0696377152957603,half
ZrNiSn,half:X=Zr,1.063558518110981,1.071850920361622,1.0594317666554938,half
ZrNiSn,half:X=Zr,1.0543065658483997,1.0672672189585506,1.048489481581334,half
ZrNiSn,half:X=Zr,1.0452838513951355,1.0544382154835685,1.0419899127554737,half
ZrNiSn,half:X=Zr,1.036429265626675,1.0470610614083096,1.0404331191296812,half
ZrNiSn,half:X=Zr,1.0277572046905534,1.0409783094533005,1.0356799312438263,half
ZrNiSn,half:X=Zr,1.0192824957617317,1.0326297562324265,1.0280422452538907,half
ZrNiSn,half:X=Zr,1.0109356647043852,1.031066267839076,1.0268890908135346,half
ZrNiSn,half:X=Zr,1.0350292822023681,1.031066267839076,1.0268890908135346,half
ZrNiSn,half:X=Zr,1.0350292822023681,1.031066267839076,1.0268890908135346,half
ZrNiSn,half:X=Zr,1.0027706281011937,1.0204694194266997,1.0096368422559816,half
ZrNiSn,half:X=Zr,0.9948008992946039,1.0040549432804893,1.0043838940100096,half
ZrNiSn,half:X=Zr,0.9869507878585166,0.9923760641434669,0.9953393622907765,half
ZrNiSn,half:X=Zr,0.9792295930221553,0.9885560394717788,0.98172779452777,half
ZrNiSn,half:X=Zr,0.9716468820643067,0.9807167205379044,0.9796320283544298,half
ZrNiSn,half:X=Zr,0.9642124729698192,0.9739696362983774,0.972413786822467,half
ZrNiSn,half:X=Zr,0.9568884546500772,0.965097366159593,0.9638172610138553,half
ZrNiSn,half:X=Zr,0.9497314523157071,0.9645210221252651,0.9592770508889662,half
ZrNiSn,half:X=Zr,0.9426528116932121,0.9560527438463076,0.9486937628129148,half
ZrNiSn,half:X=Zr,0.9357087478426636,0.9499035301241893,0.9462131943206202,half
ZrNiSn,half:X=Zr,0.9288565335819108,0.939015176112016,0.9440316089677715,half
ZrNiSn,half:X=Zr,0.9221023668076072,0.9317239795151464,0.9316018090255972,half
ZrNiSn,half:X=Zr,0.9155053617543765,0.9292009084341993,0.9299893924430607,half
ZrNiSn,half:X=Zr,0.9089673004183878,0.9270340328134555,0.9164903437947163,half
ZrNiSn,half:X=Zr,0.9025467793139914,0.9155486259935925,0.9126339491152351,half
ZrNiSn,half:X=Zr,0.8961954104542107,0.911222608166661,0.9075886567574519,half
ZrNiSn,half:X=Zr,0.8899736384039961,0.9012225886904865,0.9016157676609141,half
ZrNiSn,half:X=Zr,0.8838317133294524,0.8990848097865883,0.8967027152678058,half
ZrNiSn,half:X=Zr,0.877774349991398,0.8933291300737901,0.892621751398754,half
ZrNiSn,half:X=Zr,0.8718063644587294,0.887057516627371,0.8823723427236306,half
ZrNiSn,half:X=Zr,0.865932668193186,0.882773499782091,0.8744683734121355,half
ZrNiSn,half:X=Zr,0.8600983296985181,0.8714413401123757,0.8667313640566774,half
ZrNiSn,half:X=Zr,0.8543667780408696,0.8681998435491336,0.8586717500043246,half
ZrNiSn,half:X=Zr,0.8486816540239503,0.8628556024220565,0.8548008640966152,half
ZrNiSn,half:X=Zr,0.8431081419996068,0.8575824282756646,0.8523959646172431,half
ZrNiSn,half:X=Zr,0.8375884382355113,0.85196787476603,0.848625971287919,half
ZrNiSn,half:X=Zr,0.8321894610685131,0.8448666063926654,0.8407090746400702,half
ZrNiSn,half:X=Zr,0.8267872388162921,0.8361563655724136,0.8336588808740525,half
ZrNiSn,half:X=Zr,0.8215135284047731,0.8329597484369938,0.8284944221989766,half
ZrNiSn,half:X=Zr,0.8162412999917831,0.8280279655702717,0.8273331535939243,half
ZrNiSn,half:X=Zr,0.8110385086042159,0.8242194339069058,0.8240215957125263,half
ZrNiSn,half:X=Zr,0.8059763507175627,0.8166810774776302,0.8203795601722375,half
ZrNiSn,half:X=Zr,0.8009231818132183,0.8103821278541634,0.8092537579356308,half
ZrNiSn,half:X=Zr,0.7958800173440752,0.8068485190630009,0.8054731743244332,half
ZrNiSn,half:X=Zr,0.7909884750888159,0.8021309285899152,0.8000870710146167,half
ZrNiSn,half:X=Zr,0.7860412102425542,0.7998965083481047,0.796380372117899,half
ZrNiSn,half:X=Zr,0.7812525942484564,0.7922376377235473,0.7886789323839389,half
ZrNiSn,half:X=Zr,0.7764832558336816,0.7892523807216616,0.7857161488943782,half
ZrNiSn,half:X=Zr,0.7717344253867693,0.7838663135073487,0.7906053781237372,half
ZrNiSn,half:X=Zr,0.7670816213633223,0.7796466784010104,0.7873893650124949,half
ZrNiSn,half:X=Zr,0.7624534823635469,0.7753331182868219,0.7772230452830596,half
ZrNiSn,half:X=Zr,0.7578513436855798,0.7699138520273006,0.7725985175127138,half
ZrNiSn,half:X=Zr,0.753353212641496,0.7666871184139026,0.7680694074779283,half
ZrNiSn,half:X=Zr,0.7488854400095167,0.7611786573655515,0.7633728628794476,half
ZrNiSn,half:X=Zr,0.7444494574467985,0.7684419947814151,0.7595120007558652,half
ZrNiSn,half:X=Zr,0.7400467240514941,0.763876302825698,0.7539885306830377,half
ZrNiSn,half:X=Zr,0.7357585374437389,0.7598873459210526,0.7502241195454328,half
ZrNiSn,half:X=Zr,0.731427587050948,0.7549664453358145,0.7450660032815036,half
ZrNiSn,half:X=Zr,0.7272158209084926,0.7512888757126244,0.7405668598945255,half
ZrNiSn,half:X=Zr,0.7229628089424895,0.7471997080823807,0.7362849902092412,half
ZrPIr,half:X=Zr,1.3513130593987335,1.3133404272771085,1.286307777984419,half
ZrPRh,half:X=Zr,1.4533947936132774,1.383826311540031,1.335156416881007,half
ZrPdPb,half:X=Zr,1.0128372247051722,0.9588349247695515,0.7873951358827469,half
ZrPdPb,half:X=Zr,0.8188854145940099,0.7615184737924605,0.6075015511936884,half
ZrPdPb,half:X=Zr,0.8188854145940099,0.7615184737924605,0.6075015511936884,half
ZrPtPb,half:X=Zr,0.9901167660679044,1.0126076630308811,0.9173774851741145,half
ZrPtPb,half:X=Zr,0.8129133566428556,0.7694529864350569,0.6785965056354312,half
ZrPtPb,half:X=Zr,0.8129133566428556,0.7694529864350569,0.6785965056354312,half
ZrSbIr,half:X=Zr,1.2376693838784256,1.2604872501299313,1.1821857168057073,half
ZrSbIr,half:X=Zr,1.040206627574711,1.0525563824973263,0.9718476308404016,half
ZrSbIr,half:X=Zr,1.040206627574711,1.0525563824973263,0.9718476308404016,half
ZrSbRh,half:X=Zr,1.268928822432613,1.1428300516717476,1.185065159047571,half
ZrSbRh,half:X=Zr,1.3246301633073392,1.1428300516717476,1.185065159047571,half
ZrSbRh,half:X=Zr,1.0751818546186915,0.9447434665721706,0.9786722928887178,half
ZrSbRh,half:X=Zr,1.0751818546186915,0.9447434665721706,0.9786722928887178,half
ZrSbRu,half:X=Zr,0.526339277389844,1.2256955026513705,1.1933013278891318,half
ZrSbRu,half:X=Zr,0.526339277389844,1.2256955026513705,1.1933013278891318,half
ZrSiNi,half:X=Zr,1.4249795867458084,1.479598984461048,1.4009976324391409,half
ZrSiPd,half:X=Zr,1.2636360685881083,1.2958410604977526,1.3040948922788822,half
ZrSiPd,half:X=Zr,1.2636360685881083,1.2958410604977526,1.3040948922788822,half
ZrSiPd,half:X=Zr,1.3861397348525624,1.2958410604977526,1.3040948922788822,half
ZrSiPt,half:X=Zr,1.322033128631803,1.5267657272690944,1.4287468805950492,half
ZrSiPt,half:X=Zr,1.296972158656532,1.5083632351667209,1.4088691216431912,half
ZrSiPt,half:X=Zr,1.2734874096971838,1.4875726231933202,1.3881251376560422,half
ZrSiPt,half:X=Zr,1.2513461595885815,1.463257392691613,1.3695884495180957,half
ZrSiPt,half:X=Zr,1.2303978249040808,1.4472031143805344,1.347295696624501,half
ZrSiPt,half:X=Zr,1.2105592818107238,1.4248724196733715,1.327245449900012,half
ZrSiPt,half:X=Zr,1.1916465985627307,1.40722941058992,1.3039429239277418,half
ZrSiPt,half:X=Zr,1.1736523746892695,1.3881740438836565,1.2894912191904147,half
ZrSiPt,half:X=Zr,1.15642799231805,1.3797755896138475,1.2688664160675622,half
ZrSiPt,half:X=Zr,1.1399105558756826,1.3575385901923078,1.256318428022566,half
ZrSiPt,half:X=Zr,1.1240801568797,1.3537154635612232,1.2427977668739678,half
ZrSiPt,half:X=Zr,1.1495270137543478,1.3537154635612232,1.2427977668739678,half
ZrSiPt,half:X=Zr,1.1098051847535788,1.3537154635612232,1.2427977668739678,half
ZrSiPt,half:X=Zr,1.30693944215854,1.3537154635612232,1.2427977668739678,half
ZrSiPt,half:X=Zr,1.1495270137543478,1.3537154635612232,1.2427977668739678,half
ZrSiPt,half:X=Zr,1.1755118133634477,1.3537154635612232,1.2427977668739678,half
ZrSiPt,half:X=Zr,1.1088693291162317,1.3405738589608975,1.2347690582000328,half
ZrSiPt,half:X=Zr,1.094191524909532,1.3241479837686065,1.2217976711134453,half
ZrSiPt,half:X=Zr,1.0800489675788516,1.3259591611314852,1.2113268131108468,half
ZrSiPt,half:X=Zr,1.0663632022584946,1.3129722878615908,1.196978736307567,half
ZrSiPt,half:X=Zr,1.0531553029618794,1.3024366856198057,1.1831649104093385,half
ZrSiPt,half:X=Zr,1.0403649558600605,1.2934640437653602,1.1723738237472534,half
ZrSiPt,half:X=Zr,1.0279608597854475,1.283495307218346,1.1897732636589644,half
ZrSiPt,half:X=Zr,1.0159043778955534,1.2701767523707441,1.186273056464856,half
ZrSiPt,half:X=Zr,1.0042353663594674,1.2634403178859597,1.1754891877876406,half
ZrSiPt,half:X=Zr,0.9928626713890276,1.253755290305146,1.1666874999127639,half
ZrSiPt,half:X=Zr,0.9817733186277472,1.2418121544700964,1.155222119757169,half
ZrSiPt,half:X=Zr,0.9709973655724853,1.2329621846736147,1.1478513587172383,half
ZrSiPt,half:X=Zr,0.9605183427807079,1.2287283231523105,1.1381593988394716,half
ZrSiPt,half:X=Zr,0.9502674680135884,1.2246882695961898,1.1328121841497203,half
ZrSiPt,half:X=Zr,0.940267391446012,1.2069670182438075,1.123080494557235,half
ZrSiPt,half:X=Zr,0.9305415298644344,1.21140352718158,1.1148337665890795,half
ZrSiPt,half:X=Zr,0.9210098014970344,1.2104561581157416,1.110333647223777,half
ZrSiPt,half:X=Zr,0.9116901587538612,1.1985168128549972,1.1023626343178703,half
ZrSiPt,half:X=Zr,0.9026011306665312,1.1886620504146244,1.0915808242350356,half
ZrSiPt,half:X=Zr,0.8936508169859636,1.1875134656345987,1.0925111622132813,half
ZrSiPt,half:X=Zr,0.8849085941626071,1.1769089469041067,1.074864811156118,half
ZrSiPt,half:X=Zr,0.8763910618191876,1.165721743390833,1.0649860537857103,half
ZrSiPt,half:X=Zr,0.8679975103449512,1.1608604488233278,1.0572234556706304,half
ZrSiPt,half:X=Zr,0.8597985474805656,1.1551229604833337,1.041583916052031,half
ZrSiPt,half:X=Zr,0.8517474191332639,1.1490783189854725,1.039728309596937,half
ZrSiPt,half:X=Zr,0.8437931983259126,1.1404674605872314,1.0325943328667646,half
ZrSiPt,half:X=Zr,0.8360708089151417,1.1256051213016671,1.0239978070581524,half
ZrSiPt,half:X=Zr,0.8284020784915931,1.1237957778133056,1.0191013903138044,half
ZrSiPt,half:X=Zr,0.8209235878813175,1.1172377187042404,1.0086107840457772,half
ZrSiPt,half:X=Zr,0.8135809885681919,1.1124683865192342,1.0070470564269485,half
ZrSiPt,half:X=Zr,0.8063835018241675,1.0974847057714707,1.0050564386477248,half
ZrSiPt,half:X=Zr,0.7992716083498727,1.0880158458038527,0.9914962948966968,half
ZrSiPt,half:X=Zr,0.7922515719032642,1.0858520884220295,0.9901914878047702,half
ZrSiPt,half:X=Zr,0.7854010249923875,1.0772808336290718,0.9774485192263285,half
ZrSiPt,half:X=Zr,0.7785853278629623,1.071912300983096,0.973745705329465,half
ZrSiPt,half:X=Zr,0.7719547489639492,1.06325936364004,0.9683136477148224,half
ZrSiPt,half:X=Zr,0.7653704802916484,1.0496018662145796,0.9567280078980015,half
ZrSiPt,half:X=Zr,0.7589118923979735,1.0471951037861968,0.9519373904639059,half
ZrSiPt,half:X=Zr,0.7525861787404092,1.0405431464471193,0.948335023982547,half
ZrSiPt,half:X=Zr,0.746322765089953,1.035357412642834,0.9393479865682808,half
ZrSiPt,half:X=Zr,0.7401257369657306,1.028985699498572,0.9322359467791103,half
ZrSiPt,half:X=Zr,0.7340794072805943,1.020248954039615,0.9240880741401318,half
ZrSiPt,half:X=Zr,0.7280289544205184,1.014361840120186,0.9167653532804523,half
ZrSiPt,half:X=Zr,0.7221401254574156,1.0114787125024731,0.91389238004036,half
ZrSiPt,half:X=Zr,0.7162538258960366,1.0047253106012424,0.9094047994485066,half
ZrSiPt,half:X=Zr,0.710540447933297,1.0007942256689715,0.9056191628100787,half
ZrSiPt,half:X=Zr,0.7048366062114036,0.9941463098787714,0.8972897729813024,half
ZrSiPt,half:X=Zr,0.6992305028834092,0.9890556979798995,0.8898751011297441,half
ZrSiPt,half:X=Zr,0.693726948923647,0.9833020188239414,0.8847656400022827,half
ZrSiPt,half:X=Zr,0.6882417959777118,0.9788736286121631,0.8786290877981109,half
ZrSiPt,half:X=Zr,0.6828667956623246,0.9756205426477759,0.875698988848437,half
ZrSiPt,half:X=Zr,0.6775157047987576,0.9638221445033474,0.8710124293199513,half
ZrSiPt,half:X=Zr,0.6722826247889205,0.9572286297113144,0.8623329078332085,half
ZrSiPt,half:X=Zr,0.6670792054642166,0.9501336346494171,0.8586044116104539,half
ZrSiPt,half:X=Zr,0.6619072927660208,0.9454915383019867,0.8537016687842545,half
ZrSiPt,half:X=Zr,0.6568644915489172,0.9395933807563928,0.8465752813440799,half
ZrSiPt,half:X=Zr,0.6518592692469489,0.9285885416506634,0.8390221797725401,half
ZrSiPt,half:X=Zr,0.6468936241677452,0.9271027157001929,0.835974047385862,half
ZrSiPt,half:X=Zr,0.6419695977020593,0.9215491422823829,0.8303149553095991,half
ZrSiPt,half:X=Zr,0.6370892735303305,0.9175462933362126,0.8263485032790664,half
ZrSiPt,half:X=Zr,0.6323560462390732,0.914073445980538,0.8168168803045764,half
ZrSiPt,half:X=Zr,0.6275706641805431,0.9087313243705044,0.811541778300372,half
ZrSiPt,half:X=Zr,0.6229389692114901,0.9086994355041553,0.8069851167974007,half
ZrSiPt,half:X=Zr,0.6182573448404014,0.907166243009839,0.802480645040818,half
ZrSiPt,half:X=Zr,0.6136304349252405,0.903390056768096,0.7983972200839834,half
ZrSiPt,half:X=Zr,0.6091673743020197,0.8950977938325912,0.7923958472234494,half
ZrSiPt,half:X=Zr,0.604657972047871,0.8837092655005465,0.7887086432636682,half
ZrSiPt,half:X=Zr,0.600210306409328,0.884597330567364,0.7840163158626249,half
ZrSiPt,half:X=Zr,0.5958267770732232,0.8842360866571898,0.7795991881684012,half
ZrSiPt,half:X=Zr,0.5913985512812487,0.8812747052240367,0.7754297573814313,half
ZrSiRu2,full:X2=Ru,1.2462399952079868,1.0720708976707083,1.1860399570392026,full
ZrSnPd,half:X=Zr,1.3447458537251875,1.267117622730343,1.2685993992835902,half
ZrSnPd,half:X=Zr,1.3239324087579938,1.2492092700595405,1.2514771050826825,half
ZrSnPd,half:X=Zr,1.3041888296148432,1.226146997516281,1.2290146917117746,half
ZrSnPd,half:X=Zr,1.2854222741882468,1.2073868004393336,1.210341223935278,half
ZrSnPd,half:X=Zr,1.2675002593932656,1.1713572058652684,1.1900134601843304,half
ZrSnPd,half:X=Zr,1.2503468004408267,1.156423378061929,1.1637852906445243,half
ZrSnPd,half:X=Zr,1.2339347967306846,1.1401018755787327,1.1445363657432166,half
ZrSnPd,half:X=Zr,1.2181414681576779,1.123092048001352,1.1295131438148118,half
ZrSnPd,half:X=Zr,1.2029784607370653,1.1126677608017932,1.1120065913695123,half
ZrSnPd,half:X=Zr,1.1883377790407526,1.0964074443846563,1.097342660653952,half
ZrSnPd,half:X=Zr,1.174205226940147,1.088527651953218,1.0845792344380312,half
ZrSnPd,half:X=Zr,1.1473671077937864,1.088527651953218,1.0845792344380312,half
ZrSnPd,half:X=Zr,1.2922560713564761,1.088527651953218,1.0845792344380312,half
ZrSnPd,half:X=Zr,1.1473671077937864,1.088527651953218,1.0845792344380312,half
ZrSnPd,half:X=Zr,1.2922560713564761,1.088527651953218,1.0845792344380312,half
ZrSnPd,half:X=Zr,1.2250567229344849,1.088527651953218,1.0845792344380312,half
ZrSnPd,half:X=Zr,1.160558562107558,1.0627799224043717,1.0786230263692653,half
ZrSnPd,half:X=Zr,1.1473671077937864,1.0515603696948896,1.065554978741672,half
ZrSnPd,half:X=Zr,1.134559577422625,1.0450653357790962,1.053458040907054,half
ZrSnPd,half:X=Zr,1.122150319440805,1.0299256650768924,1.0400017907549806,half
ZrSnPd,half:X=Zr,1.1101181270103275,1.0214814943170203,1.0290076206081586,half
ZrSnPd,half:X=Zr,1.098401422270077,1.012248349318177,1.0165368557955519,half
ZrSnPd,half:X=Zr,1.08703566480566,1.0015293219346768,1.0071186209047989,half
ZrSnPd,half:X=Zr,1.075948224644035,0.9904289592900026,1.0014615509848412,half
ZrSnPd,half:X=Zr,1.065168751705745,0.9820783998188402,0.9949478319989562,half
ZrSnPd,half:X=Zr,1.0546513504417416,1.028082951522891,0.9859137117868245,half
ZrSnPd,half:X=Zr,1.0443829470735368,1.0206490901945056,0.9764605741638643,half
ZrSnPd,half:X=Zr,1.0343476584468483,1.0148626308583335,0.9676112548200861,half
ZrSnPd,half:X=Zr,1.024567757196038,1.0113813960244615,0.9588648398360506,half
ZrSnPd,half:X=Zr,1.0150242633246251,1.0005837103182247,0.9488538972528855,half
ZrSnPd,half:X=Zr,1.005652315355074,0.9951806555964295,0.9393641665603735,half
ZrSnPd,half:X=Zr,0.9965116721541787,0.9908804287466066,0.9317192901219535,half
ZrSnPd,half:X=Zr,0.9875768947269874,0.9815988853752854,0.92004653605167,half
ZrSnPd,half:X=Zr,0.9787737843301224,0.9725172229165249,0.9148833360495001,half
ZrSnPd,half:X=Zr,0.9702073588068546,0.9688682655835317,0.9035910125496318,half
ZrSnPd,half:X=Zr,0.9618006391916785,0.9880340176022813,0.9063061594695179,half
ZrSnPd,half:X=Zr,0.9717395908877783,0.9880340176022813,0.9063061594695179,half
ZrSnPd,half:X=Zr,0.9717395908877783,0.9880340176022813,0.9063061594695179,half
ZrSnPd,half:X=Zr,0.9535180814449926,0.9593298663912152,0.910915368578946,half
ZrSnPd,half:X=Zr,0.9454193426030633,0.9573107360102596,0.9042732702916512,half
ZrSnPd,half:X=Zr,0.9374677396433775,0.9472836019343929,0.8966736932002175,half
ZrSnPd,half:X=Zr,0.9296743179485879,0.9440906817454697,0.8838235193063849,half
ZrSnPd,half:X=Zr,0.9220504021671738,0.933756026885014,0.8816807451221566,half
ZrSnPd,half:X=Zr,0.9145018228273141,0.9258424871948017,0.8747209359356379,half
ZrSnPd,half:X=Zr,0.9070887450742956,0.9190977665070192,0.8840882781172823,half
ZrSnPd,half:X=Zr,0.8998205024270963,0.9128134683619524,0.8793663667129752,half
ZrSnPd,half:X=Zr,0.8927066378056655,0.901407086055428,0.8688949167908376,half
ZrSnPd,half:X=Zr,0.8856438718357639,0.8980658995315319,0.8672022504538262,half
ZrSnPd,half:X=Zr,0.8787515201730021,0.8980529957668486,0.864970839253954,half
ZrSnPd,half:X=Zr,0.8719230318823734,0.8902859566541311,0.8493553263805947,half
ZrSnPd,half:X=Zr,0.8652816849956105,0.8830106771670208,0.8478845468526254,half
ZrSnPd,half:X=Zr,0.8586574840908079,0.8785139095200284,0.8394568072119601,half
ZrSnPd,half:X=Zr,0.8521749044203032,0.8718743919136542,0.8351379726032122,half
ZrSnPd,half:X=Zr,0.8457799671118893,0.8610345063793069,0.8299495202151309,half
ZrSnPd,half:X=Zr,0.8394780473741984,0.8580192803942417,0.824063174863847,half
ZrSnPd,half:X=Zr,0.8332746392905634,0.8547160463922704,0.8188295627701649,half
ZrSnPd,half:X=Zr,0.8271106874660111,0.8498331996349695,0.8147815680347942,half
ZrSnPd,half:X=Zr,0.8211203237768238,0.8433973842417685,0.8048630402077044,half
ZrSnPd,half:X=Zr,0.8151126581898126,0.8375017508529647,0.7985913542827873,half
ZrSnPd,half:X=Zr,0.8092903011763157,0.8314498396878787,0.7905604514443934,half
ZrSnPd,half:X=Zr,0.8034571156484139,0.820722179832133,0.7841982359255015,half
ZrSnPd,half:X=Zr,0.7977521286507108,0.8168629681441565,0.7803140344952927,half
ZrSnPd,half:X=Zr,0.7921114090871684,0.8078719080670287,0.7777197272692065,half
ZrSnPd,half:X=Zr,0.7865384804978024,0.8041303055588099,0.7738878197081499,half
ZrSnPd,half:X=Zr,0.7810369386211319,0.7974433499704434,0.7654640167351882,half
ZrSnPd,half:X=Zr,0.7756104480063607,0.792561468089424,0.757713637222814,half
ZrSnPd,half:X=Zr,0.7702627381705933,0.7868228999858895,0.7503816500915513,half
ZrSnPd,half:X=Zr,0.7649975992848805,0.7830005975499089,0.743925889486519,half
ZrSnPd,half:X=Zr,0.7597433675977251,0.7745361653454891,0.7408280925843276,half
ZrSnPd,half:X=Zr,0.7545776560447304,0.7726238413974268,0.7360633130840752,half
ZrSnPd,half:X=Zr,0.7495044238761422,0.766387055594814,0.7279094505443702,half
ZrSnPd,half:X=Zr,0.7444494574467985,0.7605457673492764,0.7240292889660865,half
ZrSnPd,half:X=Zr,0.739493230781615,0.7577675659945332,0.7201970968070919,half
ZrSnPd,half:X=Zr,0.7345598215794762,0.7498877070704821,0.7162524381280589,half
ZrSnPd,half:X=Zr,0.7296506683359202,0.7456156047179402,0.7078771788381941,half
ZrSnPd,half:X=Zr,0.7248490876293856,0.7399028948090853,0.7048748683260901,half
ZrSnPd,half:X=Zr,0.7200765727681405,0.7369286983599593,0.7006798002451374,half
ZrSnPd,half:X=Zr,0.7153346837923128,0.7331669093922354,0.6967891766074441,half
ZrSnPd,half:X=Zr,0.7107095657243372,0.7242947372906433,0.6904964897939069,half
ZrSnPd,half:X=Zr,0.7061201097027036,0.7221086427767226,0.6852562601738617,half
ZrSnPd,half:X=Zr,0.7014816356209271,0.7160581733832682,0.680562311039041,half
ZrSnPd,half:X=Zr,0.6969676407440232,0.7117413127445107,0.6759511517097355,half
ZrSnPd,half:X=Zr,0.6924944075030844,0.7062950429112901,0.6719149181792464,half
ZrSnPd,half:X=Zr,0.6880636969463444,0.7013985943626848,0.6655512784414707,half
ZrSnPd,half:X=Zr,0.6837672614253116,0.6965281327953255,0.6629789598199608,half
ZrSnPd,half:X=Zr,0.6794278966121189,0.6913823839464915,0.6584303132735471,half
ZrSnPd,half:X=Zr,0.675136504467994,0.6867467989936781,0.6283970616335814,half
ZrSnPd,half:X=Zr,0.6708949535202102,0.6833913322073799,0.6245325732636081,half
ZrSnPt,half:X=Zr,1.395501124305626,1.3103374732289221,1.3125298052401944,half
ZrSnPt,half:X=Zr,1.3741432107800258,1.2887526367034998,1.295986649716815,half
ZrSnPt,half:X=Zr,1.3538970054181618,1.2685439775087197,1.2729784765503922,half
ZrSnPt,half:X=Zr,1.3346547668832414,1.2494268352673776,1.2545845805730385,half
ZrSnPt,half:X=Zr,1.3163059023458565,1.2305366722126205,1.2350612645127397,half
ZrSnPt,half:X=Zr,1.2987657722618795,1.2135887619839183,1.2178096264281053,half
ZrSnPt,half:X=Zr,1.2819873118936014,1.1963128948868083,1.1985423941776383,half
ZrSnPt,half:X=Zr,1.26585511354737,1.1771647270151355,1.1832208386849707,half
ZrSnPt,half:X=Zr,1.2503712024344784,1.1603294140933236,1.163367248216914,half
ZrSnPt,half:X=Zr,1.2354526912632187,1.1419123350893434,1.1486716934709524,half
ZrSnPt,half:X=Zr,1.221048911692896,1.1352792984520659,1.136568711447095,half
ZrSnPt,half:X=Zr,1.121559844187501,1.1352792984520659,1.136568711447095,half
ZrSnPt,half:X=Zr,1.1587242534505309,1.1352792984520659,1.136568711447095,half
ZrSnPt,half:X=Zr,1.121559844187501,1.1352792984520659,1.136568711447095,half
ZrSnPt,half:X=Zr,1.2397097998993822,1.1352792984520659,1.136568711447095,half
ZrSnPt,half:X=Zr,1.2071494532095428,1.121103574523905,1.1151182303783087,half
ZrSnPt,half:X=Zr,1.1937088323953549,1.1043451520214842,1.1015224779064225,half
ZrSnPt,half:X=Zr,1.1806992012960347,1.094329200940001,1.091747040585263,half
ZrSnPt,half:X=Zr,1.1680553034591392,1.0770256298226268,1.0761099071123081,half
ZrSnPt,half:X=Zr,1.1558216897179667,1.0626588153268923,1.05994132347694,half
ZrSnPt,half:X=Zr,1.1439199383858365,1.0558666648852395,1.0464212669263957,half
ZrSnPt,half:X=Zr,1.1323557617539568,1.0376939755497074,1.0394588507856892,half
ZrSnPt,half:X=Zr,1.121132889998409,1.037079440630568,1.0277425275596515,half
ZrSnPt,half:X=Zr,1.1101518285182717,1.0164249388353268,1.0222565513492792,half
ZrSnPt,half:X=Zr,1.099507993727965,1.0078296052741629,1.0108191258638137,half
ZrSnPt,half:X=Zr,1.0890922558427194,0.9970618764128922,0.9960599178120858,half
ZrSnPt,half:X=Zr,1.0789278336807195,0.9871317744852034,0.9873816206130958,half
ZrSnPt,half:X=Zr,1.0690017170456,0.9852185211994453,0.9767396383499559,half
ZrSnPt,half:X=Zr,1.059336177389288,0.9716137976813488,0.9654711453169601,half
ZrSnPt,half:X=Zr,1.0498380006225834,0.9659766131436582,0.9554314612584855,half
ZrSnPt,half:X=Zr,1.0406023401140732,0.9615951915863852,0.947894467255292,half
ZrSnPt,half:X=Zr,1.0315296458034229,0.9462407200351011,0.9446049444601476,half
ZrSnPt,half:X=Zr,1.0226757619537274,0.9411803699333013,0.939597611427639,half
ZrSnPt,half:X=Zr,1.013974177020916,0.9355218708340298,0.9282251608969261,half
ZrSnPt,half:X=Zr,1.0054379230508221,0.935682588197625,0.9315425478005684,half
ZrSnPt,half:X=Zr,0.9637878273455552,0.935682588197625,0.9315425478005684,half
ZrSnPt,half:X=Zr,0.9637878273455552,0.935682588197625,0.9315425478005684,half
ZrSnPt,half:X=Zr,0.9971241556592045,0.9227890846243408,0.9167598203866465,half
ZrSnPt,half:X=Zr,0.9889155205126867,0.9102723104640601,0.9068729112926285,half
ZrSnPt,half:X=Zr,0.9808665545820792,0.8919891896707177,0.8990439986874199,half
ZrSnPt,half:X=Zr,0.9729892268553488,0.8902061692626789,0.8854611338781133,half
ZrSnPt,half:X=Zr,0.9652487509671208,0.8869496291557223,0.8834616114456337,half
ZrSnPt,half:X=Zr,0.9576551669434912,0.8753439160395644,0.87635231087558,half
ZrSnPt,half:X=Zr,0.9502187666418633,0.8643749936327276,0.867623055603006,half
ZrSnPt,half:X=Zr,0.9428510065543374,0.8606108958340487,0.8629550161451034,half
ZrSnPt,half:X=Zr,0.9356583861006341,0.8532400187421827,0.8524840448267565,half
ZrSnPt,half:X=Zr,0.9285494670016639,0.8464054749809883,0.8511825791332001,half
ZrSnPt,half:X=Zr,0.9215824403934164,0.8369427867783344,0.8492360906241878,half
ZrSnPt,half:X=Zr,0.9147132869736239,0.8279802466498822,0.8349428756942393,half
ZrSnPt,half:X=Zr,0.9079485216122722,0.823689264418398,0.833268955861442,half
ZrSnPt,half:X=Zr,0.9012948171655673,0.8207223503276316,0.8202117841063166,half
ZrSnPt,half:X=Zr,0.8947589943718921,0.8071423346462179,0.8157692185259349,half
ZrSnPt,half:X=Zr,0.8882918453565154,0.8059022298669024,0.8102908257280416,half
ZrSnPt,half:X=Zr,0.8819549713396005,0.7575930207801483,0.8003725451687359,half
ZrSnPt,half:X=Zr,0.8756399370041684,0.7542040808647639,0.7953181819262329,half
ZrSnPt,half:X=Zr,0.8694664100808666,0.752760535675249,0.7917253721746446,half
ZrSnPt,half:X=Zr,0.8633823484407878,0.7414270836910324,0.7830781472867119,half
ZrSnPt,half:X=Zr,0.8573928109209012,0.73180095419836,0.7767587178024672,half
ZrSnPt,half:X=Zr,0.8515029527705447,0.7289675298090933,0.768616893704501,half
ZrSnPt,half:X=Zr,0.8456560599835443,0.722851579650562,0.7622154304400166,half
ZrSnPt,half:X=Zr,0.839917775678681,0.7192869774538303,0.758168467380489,half
ZrSnPt,half:X=Zr,0.8342299028516774,0.712977893738136,0.7531801198682184,half
ZrSnPt,half:X=Zr,0.8285954563717023,0.7096093005829569,0.749410126538894,half
ZrSnPt,half:X=Zr,0.8230827965328037,0.700490235278277,0.7411521925496796,half
ZrSnPt,half:X=Zr,0.8176314671905154,0.693957630726169,0.7334681456367472,half
ZrSnPt,half:X=Zr,0.8121777741587539,0.6908432471871313,0.7279575288308644,half
ZrSnPt,half:X=Zr,0.8068580295188175,0.6854848995271723,0.7220091543478337,half
ZrSnPt,half:X=Zr,0.8016094880273188,0.6825023571808043,0.7187383541245048,half
ZrSnPt,half:X=Zr,0.7964355588101745,0.6757055534104796,0.7187022833655978,half
ZrSnPt,half:X=Zr,0.7912694809102685,0.6688151775375875,0.7112530506176319,half
ZrSnPt,half:X=Zr,0.7861833455676335,0.6660341763995935,0.7072859992023424,half
ZrSnPt,half:X=Zr,0.7811807209372617,0.6601301096545127,0.7016699557460276,half
ZrSnPt,half:X=Zr,0.776192514747072,0.657490697088145,0.6976747831602296,half
ZrSnPt,half:X=Zr,0.7712934426290596,0.6506301071930098,0.6905148229491834,half
ZrSnPt,half:X=Zr,0.7664872062396941,0.6473997050601565,0.6873898093221673,half
ZrSnPt,half:X=Zr,0.7616271845615827,0.6407291592053967,0.6828522396775447,half
ZrSnPt,half:X=Zr,0.7569402360467242,0.6365663888844855,0.679237721959111,half
ZrSnPt,half:X=Zr,0.7522021531765211,0.632427044636235,0.6726486341759765,half
ZrSnPt,half:X=Zr,0.7475671627376249,0.626448495717019,0.6657869790122365,half
ZrSnPt,half:X=Zr,0.7429606702141525,0.6226511300836411,0.66169206086397,half
ZrSnPt,half:X=Zr,0.7384634394619524,0.6182626161881932,0.6570347595641871,half
ZrSnPt,half:X=Zr,0.7339191510123909,0.6124247670566264,0.6530107165555042,half
ZrSnPt,half:X=Zr,0.7294887691795613,0.6033488141184475,0.6469573940083928,half
ZrSnPt,half:X=Zr,0.725094521081469,0.5993472447300355,0.6434263137335018,half
ZrSnPt,half:X=Zr,0.7207379770184252,0.5951250367623109,0.6388799687878841,half
ZrSnPt,half:X=Zr,0.7164207338465549,0.5907820122302601,0.6341830683248122,half
ZrSnPt,half:X=Zr,0.712144414214886,0.5867465960215739,0.6272543272529875,half
ZrTeRu,half:X=Zr,1.3283796034387378,1.110108082017996,1.0725983038213656,half
ZrTeRu,half:X=Zr,1.2823274992385263,1.110108082017996,1.0725983038213656,half
ZrTeRu,half:X=Zr,1.0457140589408676,0.9046890309917577,0.8473748630577279,half
ZrTeRu,half:X=Zr,1.0457140589408676,0.9046890309917577,0.8473748630577279,half
ZrTeRu,half:X=Zr,0.9986951583116558,0.7094828210247387,0.6305747199880457,half
ZrTeRu,half:X=Zr,0.9986951583116558,0.7094828210247387,0.6305747199880457,half
ZrTlAu,half:X=Zr,0.8529676910288184,0.7249974064114094,0.7490982425279699,half
Ac2MgGa,full:X2=Ac,-0.07058107428570728,0.42796073703114723,,full
AgSbSe2,full:X2=Se,-0.3187587626244128,-0.15054509801761906,,full
AlCrCu2,full:X2=Cu,0.5596265763364303,1.1122277174057729,1.2560613472884332,full
AlVNi2,full:X2=Ni,0.782620946950477,1.261210514882977,1.400625140340397,full
Ca2HgPb,full:X2=Ca,0.8195439355418687,-0.23855723586226518,,full
CuNi2Sb,full:X2=Ni,0.3919384738200026,0.5962248235565173,0.9111189158749624,full
CuNi2Sn,full:X2=Ni,0.20462726794451994,0.43048966615828355,0.9789118482507211,full
CuSnRh2,full:X2=Rh,0.6869292744940003,0.6983874073016162,0.73279495210369,full
DyInAg2,full:X2=Ag,0.0321632783301646,0.07117067857205495,0.14966595963231777,full
DyInAu2,full:X2=Au,0.029627239047412813,-0.03405202616842817,-0.04172328093048783,full
DyInCu2,full:X2=Cu,0.5451747045172118,0.3600672978606574,0.3251558402826393,full
DyInPd2,full:X2=Pd,0.36637999263593096,0.3336805926113251,0.4999458855822981,full
ErInAg2,full:X2=Ag,-0.04328952024708948,0.08235152940788237,0.2416280131297177,full
ErInAu2,full:X2=Au,-0.05652329152201182,0.1174027162592276,0.0015812986778550586,full
ErInCu2,full:X2=Cu,0.534664379851042,0.5163380148338399,0.379109052373838,full
ErSnPd2,full:X2=Pd,0.2971518537232846,0.5786897860374692,0.5630149308643171,full
FeSiRu2,full:X2=Ru,1.242742627984174,1.4989544740941192,1.3942731192119195,full
FeSnRu2,full:X2=Ru,0.7961800979940371,0.8958238021495637,0.9085762690700204,full
GaFeCo2,full:X2=Co,1.3020103937600533,1.1255661088185358,1.0231862876895144,full
GaFeNi2,full:X2=Ni,0.5802576331044749,1.1820471242091979,1.3921983392985717,full
HfAlAu2,full:X2=Au,0.1108354043317475,0.42348893136068133,0.4465692071490093,full
HfAlCo2,full:X2=Co,1.7898295141818747,0.9881648061649518,0.9421653590582126,full
HfAlCu2,full:X2=Cu,0.7869465269782696,0.9740534930726469,0.9446998186056721,full
HfAlNi2,full:X2=Ni,0.552466228296271,1.069245812409375,1.0784892978031648,full
HfAlPd2,full:X2=Pd,-0.14766032078430244,0.7820179306790345,0.9528304626695886,full
HfCo2Sn,full:X2=Co,0.9201687369212499,0.8501919035530779,1.017081978887994,full
HfCuHg2,full:X2=Hg,-0.19517523702391815,0.27022836667116934,,full
HfGaCo2,full:X2=Co,1.2582660345403478,0.9926432959304706,0.9640290461684579,full
HfGaNi2,full:X2=Ni,-0.14497599202813247,1.0110229610119317,1.0388868511245168,full
HfInAu2,full:X2=Au,0.15915495925498074,0.5979865979316539,0.5995773992224253,full
HfInCu2,full:X2=Cu,0.6801613980560731,0.7695651723482332,0.7467652306384691,full
HfInNi2,full:X2=Ni,0.7045065609918207,0.7476381918762804,0.9312986604562552,full
HfNi2Sn,full:X2=Ni,0.7108650959496506,0.8597389419201209,1.0004784474283737,full
HoInAg2,full:X2=Ag,-0.0019487018267319391,0.06129917234688487,0.2040910243377132,full
HoInAu2,full:X2=Au,-0.014620685582486548,0.036645056757124816,-0.04126974976897679,full
HoInCu2,full:X2=Cu,0.5388576414308257,0.502460666925718,0.38328325508966543,full
HoSnPd2,full:X2=Pd,0.2844668295481497,0.5883992990340422,0.5642545629286779,full
InFeCo2,full:X2=Co,0.9614092279348909,0.7985031463796577,0.5186546087358481,full
LaInAg2,full:X2=Ag,-0.019187003688239074,-0.20764085827196954,-0.013380232547012927,full
LiAg2Ge,full:X2=Ag,0.07635276027705645,0.30858287493126296,0.3672901723472874,full
LiAg2Sn,full:X2=Ag,-0.08237372401052326,0.31620369686524846,0.36255729057815544,full
LiAl2Ir,full:X2=Al,0.9367323426618525,0.8598334185704127,0.7133346986210305,full
LiAl2Pt,full:X2=Al,0.8954838733726196,0.6956336805088964,0.7129236722288872,full
LiAl2Rh,full:X2=Al,0.9732812156330951,0.8688981854288141,0.776288455365894,full
LiCu2Ge,full:X2=Cu,0.3382632094774483,0.8131757782046204,0.7946738850870096,full
LiCu2Si,full:X2=Cu,0.6632541542674517,0.6856817491653876,0.7431240427253103,full
LiGeRh2,full:X2=Rh,0.9848889997538391,0.915640551069948,0.8275286805938413,full
LiIn2Ir,full:X2=In,0.48202559631328235,0.16266368297617106,0.3308867053264916,full
LiIn2Pd,full:X2=In,0.2145577550308403,0.2632515396397963,0.369363340393904,full
LiIn2Rh,full:X2=In,0.40625225847499263,0.39062383956696717,0.36976276149557696,full
LiInAg2,full:X2=Ag,-0.20302347161240553,0.34637596355317224,0.21250469851822396,full
LiMg2Ga,full:X2=Mg,0.2886180626716794,0.5342105171720566,,full
LiNi2Ge,full:X2=Ni,0.7941400534290319,0.6575258529580329,0.8357460823291978,full
LiPd2Pb,full:X2=Pd,-0.24195150134220977,0.24999247742722375,0.35841386585782065,full
LiSnPd2,full:X2=Pd,0.09696559914430318,0.43788006260387297,0.5680041295320771,full
LuInCu2,full:X2=Cu,0.5804356914133687,0.4597958284093982,0.39879277815791053,full
MgInAg2,full:X2=Ag,-0.03061810560615889,0.315881270548318,0.43760814019928646,full
MgNi2Sb,full:X2=Ni,0.5591917841428908,1.0683257177073566,1.1244612319950087,full
MgNi2Sn,full:X2=Ni,0.6345719783513946,0.7189329983841215,1.0444920468279506,full
Mn2SnW,full:X2=Mn,1.181603516757939,0.807511327307138,,full
MnAlAu2,full:X2=Au,0.13975948159755608,0.569768782890392,0.6954811619374701,full
MnAlNi2,full:X2=Ni,1.0180635657830364,1.4458448464943525,1.4246677545532134,full
MnAlPd2,full:X2=Pd,0.41940551390467246,1.100266605710003,1.149537117359202,full
MnAlRh2,full:X2=Rh,1.0389180660303696,1.1375997583811541,1.0816093863952396,full
MnAsPd2,full:X2=Pd,0.1276651303578998,0.8844514518641308,1.026683774220901,full
MnCo2Ge,full:X2=Co,1.1658998740451956,1.1885957103694564,1.2499128886468862,full
MnCo2Sn,full:X2=Co,0.6160047293597146,1.1001259255021265,0.9544206380604825,full
MnGaCo2,full:X2=Co,0.6297275575132687,1.2344323139056883,1.2421782872796632,full
MnGaNi2,full:X2=Ni,1.0265536918171978,1.1275046493676464,1.289015414429433,full
MnGePd2,full:X2=Pd,0.25295734617561894,1.139472887760083,1.1501649706622588,full
MnGeRh2,full:X2=Rh,0.5926607648129806,0.9746989194798834,0.8980330827903069,full
MnInCu2,full:X2=Cu,0.3745503945576312,0.8870677977696033,0.6364531134031388,full
MnInPd2,full:X2=Pd,0.324356546614009,0.6567469780803672,0.6288988517854845,full
MnNi2Ge,full:X2=Ni,0.09896543441637193,1.1461612232024536,1.261916029035247,full
MnNi2Sb,full:X2=Ni,0.3924225753531592,1.0041026014818932,1.1289319107911795,full
MnRh2Pb,full:X2=Rh,0.5489235113667499,0.539190351757157,0.4131803898398598,full
MnSbPd2,full:X2=Pd,0.28148561651948706,0.6442359655205434,0.5772929109446301,full
MnSnPd2,full:X2=Pd,0.31314560802598135,0.5883600427274758,0.5794280287946844,full
MnSnRh2,full:X2=Rh,0.7282669144377999,0.6549759282092822,0.7175114011088618,full
NbAlCo2,full:X2=Co,1.3634916392085012,1.0476126221118998,1.3941087653140942,full
NbCo2Sn,full:X2=Co,0.6376988209835068,0.928204323183059,1.017799516210878,full
NbGaNi2,full:X2=Ni,0.8216654721383421,1.224809267127053,1.1873998116509137,full
ScAlAg2,full:X2=Ag,0.23945714821095174,0.41019658313068463,0.703570350819469,full
ScAlAu2,full:X2=Au,-0.04414347034619254,0.4593701219260402,0.6114920805348306,full
ScAlCu2,full:X2=Cu,0.7654524711664393,0.7463071673528372,1.0600584163466626,full
ScCo2Sn,full:X2=Co,0.6445390269169126,0.9110173271769989,0.9854438745652194,full
ScGaCu2,full:X2=Cu,0.44187729692565325,0.8543179767514106,1.0685067639428878,full
ScGaPd2,full:X2=Pd,0.3869392791748266,0.9440655036938568,0.9708776624484151,full
ScInAg2,full:X2=Ag,-0.03142459859132407,0.3359912273818699,0.3700543236294997,full
ScInCu2,full:X2=Cu,0.5464402467381886,0.42315176200417326,0.46016801839673627,full
ScInNi2,full:X2=Ni,0.7922466669685424,0.7144563379797443,0.7673141357735085,full
ScInPd2,full:X2=Pd,0.5719253429072798,0.3689344111634351,0.5404902991912436,full
ScInPt2,full:X2=Pt,0.44364155850078313,0.4678391289547829,0.640011716433867,full
ScNi2Sn,full:X2=Ni,0.7708188862234712,0.8030882593663996,0.9318637595414795,full
ScSnPd2,full:X2=Pd,0.46557021207118987,0.5953647771700192,0.5158280618576259,full
ScSnPt2,full:X2=Pt,0.16957157812567772,0.5705102989715602,0.7836843022018865,full
TaAlCo2,full:X2=Co,1.1341643527791354,1.1746551422088958,1.19624314725128,full
TaGaCo2,full:X2=Co,1.0499231784192733,1.103122020760099,1.0829116438189863,full
TaGaNi2,full:X2=Ni,0.7081318408991584,1.1361370179663162,1.1022259775008694,full
TbInAg2,full:X2=Ag,0.08489428665226086,-0.03946460843772881,0.22875557882680142,full
TbInAu2,full:X2=Au,0.07053286492254683,0.0750679683252663,0.07494400574254967,full
TbSnPd2,full:X2=Pd,0.0018072425023033074,0.3514494004804442,0.5606227577486996,full
ThInAu2,full:X2=Au,-0.2254771950571674,-0.17687221661287644,-0.18807439632448952,full
Ti2AlCu,full:X2=Ti,0.796704740726252,1.079686108358637,1.211230442496285,full
Ti2MnAl,full:X2=Ti,0.6415722618634583,1.1733427263295138,1.2825710924400155,full
Ti2MnGa,full:X2=Ti,0.39505367188763885,0.6412224897556282,1.2365152889012452,full
Ti2MnIn,full:X2=Ti,-0.034442727749021615,0.7223353561523126,0.7496660778645093,full
TiAlAu2,full:X2=Au,0.07491878755336376,0.5265660532313758,0.7123994587175909,full
TiAlCo2,full:X2=Co,2.32941211829096,1.4415969091533851,1.4999948249794106,full
TiAlCu2,full:X2=Cu,0.8637444564984482,1.335378378390606,1.366301392639767,full
TiCo2Si,full:X2=Co,0.7986540976929302,1.64281179605852,1.6829195298094037,full
TiCo2Sn,full:X2=Co,0.5647086632563917,0.9361151258778295,1.05878571727865,full
TiGaCo2,full:X2=Co,1.5025227088782838,1.3696170950843078,1.417186051218806,full
TiInAu2,full:X2=Au,-0.11449121277662762,0.48966817290535547,0.28627905785979324,full
TiInCu2,full:X2=Cu,0.6114333276154397,0.6020357541826966,0.6434480439312772,full
TiInNi2,full:X2=Ni,0.9447698037892229,0.8173239878577279,0.8082329121451408,full
TiNi2Sb,full:X2=Ni,0.5793387885025816,1.0021336043503877,1.1872982218586032,full
TiNi2Sn,full:X2=Ni,0.686359161761017,0.8748265328448634,1.16432299345765,full
TiSbRu2,full:X2=Ru,0.09184977994395509,0.9112877831603958,1.0066388364227707,full
TiSbRu2,full:X2=Ru,0.1286673886297598,0.8877565230269814,1.0042862279223927,full
TiSbRu2,full:X2=Ru,0.12942562674307997,0.8664908685153743,0.9375051096456808,full
TiSbRu2,full:X2=Ru,0.14057717269227404,0.8191445809056189,0.9010801825937144,full
TiSbRu2,full:X2=Ru,0.1558338240687562,0.8164738909893752,0.8573808669577515,full
TiSbRu2,full:X2=Ru,0.1599069168110122,0.7872044888223125,0.8438482770586494,full
TiSbRu2,full:X2=Ru,0.17564515434797262,0.7508769900597249,0.8097221805073508,full
TiSbRu2,full:X2=Ru,0.1792615901105739,0.7421630146217163,0.7804341704059727,full
TiSbRu2,full:X2=Ru,0.19174156478140852,0.7148930949816658,0.7621010975589927,full
TiSbRu2,full:X2=Ru,0.20677731865483856,0.7312844863090233,0.7327311224323816,full
TiSbRu2,full:X2=Ru,0.21636122487120224,0.7188137911800799,0.7090120406665392,full
TiSbRu2,full:X2=Ru,0.2346412776379882,0.6988508650400489,0.6869393348087143,full
TiSbRu2,full:X2=Ru,0.2551687445829624,0.6781288852389966,0.6547726045871205,full
TiSbRu2,full:X2=Ru,0.27238703503282813,0.6854160709996534,0.6554563157459079,full
TiSnRu2,full:X2=Ru,1.4800069429571505,1.06416130246643,1.1826599417544423,full
UInAu2,full:X2=Au,-0.1770471065749545,-0.1601602613874452,0.12108344686928207,full
USnAu2,full:X2=Au,-0.19244332539364017,0.03140926042171854,0.19848137828700851,full
VCo2Si,full:X2=Co,0.919266943246984,1.2072769558095027,1.6929180680799953,full
VGaNi2,full:X2=Ni,0.7501688490576591,1.4390297620895587,1.3182695066232992,full
YInAg2,full:X2=Ag,0.062194518521781664,0.14493621364954135,0.15895256439595717,full
YInAu2,full:X2=Au,0.02168535221570552,0.0045516682240673845,0.009168477013602794,full
YInCu2,full:X2=Cu,0.5307745336021858,0.4334172700955935,0.25757999487026917,full
YSnPd2,full:X2=Pd,0.2059780398771672,0.3971828214618802,0.4687815401792048,full
YbNi2Sn,full:X2=Ni,0.2105833506698177,0.7145110079427985,0.7649021360023199,full
Zn2AgAu,full:X2=Zn,0.036932156924904,0.5642530357702804,,full
Zn2AgAu,full:X2=Zn,0.036932156924904,0.5642530357702804,,full
ZnCo2Ge,full:X2=Co,1.0262676222318734,0.9399055934880809,0.9724028030902124,full
ZnCo2Ge,full:X2=Co,1.0262676222318734,0.9399055934880809,0.9724028030902124,full
ZnNi2Ge,full:X2=Ni,0.45515713497146576,1.0987223337105916,1.223216067672376,full
ZnNi2Ge,full:X2=Ni,0.45515713497146576,1.0987223337105916,1.223216067672376,full
Zr2TiAl,full:X2=Zr,0.8788387836968566,1.0881860050385892,,full
ZrAlCu2,full:X2=Cu,0.8103131844006474,1.0109473920834648,1.128777695686065,full
ZrCdCu2,full:X2=Cu,0.6913007952598558,0.6486175975179322,0.6047027202133242,full
ZrCo2Sn,full:X2=Co,0.9672333731895311,1.018768921655135,1.100948936229357,full
ZrCuHg2,full:X2=Hg,0.007722180322103332,0.6641046437663897,,full
ZrInAu2,full:X2=Au,0.20895972786255299,0.7425082027805824,0.744824764076811,full
ZrInCu2,full:X2=Cu,0.7416903886840892,0.829382275243197,0.9411681225586572,full
ZrInNi2,full:X2=Ni,0.6365520829420989,0.7259662782553619,0.8666424060645769,full
ZrInPt2,full:X2=Pt,0.07324164761199857,0.8420096349034051,0.8830654279355988,full
ZrNi2Sn,full:X2=Ni,0.6981945310522786,0.9620185183065488,1.0856381872066543,full
ZrZnCu2,full:X2=Cu,0.60615663483076,0.8750637501000148,0.8359955766486209,full
ZrZnCu2,full:X2=Cu,0.60615663483076,0.8750637501000148,0.8359955766486209,full
