reduced_formula,spacegroup_number
Ac(AgGe)2,139
Ac(BRu)2,139
Ac(GeRu)2,139
Ac(InAg)2,139
Ac(InAu)2,139
Ac(SiPd)2,139
Ac(ZnGe)2,139
Ac2AgIr,225
Ac2AgPb,225
Ac2AgPd,225
Ac2AlRu,225
Ac2CuGe,225
Ac2CuIr,225
Ac2CuSi,225
Ac2CuSn,225
Ac2GaCu,225
Ac2GaRu,225
Ac2GaSi,225
Ac2GePd,225
Ac2GeRu,225
Ac2HfFe,225
Ac2HfGe,225
Ac2HgGe,225
Ac2InGa,225
Ac2IrPd,225
Ac2MgGa,225
Ac2MgSn,225
Ac2MgTl,225
Ac2NiIr,225
Ac2SiPd,225
Ac2TaFe,225
Ac2ZnGa,225
Ac2ZnGe,225
Ac2ZnIn,225
Ac2ZnSi,225
Ac3Hf4Fe,221
Ac3In,194
Ac3Sc,194
AcAg,221
AcAg2Pd,225
AcAg2Sn,225
AcAgAu2,225
AcAgGe,216
AcAgHg,216
AcAgHg2,225
AcAgPb,216
AcAgPd,216
AcAgPd2,225
AcAl2Ru,225
AcAlRu,216
AcAlRu2,225
AcBiAu2,225
AcCdAg2,225
AcCdGa,216
AcCdHg2,225
AcCdNi,216
AcCdRh2,225
AcCu3,194
AcErMg2,225
AcGa2Ru,225
AcGaRu,216
AcGaRu2,225
AcGe2Ru,225
AcGeRu,216
AcGeRu2,225
AcHf2Fe,225
AcHf2Ge,225
AcHfFe,216
AcHfFe2,225
AcHfGe,216
AcHfGe2,225
AcHfPt,216
AcHfSc,216
AcHgAu2,225
AcHgRh2,225
AcIn,123
AcInAg,216
AcInAu2,225
AcInHg2,225
AcInPd,216
AcInPt,216
AcInTe2,225
AcLaEr2,225
AcLuZn2,225
AcMg2Cd,225
AcMgCd2,225
AcMgHg2,225
AcMgIn,216
AcMgNi,216
AcMgTl2,225
AcNbPt,216
AcNiAs,216
AcNiP,216
AcNiSb,216
AcOF,216
AcPbAu2,225
AcPmGe,216
AcPmSi2,225
AcPmTm2,225
AcRhPb,216
AcRuPt,216
AcSbAu2,225
AcSbPd,216
AcScIn,216
AcScNb,216
AcScRu,216
AcScTa,216
AcScZn,216
AcTa2Fe,225
AcTaFe,216
AcTaFe2,225
AcTaPt,216
AcTlAg,216
AcTlAg2,225
AcTlAu2,225
AcTlHg2,225
AcTlPd,216
AcTlTe2,225
AcYMg2,225
AcYb2Y,225
AcYbCd2,225
AcYbGa,216
AcYbGa2,225
AcYbHg2,225
AcYbMg2,225
AcYbRh,216
AcYbRh2,225
AcYbZn2,225
AcZn,221
AcZn2Ga,225
AcZn2In,225
AcZnAu2,225
AcZnGa,216
AcZnGa2,225
AcZnPt,216
Ag,194
Ag(BPd)2,139
Ag(BiPd)2,139
Ag(PdAu)2,139
Ag2Au,47
Ag2Au,191
Ag2GeRu,216
Ag2GeRu,225
Ag2HgI4,111
Ag2MoO4,227
Ag2O,224
Ag2PdAu,71
Ag2S,19
Ag3AsO4,218
Ag3Ge,187
Ag3Ge,221
Ag3Ge,225
Ag3Hg,221
Ag3P,139
Ag3P11,8
Ag3PO4,218
Ag3PS4,31
Ag3Pd,139
Ag3Pd,194
Ag3Pd13Pb6,152
Ag3Pt,221
Ag3Rh,221
Ag3Sb,25
Ag3Sn,59
Ag3SnP7,11
Ag5(PbO3)2,162
Ag5SbS4,36
AgAs2Pd,216
AgAs2Pd,225
AgAsPd,216
AgAsPd2,216
AgAsPd2,225
AgAsRu2,216
AgAsS,62
AgAu,166
AgAu2,191
AgAuF4,140
AgB2,47
AgB2,191
AgB2Pd,216
AgB2Pd,225
AgBPd,216
AgBPd2,216
AgBPd2,225
AgBi2Pd,216
AgBi2Pd,225
AgBiAu,216
AgBiPd,216
AgBiPd2,216
AgBiPd2,225
AgBr,11
AgBr,225
AgC,225
AgCl,11
AgCl,225
AgF,225
AgGe2Ru,216
AgGe2Ru,225
AgGeRu,216
AgGeRu2,216
AgGeRu2,225
AgHg,198
AgHg3,221
AgHgPd2,225
AgI,11
AgI,129
AgI,186
AgI,216
AgI,225
AgN,225
AgP,63
AgP,187
AgP2,14
AgPPd5,123
AgPPt5,123
AgPd,166
AgPd,187
AgPd2Au,71
AgPd2Au,160
AgPd2Au,216
AgPd2Au,225
AgPd2Pb,71
AgPd3Se,205
AgPdAu,216
AgPdAu2,123
AgPdAu2,216
AgPdAu2,225
AgPt3,221
AgRuPt,216
AgSbO3,227
AgSbPd2,71
AgSn,166
AgSnBi,216
AgSnHg,216
AgSnPd2,71
AgSnRh2,71
AgSnSb,216
Al(BRu)2,139
Al(CuRe)2,127
Al10V,227
Al12Mo,204
Al12Re,204
Al12Ru,215
Al12W,204
Al13Ru4,12
Al1V0.9Fe2W0.1,225
Al2(Zn13Pd3)3,216
Al2AgPd,216
Al2AgPd,225
Al2AgRu,216
Al2AgRu,225
Al2AsPt,225
Al2Au,225
Al2B2Ru3,65
Al2CdO4,227
Al2CdSe4,227
Al2CdTe4,82
Al2CoCu,225
Al2CoIr,225
Al2CoO4,227
Al2CoOs,225
Al2CoRh,225
Al2CoRu,123
Al2CoRu,225
Al2Cu,123
Al2Cu,140
Al2Cu,225
Al2CuAu,225
Al2CuOs,123
Al2CuPd,225
Al2CuTc,71
Al2Fe3Si4,63
Al2FeAg,123
Al2FeCo,225
Al2FeIr,225
Al2FeNi,225
Al2FePd,123
Al2FeRh,225
Al2Ga,139
Al2GaRu,216
Al2GaRu,225
Al2GaTc,123
Al2GeRu,216
Al2GeRu,225
Al2HgS4,82
Al2HgS4,227
Al2HgSe4,227
Al2HgTe4,82
Al2InGe2,139
Al2IrOs,225
Al2IrRh,225
Al2IrRu,225
Al2Mo,71
Al2Mo3C,213
Al2NiOs,225
Al2NiRh,225
Al2NiRu,123
Al2NiRu,225
Al2O3,60
Al2O3,167
Al2Os,139
Al2OsRh,225
Al2OsRu,71
Al2OsRu,123
Al2OsRu,225
Al2PbO4,40
Al2PbS4,66
Al2Pd,225
Al2PdRh,123
Al2PdRu,123
Al2PdRu,225
Al2Pt,225
Al2Re3B,227
Al2Ru,70
Al2Ru,139
Al2RuAu,123
Al2RuPt,123
Al2RuPt,225
Al2RuRh,123
Al2RuRh,225
Al2SiO5,58
Al2SiO5,63
Al2TcPd,123
Al2TcPd,225
Al2TlGa2,139
Al2VCo,225
Al2VCu,123
Al2VPt,225
Al2VRu,225
Al2W,181
Al2Zn,139
Al2Zn,164
Al2Zn2Ga,139
Al2ZnGa,216
Al2ZnGa,225
Al2ZnGa2,139
Al2ZnNi3,123
Al2ZnO4,227
Al2ZnS4,227
Al2ZnSe4,227
Al2ZnTe4,82
Al3(BRu2)2,123
Al3(Ni10B3)2,225
Al3Ag,221
Al3Co2Cu,123
Al3Co2Pd,123
Al3Cu,123
Al3Cu,221
Al3Cu2,164
Al3Ga,221
Al3Ga5Ru8,221
Al3Ir,194
Al3Ir,223
Al3Mo,12
Al3Ni,62
Al3Ni2,164
Al3NiRu2,123
Al3Os2,139
Al3Pd,221
Al3Pd2,164
Al3Pd5,55
Al3Pt5,55
Al3Ru,194
Al3Ru2,139
Al3Ru2,164
Al3V,139
Al3V,221
Al3V5,119
Al3VNi2,123
Al3Zn,221
Al3ZnCr8,123
Al3ZnNi12,123
Al4CO4,36
Al4Cu9,215
Al4GaRu5,123
Al4Ni3,230
Al4SiC4,186
Al5C3N,186
Al5C3N,194
Al5W,182
Al6Re,63
Al6Ru,63
Al6Tc,63
Al7Ag,123
Al7Cu2Ru,128
Al8Mo3,12
AlAg,187
AlAg2Ru,216
AlAg2Ru,225
AlAgB,216
AlAgO2,33
AlAgO2,194
AlAgPd,216
AlAgPd2,216
AlAgPd2,225
AlAgRu,216
AlAgRu2,216
AlAgRu2,225
AlAgS2,156
AlAgSe2,122
AlAgTe2,122
AlAs,186
AlAs,216
AlAs2Ru,216
AlAs2Ru,225
AlAsRu,216
AlAsRu2,225
AlAu2,62
AlAu2,139
AlAuO2,194
AlB2Pb,216
AlB2Ru,216
AlB2Ru,225
AlBMo,63
AlBRu2,225
AlBi,216
AlBi2Ru,216
AlBi2Ru,225
AlBiO3,221
AlBiRu,216
AlBiRu2,225
AlCd2Ru,216
AlCd2Ru,225
AlCdRu,216
AlCdRu2,216
AlCdRu2,225
AlCdSn,216
AlCo2Mo,123
AlCo2Ru,216
AlCo2Ru,225
AlCo2W,123
AlCoIr2,225
AlCoMo,216
AlCoRu,216
AlCoRu2,216
AlCoRu2,225
AlCoSiRu,216
AlCoW,216
AlCr2,139
AlCr2Mo,225
AlCr2Ru,216
AlCr2Ru,225
AlCr2W,225
AlCrCo,216
AlCrCo2,225
AlCrCu2,225
AlCrFe2,225
AlCrIr,216
AlCrNi2,225
AlCrRh,216
AlCrRu,216
AlCrRu2,123
AlCrRu2,216
AlCrRu2,225
AlCu,221
AlCu2Ru,216
AlCu2Ru,225
AlCu3,123
AlCu3,221
AlCu3,225
AlCuAu2,225
AlCuCl4,112
AlCuNi6,123
AlCuNiPt,216
AlCuO2,194
AlCuPd2,123
AlCuPd2,225
AlCuPdRh,216
AlCuPt2,123
AlCuPtRh,216
AlCuRh2,71
AlCuRh2,123
AlCuRh2,225
AlCuRu,216
AlCuRu2,216
AlCuRu2,225
AlF3,221
AlFe2Mo,225
AlFe2Ni,225
AlFe2Ru,216
AlFe2Ru,225
AlFe2Si,225
AlFe2W,225
AlFeCo2,225
AlFeNi2,225
AlFeRh2,225
AlFeRu,216
AlFeRu2,71
AlFeRu2,216
AlFeRu2,225
AlGa,221
AlGa2Ru,216
AlGa2Ru,225
AlGa3,139
AlGaAg,216
AlGaAu,216
AlGaCo2,225
AlGaIr,216
AlGaIr2,225
AlGaNi2,71
AlGaNi6,123
AlGaPd2,71
AlGaRu,216
AlGaRu2,71
AlGaRu2,123
AlGaRu2,225
AlGaRuPt,216
AlGe2Ru,216
AlGe2Ru,225
AlGeRu,216
AlGeRu2,123
AlGeRu2,225
AlH3,227
AlInAg,216
AlInB,216
AlInPt,216
AlInSb2,115
AlInSb2,160
AlIr,221
AlIrRu,187
AlIrRu2,99
AlIrW,216
AlMo2,139
AlMo3,223
AlMoRh2,123
AlN,186
AlN,194
AlN,216
AlN,225
AlNi,221
AlNi3,221
AlNi6Pd,123
AlNiAs,216
AlNiSn,216
AlOs,221
AlP,186
AlP,216
AlPO4,186
AlPd,198
AlPd,221
AlPd2,62
AlPd2,139
AlPd5,62
AlPt,198
AlPt,221
AlPt2,62
AlPt3,127
AlPt3,221
AlRe,221
AlRe2,139
AlReGe,107
AlReSi,107
AlReTc2,71
AlRh,221
AlRhW,216
AlRu,221
AlRu2,139
AlRu2Au,216
AlRu2Au,225
AlRu2W,71
AlRu3,139
AlRuAu,216
AlRuAu2,216
AlRuAu2,225
AlRuPt,216
AlSb,205
AlSb,216
AlSiMo,153
AlSiNi,216
AlSiOs2,225
AlSiOsRu,216
AlSiRu,187
AlSiRu2,123
AlSiRu2,225
AlSiW,107
AlSnRu2,71
AlTc2,139
AlTc2Mo,71
AlTc2Pb,216
AlTcMo,107
AlTcMoOs,216
AlTcMoRu,216
AlTlSe2,140
AlV2C,194
AlV2Cr,225
AlV2Cu,123
AlV2Fe,216
AlV2Mo,225
AlV2Pt,216
AlV2Ru,216
AlV2W,71
AlV2W,123
AlV2Zn,123
AlV3,65
AlV3,223
AlV3,225
AlV3Cr2,123
AlV4C3,194
AlV4N3,194
AlVCo2,225
AlVCr2,71
AlVCr2,225
AlVFe2,123
AlVFe2,225
AlVFeCo,216
AlVFeOs,216
AlVMo,107
AlVNi,216
AlVNi2,123
AlVNi2,225
AlVOs2,123
AlVOs2,225
AlVOsRu,216
AlVPt,216
AlVPt2,99
AlVRu,107
AlVRu,187
AlVRu2,225
AlVTcOs,216
AlVZn2,123
AlW,129
AlZn2Ga,225
AlZnAg,44
AlZnAg2,225
AlZnAu2,71
AlZnCo2,71
AlZnCo2,123
AlZnCo2,225
AlZnCu2,71
AlZnCu2,225
AlZnGa,216
AlZnGa2,216
AlZnGa2,225
AlZnIr2,225
AlZnNi2,71
AlZnNi2,123
AlZnNi2,225
AlZnPd2,71
AlZnPd2,123
AlZnPt,216
AlZnPtRh,216
AlZnRh2,123
AlZnRh2,225
As2Pd,205
As2Pt,205
As2Ru,58
As2W,12
As3W,194
As3W2,12
AsIr2Rh,216
AsIrOs2,216
AsIrPt2,216
AsIrW2,216
AsOs2W,216
AsOsAu,216
AsOsW2,216
AsP2Ir,216
AsP2Pd,216
AsP2W,216
AsPAu,216
AsPPd,216
AsPPd2,216
AsPd,221
AsPd2,36
AsPd2Pt,216
AsPd2Rh,216
AsPd2W,216
AsPdAu,216
AsPdRh,187
AsPdRh2,216
AsPdSe,198
AsPt2W,216
AsRhW2,216
AsRu,62
AsRu2Au,216
AsRuAu,216
AsRuPt,216
B12W,225
B2Mo,166
B2Mo,191
B2Mo2Ir,58
B2Mo2Os,58
B2Mo2Ru,58
B2Mo3,127
B2MoRu,26
B2Pd5,15
B2Ru,59
B2W,191
B2W,194
B3Mo,166
B3Ru2,194
B4MoIr,187
BAsPb,216
BIrW,216
BMo,63
BMo,141
BMo2,140
BMo2C,63
BMoIr,216
BMoRh,216
BPd2,58
BPd3,62
BPt,194
BRhW,216
BRu3,44
BRuPt,216
BSb,216
BW,63
BW,141
BW2,140
Ba(AgSb)2,139
Ba(AgSn)2,139
Ba(AgTe)2,62
Ba(AlGe)2,62
Ba(AlSi)2,62
Ba(AlSi)2,139
Ba(AsPd)2,123
Ba(AsPd)2,139
Ba(AsRu)2,139
Ba(CaAg)2,139
Ba(CaZn)2,139
Ba(CdGe)2,139
Ba(Cu2P)4,87
Ba(CuAs)2,139
Ba(CuS)2,62
Ba(CuS)2,139
Ba(CuSb)2,129
Ba(CuSe)2,139
Ba(CuSi)2,139
Ba(CuTe)2,62
Ba(GaPb)2,139
Ba(GaSb)2,139
Ba(GaSe2)2,66
Ba(GaSi)2,139
Ba(GaSn)2,139
Ba(Ge3Pt)4,204
Ba(GeAs)2,105
Ba(GeP)2,105
Ba(GeRu)2,70
Ba(GeRu)2,139
Ba(HgPd)2,139
Ba(InBi)2,139
Ba(InPd)2,139
Ba(InSn)2,139
Ba(LiIn)2,139
Ba(LiPd)2,139
Ba(MgIn)2,139
Ba(MgSi)2,139
Ba(MoSe)3,176
Ba(P2Pd)2,139
Ba(PPd)2,123
Ba(PRu)2,139
Ba(Sb3Os)4,204
Ba(Sb3Ru)4,204
Ba(SbPd)2,129
Ba(SbPd)2,139
Ba(SbRu)2,139
Ba(ScGe)2,139
Ba(ScSb)2,139
Ba(ScSi)2,139
Ba(SrAg)2,139
Ba(TeMo)3,176
Ba(TlPd)2,139
Ba(VP)2,139
Ba(ZnAs)2,62
Ba(ZnAs)2,139
Ba(ZnGa)2,139
Ba(ZnGe)2,139
Ba(ZnP)2,139
Ba(ZnSb)2,62
Ba(ZnSi)2,139
Ba(ZnSn)2,129
Ba2AgAs,225
Ba2AgAu,225
Ba2AgBi,12
Ba2AgBi,225
Ba2AgHg,225
Ba2AgPb,225
Ba2AgPd,71
Ba2AgPd,216
Ba2AgPd,225
Ba2AgSb,225
Ba2AgSn,225
Ba2AlCd,225
Ba2AlGe,225
Ba2AlRu,216
Ba2AlRu,225
Ba2AlSn,225
Ba2AsAu,225
Ba2BeGa,216
Ba2Bi3,71
Ba2BiAu,225
Ba2BiMo,225
Ba2BiPb,225
Ba2BiPd,225
Ba2BiW,225
Ba2CaAc,225
Ba2CaNi,225
Ba2CaPb,225
Ba2CaPd,225
Ba2CaSb,225
Ba2CaSn,225
Ba2CaTa,225
Ba2CdGa,71
Ba2CdGe,225
Ba2CdPb,225
Ba2CrBi,225
Ba2CrCd,225
Ba2CrIn,225
Ba2CrSb,225
Ba2CrSn,225
Ba2Cu3P4,72
Ba2Ga,123
Ba2Ga7Ag,115
Ba2GaAu,225
Ba2GaGe,225
Ba2GaPb,225
Ba2GaPt,225
Ba2GaRu,216
Ba2GaRu,225
Ba2GaSb,225
Ba2GaSn,225
Ba2Ge,62
Ba2GeBi,225
Ba2GePb,225
Ba2GeRu,216
Ba2GeRu,225
Ba2HfBi,225
Ba2HfFe,216
Ba2HfFe,225
Ba2HfGe,216
Ba2HfGe,225
Ba2HfPb,225
Ba2HfS4,139
Ba2HgPb,225
Ba2In3Au,8
Ba2InBi,225
Ba2InHg,225
Ba2InPd,225
Ba2InSn,225
Ba2LiCd,225
Ba2LiCr,225
Ba2LiHf,225
Ba2LiPb,225
Ba2LiPd,225
Ba2LiSb,225
Ba2LiSn,225
Ba2LiTl,225
Ba2LiV,225
Ba2LiZn,225
Ba2MgBi,225
Ba2MgGa,225
Ba2MgHg,225
Ba2MgMn,225
Ba2MgP,119
Ba2MgPb,225
Ba2MgSb,225
Ba2MgSi,225
Ba2MgSn,225
Ba2MgV,225
Ba2MgZr,225
Ba2MnBi,225
Ba2MnIn,225
Ba2MnSn,225
Ba2MnTl,225
Ba2MoPb,225
Ba2NaCa,225
Ba2NaCu,225
Ba2NaFe,225
Ba2NaGa,225
Ba2NaGe,225
Ba2NaHf,225
Ba2NaIn,225
Ba2NaLi,225
Ba2NaPb,225
Ba2NaPd,225
Ba2NaPt,225
Ba2NaSi,225
Ba2NaSr,225
Ba2NaTa,225
Ba2NaTl,225
Ba2NbTl,225
Ba2NiSb,225
Ba2PdF6,64
Ba2PtAu,225
Ba2Sb,139
Ba2SbAs,225
Ba2SbAu,225
Ba2SbPd,225
Ba2SbPt,225
Ba2ScBi,225
Ba2ScCd,225
Ba2ScCr,225
Ba2ScHg,225
Ba2ScIn,225
Ba2ScPb,225
Ba2ScSb,225
Ba2ScSn,225
Ba2ScTl,225
Ba2Si,62
Ba2SiBi,225
Ba2SiP,225
Ba2SiSn,225
Ba2Sn,62
Ba2SnPb,225
Ba2SnPd,225
Ba2SnPt,225
Ba2SnSb,225
Ba2SrCa,225
Ba2SrPb,225
Ba2SrW,225
Ba2TaBi,225
Ba2TaFe,216
Ba2TaFe,225
Ba2TiBi,225
Ba2TiCr,225
Ba2TiSb,225
Ba2TlAu,225
Ba2TlBi,225
Ba2TlCd,225
Ba2TlHg,225
Ba2TlSn,225
Ba2TlV,225
Ba2TlZn,225
Ba2VPb,225
Ba2YBe,225
Ba2YCu,225
Ba2YGa,225
Ba2YHf,225
Ba2YMn,225
Ba2YNb,225
Ba2YSb,225
Ba2YSn,225
Ba2YTi,225
Ba2YZn,225
Ba2YZr,225
Ba2YbMg,225
Ba2YbTl,225
Ba2Zn,139
Ba2Zn2Ga,139
Ba2ZnAg,71
Ba2ZnAs,225
Ba2ZnCd,225
Ba2ZnGa,71
Ba2ZnGa,216
Ba2ZnGa,225
Ba2ZnHg,225
Ba2ZnIn,71
Ba2ZnIn,225
Ba2ZnN2,139
Ba2ZnPb,225
Ba2ZnPt,225
Ba2ZnSi,225
Ba2ZrO4,139
Ba3BiN,194
Ba3CrN3,176
Ba3CrS5,185
Ba3Cu17AgP6,12
Ba3Ge5,63
Ba3In,139
Ba3InBi,221
Ba3InSb,221
Ba3MnN3,176
Ba3Pd,2
Ba3Si23,223
Ba3SiO5,140
Ba3Sn5,63
Ba3SnO,221
Ba3TiS5,140
Ba4BeMo,216
Ba4Bi3,220
Ba4CaNb,216
Ba4CaV,216
Ba4CaW,216
Ba4CdRu,216
Ba4GaCu,216
Ba4HfSb,216
Ba4InIr,216
Ba4InTc,216
Ba4LiNb,216
Ba4MgGa,216
Ba4MgSc,216
Ba4MgV,216
Ba4MoPt,216
Ba4NaTa,216
Ba4NbCu,216
Ba4PdW,216
Ba4ScBe,216
Ba4ScCd,216
Ba4ScCu,216
Ba4ScW,216
Ba4Si23,223
Ba4TaHg,216
Ba4TaRh,216
Ba4TlV,216
Ba4YCu,216
Ba4YPd,216
Ba4YSc,216
Ba4ZnTc,216
Ba4ZrSc,216
Ba4ZrZn,216
Ba5Al5Sn,187
Ba5Sb4,64
Ba5Sn3,140
BaAg,62
BaAg2,74
BaAg2,191
BaAg5,191
BaAgAs,194
BaAgBi,194
BaAgP,194
BaAgPd,216
BaAgPd2,216
BaAgPd2,225
BaAgSb,194
BaAgSb,216
BaAgSn,187
BaAgSn2,99
BaAgSn3,107
BaAl2,227
BaAl3Zn,119
BaAl4,139
BaAl9Co2,191
BaAl9Ni2,191
BaAlGe,187
BaAlRu,216
BaAlRu2,225
BaAlSi,187
BaAsPd,187
BaAsPd2,99
BaAsPt,198
BaAuCl,216
BaBeBi,216
BaBeGa,216
BaBeNb2,123
BaBeV2,123
BaBiO3,225
BaBiPd,187
BaBrCl,216
BaCa2Ac,225
BaCa2W,123
BaCa2Yb,225
BaCaCd,216
BaCaCr,216
BaCaGe,62
BaCaHg,216
BaCaHg2,225
BaCaIn,216
BaCaPb,216
BaCaRu2,216
BaCaSb,216
BaCaSi,216
BaCaSn,62
BaCaSn,216
BaCaTi,216
BaCaTl,216
BaCaV,216
BaCaY,216
BaCaYb2,225
BaCaZn2,225
BaCd2Sn,225
BaCdGe,194
BaCdHg,216
BaCdW2,123
BaCdW2,139
BaCeMg2,225
BaCoNi2,139
BaCoO2,152
BaCrCd,216
BaCrIn4,216
BaCrS2,59
BaCu,194
BaCu3O4,65
BaCu5AgP2,123
BaCuAs,194
BaCuAs2,99
BaCuBi,194
BaCuGe,187
BaCuP,194
BaCuP2,123
BaCuRh2,123
BaCuSb,194
BaCuSi,187
BaFeAs2Ru,119
BaFeIr2,139
BaFeO3,221
BaFePd2,123
BaGa2,191
BaGa2Bi,99
BaGa2Pt,123
BaGa2Ru,216
BaGa2Ru,225
BaGa2Sb,99
BaGa3Ru,221
BaGa4,139
BaGaBi2,99
BaGaCu2,166
BaGaFe2,123
BaGaGe,187
BaGaPb2,123
BaGaPt,187
BaGaRu,216
BaGaRu2,225
BaGaSi,187
BaGaSi2,99
BaGaW2,139
BaGe2B,216
BaGe2Ru,216
BaGe2Ru,225
BaGe2S5,227
BaGe3Ir,107
BaGe3Pd,107
BaGe3Pt,107
BaGePt,198
BaGeRu,216
BaGeRu2,225
BaHf2As,225
BaHf2Fe,216
BaHf2Fe,225
BaHf2Ge,225
BaHf2Ru,123
BaHf4Ga,216
BaHfCu2,99
BaHfFe,216
BaHfFe2,216
BaHfFe2,225
BaHfGe,216
BaHfGe2,216
BaHfGe2,225
BaHfMg2,216
BaHfMo,216
BaHfN2,129
BaHfPt,216
BaHfSc,216
BaHfW2,139
BaHg2Pb,225
BaHgAu,216
BaHgBi,216
BaHgPb,216
BaHgSb,216
BaHgW2,123
BaHgW2,139
BaIn,63
BaIn2,74
BaIn2Bi,99
BaIn2Ir,63
BaIn2Pb,123
BaIn2Pd,63
BaIn2Pt,63
BaIn2Rh,63
BaIn2Sn,99
BaIn4,139
BaIn4Ir,51
BaInBi2,99
BaInGe,156
BaInIr2,123
BaInMo,216
BaInMo2,123
BaInPd,187
BaInPd2,99
BaInPt,216
BaInSb2,99
BaIr2Pd,99
BaLaGa2,123
BaLaGa4,216
BaLi2Sn,225
BaLiBi,216
BaLiCa,216
BaLiCd,216
BaLiGa,187
BaLiMg,216
BaLiNi2,139
BaLiPd,187
BaLiPd2,123
BaLiSb,194
BaLiSb,216
BaLiSi,187
BaMg4Si3,123
BaMgIn2,99
BaMgOs2,225
BaMgSi,216
BaMgSn,216
BaMn2Cu,139
BaMnIn2,47
BaMnO3,194
BaMoOs2,123
BaMoPt2,123
BaNa2Ga,123
BaNa2Sn,225
BaNa2V,123
BaNaAs,216
BaNaAu,216
BaNaBi,189
BaNaBi,216
BaNaCr,216
BaNaGa,216
BaNaGe,216
BaNaHf,216
BaNaHg,216
BaNaHg2,225
BaNaIn,216
BaNaLi,216
BaNaMg,216
BaNaMo,216
BaNaP,216
BaNaPb,216
BaNaPd,187
BaNaPd2,123
BaNaSb,216
BaNaSn,216
BaNaTa,216
BaNaV,216
BaNaZn,216
BaNaZr,216
BaNb4O6,123
BaNb7O9,123
BaNbCr2,123
BaNbO3,221
BaNbPt,216
BaNbSi2,123
BaNbTc2,225
BaNiF4,36
BaNiPd2,123
BaNiRu2,139
BaNiSn3,107
BaOsPd2,123
BaP2Ru,123
BaPPd2,99
BaPPt,198
BaPd,63
BaPd2,227
BaPd2Rh,123
BaPd5,191
BaPdF4,140
BaPdRh2,123
BaPdS2,63
BaPt,194
BaPt2,227
BaPt5,191
BaRu2Pt,123
BaRu2W,99
BaRuO3,194
BaRuPt,216
BaRuPt2,123
BaSO4,216
BaSbAu,194
BaSbPd2,99
BaSbPt,187
BaSbRu,187
BaSc2Be,123
BaSc2Bi,123
BaSc2Nb,123
BaSc2Ni,123
BaSc2Rh,123
BaSc2Sn,123
BaSc2Ta,25
BaSc4Pt,216
BaScBi,187
BaScBi2,99
BaScGe,187
BaScIn,216
BaScIr,216
BaScNb,216
BaScNi2,99
BaScPb2,99
BaScRh,187
BaScRh2,123
BaScRu,216
BaScSn,216
BaScSn2,123
BaScTa,216
BaScZn,216
BaSi2,212
BaSi23,223
BaSi2Mo,123
BaSi2P,139
BaSi2Pd,123
BaSi3Pd,107
BaSi3Pt,107
BaSiB,216
BaSiPd,198
BaSiPd2,99
BaSiTc2,216
BaSn,63
BaSn2Pd,123
BaSn3Pd,107
BaSn3Pt,107
BaSnHg,194
BaSnO3,221
BaSnPd2,99
BaSnW2,123
BaSr2Ga,216
BaSr2Sc,123
BaSrAu,216
BaSrBi,216
BaSrGa,216
BaSrGe,216
BaSrHf,216
BaSrHf2,123
BaSrHg,216
BaSrHg2,225
BaSrIn,216
BaSrMo,216
BaSrNb,216
BaSrPb,216
BaSrSb,216
BaSrSi,216
BaSrSn,216
BaSrTa,216
BaSrTa4,216
BaSrTi,216
BaSrYb2,225
BaTa2Be,123
BaTa2Fe,216
BaTa2Fe,225
BaTa2P,139
BaTaB,216
BaTaFe,216
BaTaFe2,225
BaTaMn2,123
BaTaPt,216
BaTi2Cu,139
BaTi2Ga,123
BaTiCd,216
BaTiGa2,123
BaTiO3,194
BaTiO3,221
BaTiPd2,119
BaTiPd2,123
BaTl2In,99
BaTlCu,187
BaTlHg2,225
BaTlIn,216
BaTlIn2,99
BaTlPb,216
BaTlRu2,99
BaTlSb,216
BaV2Bi,47
BaV2Cu,139
BaV2Os,123
BaV2P,123
BaVHg,216
BaVHg2,123
BaVSi2,123
BaYCd,216
BaYIn2,123
BaYMo2,99
BaYPd2,119
BaYPd2,123
BaYSc,216
BaYSc2,123
BaYb2Ce,225
BaYbMg2,225
BaYbZn2,225
BaZn,221
BaZn13,226
BaZn2,74
BaZn2Ga,225
BaZnBi2,99
BaZnCr2,123
BaZnGa,216
BaZnGa2,216
BaZnGa2,225
BaZnGa3,119
BaZnGa6,123
BaZnGe,194
BaZnIn2,99
BaZnIn3,107
BaZnIr,187
BaZnIr2,123
BaZnP,187
BaZnPb,194
BaZnPb2,99
BaZnPt,216
BaZnPt2,123
BaZnSi,194
BaZnSn,194
BaZnSn2,99
BaZr4Cu,216
BaZr4Ta,216
BaZrCu2,99
BaZrN2,129
BaZrNi,216
BaZrO3,221
BaZrS3,62
Be(GaPd)2,139
Be(SiRu)2,139
Be(VPd)2,139
Be13Sb,226
Be17Nb2,166
Be22Mo,227
Be22Re,227
Be22W,227
Be2Ag,227
Be2AgAu2,139
Be2AgPd,216
Be2AgPd,225
Be2AlRu,216
Be2AlRu,225
Be2BiMo,119
Be2BiPd2,139
Be2BiRu,119
Be2CdCu,119
Be2CdFe,119
Be2CdIr,119
Be2CdOs,119
Be2CdRu,123
Be2CdTc,119
Be2CdW,99
Be2CoCu,225
Be2CoGe,119
Be2CoIr,119
Be2CoIr,225
Be2CoNi,225
Be2CoPd,71
Be2CoPd,99
Be2CoPt,225
Be2CoRu,99
Be2CoRu,123
Be2CoSi,119
Be2CoTc,119
Be2CrBi,119
Be2CrCu,216
Be2CrGe,119
Be2CrIn,119
Be2CrP,119
Be2CrPd,123
Be2CrRu,99
Be2CrRu,225
Be2CrSb,119
Be2Cu,227
Be2CuGe,99
Be2CuIr,99
Be2CuIr,123
Be2CuMo,119
Be2CuNi,99
Be2CuNi,119
Be2CuNi,123
Be2CuOs,71
Be2CuPd,123
Be2CuPt,225
Be2CuRh,99
Be2CuRh,123
Be2CuRh,225
Be2CuRu,225
Be2Fe,194
Be2FeCo,216
Be2FeGe,119
Be2FeHg,119
Be2FeIr,119
Be2FeMo,216
Be2FeP,119
Be2FePb,119
Be2FePd,123
Be2FeRh,225
Be2FeRu,225
Be2FeSn,119
Be2FeW,216
Be2GaFe2,139
Be2GaIr,123
Be2GaOs,123
Be2GaPt2,139
Be2GaRu,216
Be2GaRu,225
Be2GaTc,99
Be2GaTc,119
Be2GeIr,119
Be2GePb,119
Be2GeRh,119
Be2GeRu,216
Be2GeRu,225
Be2HgPd,123
Be2HgRu,119
Be2InIr,119
Be2InPd,119
Be2InPt2,139
Be2InRe,119
Be2InRu,99
Be2InSb,119
Be2InTc,99
Be2InTc,119
Be2InTc,123
Be2IrPd,225
Be2IrPt,225
Be2IrW,119
Be2Mo,194
Be2Mo,227
Be2MoP,119
Be2MoP,123
Be2MoPb2,139
Be2MoRu,99
Be2Nb,227
Be2Nb2Ni,71
Be2Nb3,127
Be2NbBi,99
Be2NbCo,123
Be2NbCo,216
Be2NbFe,139
Be2NbGa,123
Be2NbHg,119
Be2NbHg,123
Be2NbMo,119
Be2NbNi,123
Be2NbNi,216
Be2NbOs,99
Be2NbP,123
Be2NbPb,119
Be2NbPt,119
Be2NbRh,216
Be2NbRu,119
Be2NbSb,119
Be2NbTc,119
Be2NiIr,225
Be2NiMo,99
Be2NiPd,71
Be2NiPd,123
Be2NiPt,225
Be2NiRh,225
Be2NiRu,225
Be2PW,119
Be2PdAu,123
Be2PdPt,123
Be2PdPt,225
Be2PdRh,123
Be2PdRh,225
Be2PdRu,71
Be2PdRu,225
Be2PdW,119
Be2PdW,123
Be2PtRh,225
Be2Re,194
Be2ReGe,99
Be2RhPb,119
Be2RuAu,225
Be2RuPb,119
Be2RuPt,225
Be2RuRh,12
Be2RuW,216
Be2SbW,119
Be2Si,225
Be2SiMo,99
Be2SiNi,119
Be2SiTc,119
Be2SiTc,139
Be2SiW,119
Be2SnHg,119
Be2SnMo,99
Be2SnP,119
Be2TcGe,119
Be2TcIr,119
Be2TcIr,225
Be2TcRh,119
Be2TcSb,119
Be2TlCu,123
Be2TlIr,119
Be2TlMo,119
Be2TlMo,123
Be2TlPd,123
Be2TlRe,119
Be2TlRh,119
Be2TlTc,119
Be2V,194
Be2V,227
Be2VBi,99
Be2VCr,119
Be2VFe,216
Be2VIn,123
Be2VIr,216
Be2VMo,99
Be2VRh,216
Be2VRu,65
Be2VRu,99
Be2VSi,123
Be2VZn,119
Be2W,194
Be2W,227
Be2Zn,69
Be2ZnCo,119
Be2ZnCr,99
Be2ZnCr,123
Be2ZnFe,99
Be2ZnFe,119
Be2ZnGa,216
Be2ZnGa,225
Be2ZnMo,119
Be2ZnPd,123
Be2ZnRu,119
Be2ZnSi,119
Be2ZnW,119
Be3Mo,221
Be3Pd,139
Be3Ru,194
Be4AlCu,216
Be4AlRu,216
Be4CuPd,216
Be4CuPt,216
Be4MoOs,216
Be4MoRu,216
Be4MoW,216
Be4NbIr,216
Be4NbMo,216
Be4NbOs,216
Be4NbRh,216
Be4NbRu,216
Be4NbTc,216
Be4NbW,216
Be4OsW,216
Be4RuW,216
Be4TcRu,216
Be4TcW,216
Be4VMo,216
Be4VOs,216
Be4VRu,216
Be4ZnPd,216
Be4ZnPt,216
Be4ZnRh,216
Be5Co,216
Be5Fe,216
Be5Nb,191
Be5Pd,216
Be5Pt,216
BeAg3,221
BeAgMo,107
BeAgPd,216
BeAgPd2,123
BeAgPd2,216
BeAgPd2,225
BeAgW,107
BeAl2Mo,119
BeAlB,216
BeAlGa,216
BeAlIr2,225
BeAlPd2,225
BeAlRh2,225
BeAlRu,216
BeAlRu2,216
BeAlRu2,225
BeAlRuPt,216
BeBi2Pd,99
BeBi2W,139
BeBiMo2,99
BeBiOs2,216
BeBiPd2,99
BeBiRu2,99
BeBiW2,99
BeCd2Fe,119
BeCd2Ga,123
BeCdBi2,139
BeCdCo2,119
BeCdCu2,99
BeCdFe2,216
BeCdPd,99
BeCdPd2,123
BeCdRu2,99
BeCdSb2,119
BeCdW2,119
BeCo,221
BeCo2B,225
BeCo2Bi,119
BeCo2Ge,225
BeCo2Hg,139
BeCo2Ir,139
BeCo2Os,139
BeCo2Pt,119
BeCo2Rh,119
BeCo2Ru,123
BeCo2Sb,119
BeCo2Si,119
BeCo2Si,225
BeCo2W,119
BeCo4Cu,216
BeCo4Ru,216
BeCoBi2,139
BeCoCu2,119
BeCoGe2,119
BeCoGeRu,216
BeCoMo2,99
BeCoNi2,119
BeCoPb2,119
BeCoPd2,99
BeCoPd2,119
BeCoPt2,119
BeCoRh2,119
BeCoRu2,99
BeCoSiRu,216
BeCr2Cu,119
BeCr2Cu,139
BeCr2Ge,216
BeCr2Hg,139
BeCr2P,119
BeCr2Rh,139
BeCr2Tc,139
BeCr2W,119
BeCr2W,139
BeCr4In,216
BeCr4Pd,216
BeCrCo2,139
BeCrCu2,99
BeCrFe2,119
BeCrFe2,225
BeCrIr2,119
BeCrNi2,119
BeCrPd,107
BeCrPd2,99
BeCrRh2,119
BeCrRu2,99
BeCrRu2,225
BeCrSn2,119
BeCrW,107
BeCu,221
BeCu2,139
BeCu2Ge,123
BeCu2Mo,139
BeCu2Ni,119
BeCu2Ni,139
BeCu2Os,139
BeCu2P,119
BeCu2Pt,139
BeCu2Rh,139
BeCu2Ru,123
BeCu2Tc,139
BeCu4Pt,216
BeCu4Rh,216
BeCu4W,216
BeCuHg2,99
BeCuNi,187
BeCuNi2,119
BeCuP,187
BeCuP,216
BeCuPd,187
BeCuPd2,119
BeCuPt,107
BeCuPt2,119
BeCuRh2,99
BeCuRh2,119
BeCuSi,107
BeFe2Cu,119
BeFe2Ge,119
BeFe2Mo,225
BeFe2Ni,139
BeFe2P,225
BeFe2Si,225
BeFe4Mo,216
BeFeBi2,139
BeFeCu2,119
BeFeMo2,99
BeFeNi2,119
BeFePb2,119
BeFePt2,119
BeFeRh2,119
BeFeRh2,225
BeFeRu2,119
BeFeW,156
BeFeW2,99
BeGa2Bi,119
BeGa2Co,99
BeGa2Co,119
BeGa2Fe,99
BeGa2Fe,119
BeGa2Mo,139
BeGa2Ru,119
BeGa2Ru,216
BeGa2Ru,225
BeGa2Tc,119
BeGa2W,123
BeGa4Tc,216
BeGa4W,216
BeGaCo,156
BeGaCo2,123
BeGaCo2,225
BeGaCu,107
BeGaCu2,123
BeGaIr,107
BeGaIr2,99
BeGaIr2,225
BeGaMo2,119
BeGaOs2,119
BeGaPb2,119
BeGaRh,187
BeGaRh2,225
BeGaRu,107
BeGaRu,216
BeGaRu2,119
BeGaRu2,216
BeGaRu2,225
BeGaSb,107
BeGaSi,107
BeGaTc2,119
BeGaW2,119
BeGe2Pd,119
BeGe2Ru,216
BeGe2Ru,225
BeGeB,216
BeGeMo2,99
BeGeP2,119
BeGePd2,99
BeGeRu,216
BeGeRu2,123
BeGeRu2,216
BeGeRu2,225
BeGeW2,99
BeHg2Ru,139
BeHg4Ru,216
BeHgPd2,119
BeHgRu2,119
BeIn2Sb,119
BeIn3,139
BeIn4Ir,216
BeIn4Mo,216
BeIn4Re,216
BeIn4Tc,216
BeInBi,216
BeInBi2,139
BeInFe2,123
BeInGa4,216
BeInGe,107
BeInGe,187
BeInHg,107
BeInIr,187
BeInMo2,99
BeInMo2,119
BeInOs2,99
BeInP,187
BeInPd,99
BeInPt,99
BeInPt,216
BeInRh,216
BeInRh2,99
BeInSi2,216
BeInSn,107
BeInW2,99
BeInW2,119
BeIrPd2,99
BeMo2,140
BeMo2Ru,119
BeMo2W,139
BeMo3,223
BeMo4Os,216
BeMo4Pt,216
BeMoOs2,99
BeMoP2,99
BeMoPb2,99
BeMoPd,107
BeMoPt2,119
BeMoRh,107
BeMoRh2,99
BeMoRu2,71
BeMoRu2,99
BeMoRu2,225
BeNb,63
BeNb2,140
BeNb2As,216
BeNb2Cu,99
BeNb2Fe,99
BeNb2In,99
BeNb2Ir,99
BeNb2P,119
BeNb2Si,139
BeNbBi4,216
BeNbCd,107
BeNbCo,187
BeNbCo2,71
BeNbCo4,216
BeNbCr,107
BeNbCr2,139
BeNbFe,99
BeNbFe,156
BeNbGa,187
BeNbIn,107
BeNbIr,187
BeNbIr2,99
BeNbNi,107
BeNbNi2,99
BeNbNi4,216
BeNbOs,99
BeNbOs2,99
BeNbP,187
BeNbP2,99
BeNbPb,107
BeNbPb2,119
BeNbPd2,99
BeNbPt,107
BeNbPt,216
BeNbRh,107
BeNbRu,107
BeNbRu2,99
BeNbRu2,225
BeNbRuRh,216
BeNbSi,107
BeNbSi2,119
BeNbTc,107
BeNbTl,107
BeNbW,107
BeNi,221
BeNi2Ge,225
BeNi2Ir,119
BeNi2Mo,99
BeNi2P,119
BeNi2Pt,119
BeNi2W,139
BeNiBi2,139
BeNiMo,107
BeNiPb2,119
BeNiPd,187
BeNiPd2,119
BeNiPt2,119
BeNiRu2,119
BeOs2Pd,139
BeOs2Ru,139
BeOs2W,225
BeOsRu,107
BeOsRu2,123
BeOsRuW,216
BeP2Ir,119
BeP2Os,119
BeP4Ru,216
BePRu,99
BePRu2,139
BePW2,99
BePd,221
BePd2,139
BePd3,63
BePdAu,216
BePdPb2,123
BePdPt,6
BePdPt2,119
BePdRh2,119
BePdRu,107
BePdRu2,99
BePtRh2,119
BeRe2Os,216
BeReB,216
BeRu,129
BeRu2Pb,99
BeRu2Pb,119
BeRu2Rh,119
BeRu2W,225
BeRu3,139
BeRuPt,216
BeRuRh2,119
BeRuRh2,139
BeSbAs,216
BeSbAs2,225
BeSbPd,216
BeSbPd2,99
BeSi2Ru,99
BeSi2W,119
BeSiIr2,225
BeSiMo,187
BeSiN2,33
BeSiN2,122
BeSiNi2,225
BeSiOs2,225
BeSiPd2,99
BeSiRh2,225
BeSiRu2,225
BeSiW2,99
BeSnAs,216
BeSnBi2,139
BeSnPb2,139
BeTc2Ge,119
BeTc2Ni,119
BeTc2Pd,119
BeTcRu,107
BeTcW,156
BeTcW2,99
BeTl2Cr,119
BeTl2Fe,119
BeTl2Ga,119
BeTl2V,123
BeTlAs,216
BeTlFe2,139
BeTlIn,156
BeTlMo,107
BeTlRe4,216
BeTlZn,99
BeV,221
BeV2Cd,119
BeV2Cr,99
BeV2Cr,119
BeV2Cu,99
BeV2Cu,119
BeV2Fe,99
BeV2Ge,99
BeV2Ge,119
BeV2Hg,99
BeV2Hg,119
BeV2In,99
BeV2Os,99
BeV2Pb,99
BeV2Pt,99
BeV2Pt,119
BeV2Si,139
BeV2Sn,99
BeV2Tc,99
BeV2Tc,119
BeV3,223
BeVB,129
BeVCo4,216
BeVCoRu,216
BeVFe,107
BeVFe,156
BeVFe2,119
BeVFeIr,216
BeVGa,187
BeVGa4,216
BeVIn,156
BeVIn2,123
BeVIr2,119
BeVMo,107
BeVNi,187
BeVNi2,99
BeVNi4,216
BeVOs2,119
BeVOs2,225
BeVOsRh,216
BeVP2,119
BeVP4,216
BeVPd2,123
BeVPt2,119
BeVRh2,71
BeVRu,99
BeVRu2,225
BeVRu4,216
BeVRuRh,216
BeVSi,187
BeVSi2,123
BeVSi2,139
BeVSi4,216
BeZn13,226
BeZn2As,216
BeZn2Cd,99
BeZn2Co,99
BeZn2Cr,99
BeZn2Fe,99
BeZn2Ga,216
BeZn2Ga,225
BeZn2Ge,119
BeZn2In,99
BeZn2Ir,119
BeZn2Mo,119
BeZn2Ru,99
BeZn2Tc,119
BeZn2W,119
BeZnCo,156
BeZnCr,156
BeZnCr2,119
BeZnFe,156
BeZnFe2,123
BeZnFe2,139
BeZnFe4,216
BeZnGa,216
BeZnGa2,216
BeZnGa2,225
BeZnHg4,216
BeZnIr2,119
BeZnMo,107
BeZnOs2,119
BeZnP,107
BeZnPd2,99
BeZnPd2,123
BeZnPt,216
BeZnRh,187
BeZnRh2,225
BeZnRu2,99
Bi,140
Bi,221
Bi2Ir,14
Bi2Ir2O7,227
Bi2O3,14
Bi2O3,206
Bi2O3,224
Bi2O3,227
Bi2OsAu,225
Bi2Pd,139
Bi2Pd3S2,199
Bi2Pd5,12
Bi2PdPt,164
Bi2Pt,205
Bi2Pt2O7,227
Bi2Rh2O7,227
Bi2Ru2O7,227
Bi2SeO2,139
BiAsO4,88
BiAu2,227
BiB,216
BiBAs,216
BiIrS,198
BiIrSe,198
BiMoRh,216
BiO2,225
BiPbAu,216
BiPd,194
BiPd2Pb,36
BiPdSe,198
BiPt,194
BiPtSe,198
BiRh,194
BiRhO3,62
BiRhS,198
BiRhSe,198
BiRuPt,216
BiSb2Os,225
BiSeCl,216
BiTePd,198
BiTePt,198
Ca(AgGe)2,139
Ca(AgSn)2,139
Ca(Al2Cu)4,139
Ca(AlAg)2,139
Ca(AlGa)2,139
Ca(AlZn)2,139
Ca(AsPd)2,139
Ca(AsRu)2,139
Ca(BiPd)2,139
Ca(CdGa)2,139
Ca(CdIn)2,139
Ca(Cu2As)2,166
Ca(Cu2P)2,136
Ca(CuAs)2,139
Ca(CuP)2,139
Ca(CuSi)2,139
Ca(FeAs)2,139
Ca(GaAs)2,166
Ca(GaNi)2,139
Ca(GaP)2,194
Ca(GeAu)2,139
Ca(GeIr)2,139
Ca(GePd)2,139
Ca(GeRh)2,139
Ca(GeRu)2,139
Ca(InP)2,194
Ca(InPd)2,139
Ca(PPd)2,139
Ca(PRu)2,139
Ca(SiAu)2,139
Ca(SiPd)2,139
Ca(SiRh)2,139
Ca(ZnAs)2,164
Ca(ZnCu)2,12
Ca(ZnGa)2,139
Ca(ZnGe)2,139
Ca(ZnP)2,164
Ca(ZnRh)2,139
Ca(ZnSb)2,164
Ca(ZnSi)2,139
Ca19Ag8N7,225
Ca2AcCe,225
Ca2AcPm,225
Ca2AcPr,225
Ca2AcSm,225
Ca2AcYb,225
Ca2Ag,139
Ca2AgAu,225
Ca2AgBi,225
Ca2AgGe,225
Ca2AgPb,225
Ca2AgPd,71
Ca2AgPd,216
Ca2AgPd,225
Ca2AgPd2,71
Ca2AgRh,225
Ca2AgSb,225
Ca2AgSn,225
Ca2AlAg,225
Ca2AlAs,225
Ca2AlGe,225
Ca2AlHg,225
Ca2AlRu,216
Ca2AlRu,225
Ca2AlSb,225
Ca2AlZn,71
Ca2AlZn16,160
Ca2AsAu,225
Ca2BeBi,119
Ca2BeCu,123
Ca2BeIn,123
Ca2BeMo,119
Ca2BeTl,225
Ca2BeW,119
Ca2Bi,139
Ca2BiAu,225
Ca2BiPd,225
Ca2CdAu,225
Ca2CdHg,225
Ca2CdPt,225
Ca2CdSn,225
Ca2CeNd,225
Ca2CoW,216
Ca2Cu,62
Ca2CuAg,38
Ca2CuAs,225
Ca2CuHg,225
Ca2CuIr,225
Ca2CuPt,225
Ca2CuSb,225
Ca2Ga7Ag,115
Ca2Ga9Ru5,139
Ca2GaAg,38
Ca2GaAg,71
Ca2GaCu,225
Ca2GaGe,225
Ca2GaRu,216
Ca2GaRu,225
Ca2GaSi,38
Ca2Ge,62
Ca2GeRu,216
Ca2GeRu,225
Ca2H6Ru,225
Ca2HfFe,216
Ca2HfFe,225
Ca2HfGe,216
Ca2HfGe,225
Ca2HgPb,225
Ca2HgPd,225
Ca2In,62
Ca2InAg,225
Ca2InAu,225
Ca2InCu,225
Ca2InPd2,15
Ca2InPt2,15
Ca2LaPr,225
Ca2MgAg,225
Ca2MgBe,216
Ca2MgCd,225
Ca2MgIn,225
Ca2MgSn,225
Ca2MgTl,225
Ca2MgZn,225
Ca2Nb2O7,227
Ca2Ni3Ge2,51
Ca2PdAu,225
Ca2PdPb,225
Ca2PdPt,225
Ca2PtAu,225
Ca2RhAu,225
Ca2Sb,139
Ca2SbPd,225
Ca2ScBe,139
Ca2Si,62
Ca2Si,225
Ca2Si3Ag,69
Ca2SiAg,225
Ca2SiHg,225
Ca2Sn,62
Ca2SnHg,225
Ca2SnO4,55
Ca2SnRh,225
Ca2Ta2O7,227
Ca2TlAg,225
Ca2TlCd,225
Ca2TlGa,225
Ca2TlIn,71
Ca2TlIn,225
Ca2TlPb,225
Ca2YbAl,225
Ca2YbCd,225
Ca2YbCe,225
Ca2YbIn,225
Ca2YbNd,225
Ca2YbPr,225
Ca2Zn2CuP3,194
Ca2Zn3Ga,8
Ca2ZnCd,225
Ca2ZnCu,225
Ca2ZnGa,71
Ca2ZnGa,216
Ca2ZnGa,225
Ca2ZnGa3,8
Ca2ZnHg,225
Ca2ZnIn,71
Ca2ZnIn,225
Ca2ZnN2,139
Ca2ZnRh,225
Ca2ZnSn,71
Ca2ZnSn,225
Ca2ZrBe,216
Ca3(GaNi)4,217
Ca3(InAs2)2,58
Ca3(SiIr)4,217
Ca3Ag8,229
Ca3Al7Cu2,166
Ca3AlSb3,62
Ca3BiN,221
Ca3Co4Sn13,223
Ca3CrN3,63
Ca3Ga5,63
Ca3Ge13Ir4,223
Ca3Ge13Rh4,223
Ca3GeN,221
Ca3GeO,221
Ca3In,225
Ca3SbN,221
Ca3Sn13Ir4,223
Ca3Sn13Rh4,223
Ca3SnN,221
Ca3SnO,221
Ca3VN3,63
Ca3Zn,63
Ca3Zn,194
Ca3Zn2(CuP2)2,164
Ca4AlZn43,21
Ca4BeNb,216
Ca4BeV,216
Ca4BeW,216
Ca4BeZn,216
Ca4ScBe,216
Ca5(InSb3)2,55
Ca5Sb3,193
Ca5Sn3H,140
Ca7Ge,225
CaAcCd2,225
CaAcGa,216
CaAcHg2,225
CaAcIn2,225
CaAcYb2,225
CaAg,63
CaAg2,74
CaAg2Ge,225
CaAg3,139
CaAgAs,189
CaAgAs,216
CaAgBi,186
CaAgBi,194
CaAgGe,12
CaAgHg2,225
CaAgP,187
CaAgP,189
CaAgP,216
CaAgPd,216
CaAgPd2,216
CaAgPd2,225
CaAgSb,62
CaAgSb,187
CaAgSn2,99
CaAl2,227
CaAl3Zn,119
CaAl6Pd,123
CaAlAu,62
CaAlB,216
CaAlGa,12
CaAlRu,216
CaAlRu2,225
CaAlSi,186
CaAlSi,187
CaB2As,216
CaBPd3,221
CaBe2Cr,225
CaBe2In,123
CaBe2Ru,119
CaBe2Ru,123
CaBe2V,123
CaBeBi2,139
CaBeCd2,216
CaBeCu2,99
CaBeFe2,216
CaBeGa,107
CaBeGa2,99
CaBeIn,107
CaBeMo2,99
CaBeNb,107
CaBeNb2,99
CaBeNb2,119
CaBeOs2,216
CaBeRu2,216
CaBeSb2,119
CaBeTc2,216
CaBeW,156
CaBeZn2,216
CaBiAu,216
CaBiB,216
CaBiPd2,225
CaBrCl,216
CaCd2Ga,225
CaCd2In,71
CaCd2Pd,62
CaCd2Sn,139
CaCdAu2,225
CaCdGa,187
CaCdGe,189
CaCdGe,216
CaCdHg2,225
CaCdPd2,225
CaCdSi,216
CaCdSn,189
CaCdSn,216
CaCeAg2,225
CaCeMg2,225
CaCu,221
CaCu2,191
CaCu5,191
CaCuAs,187
CaCuAs,194
CaCuAs,216
CaCuAs2,99
CaCuBi,194
CaCuF4,140
CaCuGe,187
CaCuP,194
CaCuP2,99
CaCuSb,194
CaCuSb2,99
CaCuSi,187
CaCuSi,194
CaCuSi,216
CaDyHg2,225
CaErRh2,225
CaEuGa2,225
CaFeTe,216
CaGa,63
CaGa,123
CaGa2,191
CaGa2,194
CaGa2Ru,216
CaGa2Ru,225
CaGa3Ni2,63
CaGa4,12
CaGa4,139
CaGaAu,62
CaGaB,216
CaGaGe,194
CaGaGe2,99
CaGaRu,216
CaGaRu2,225
CaGaSi,187
CaGe2,186
CaGe2Ru,216
CaGeN2,122
CaGeRu,216
CaGeRu2,225
CaHF,216
CaHf2Be,99
CaHf2Fe,216
CaHf2Fe,225
CaHf2Ge,225
CaHfBe,216
CaHfBe2,123
CaHfFe,216
CaHfFe2,216
CaHfFe2,225
CaHfGe,216
CaHfGe2,216
CaHfGe2,225
CaHfPt,216
CaHfSc,216
CaHfZn,216
CaHoCd2,225
CaHoPd2,225
CaHoRh2,225
CaIn,221
CaIn2,194
CaIn2Au,63
CaIn2Cu,63
CaIn2O4,141
CaIn2Pd,63
CaIn3,221
CaIn4,139
CaIn4Ir,51
CaIn4Pd,63
CaIn4Rh,51
CaInAg2,225
CaInAu,62
CaInAu2,225
CaInB,216
CaInBr3,63
CaInGa,216
CaInPt,62
CaInPt,216
CaInRh,62
CaInRh2,71
CaLaAg2,225
CaLaCd2,225
CaLaHg2,225
CaLuRh2,225
CaMg2In,225
CaMg2Sc,123
CaMgCd2,225
CaMgGe,62
CaMgGe,216
CaMgHg2,225
CaMgIn3,119
CaMgPb,216
CaMgSi,62
CaMgSi,216
CaMgSn,216
CaMgTl2,225
CaMn7O12,148
CaMnO3,62
CaMnO3,194
CaMnO3,221
CaNbPt,216
CaNdAu2,225
CaNdCd2,225
CaNdRh2,225
CaNi2,227
CaNiN,131
CaNiTe,216
CaPbF6,225
CaPd,221
CaPd2,227
CaPd3C,221
CaPd3O4,223
CaPd5,191
CaPdAu,99
CaPdF4,140
CaPdPb,189
CaPmAg2,225
CaPmCd2,225
CaPmHg2,225
CaPmMg2,225
CaPmPd2,225
CaPmPt2,225
CaPmRh2,225
CaPr2In,225
CaPr2Mg,225
CaPrAg2,225
CaPrHg2,225
CaPrMg2,225
CaPrRh2,225
CaPt2,194
CaPt2,227
CaPt5,191
CaPtO3,63
CaRe2Si,225
CaReBi,216
CaRuO3,62
CaRuPt,216
CaSbAu,194
CaSbPd,62
CaSc2Be,99
CaScAl4,216
CaScBe,107
CaScHg2,225
CaScIn,216
CaScIn2,71
CaScNb,216
CaScNi4,216
CaScRu,216
CaScTa,216
CaScZn,216
CaSi,63
CaSi2,141
CaSi3,139
CaSi3Ir,107
CaSi3Pt,107
CaSiAg,187
CaSiO3,62
CaSiO3,127
CaSiO3,204
CaSiO3,221
CaSiPd2,99
CaSiPt,198
CaSmAg2,225
CaSmCd2,225
CaSmHg2,225
CaSmRh2,225
CaSn2Ir,63
CaSn2Pd,63
CaSn3,221
CaSnAu,216
CaSnF6,225
CaSnHg,186
CaSnO3,221
CaSnPt,62
CaSnRh2,225
CaTa2Fe,216
CaTa2Fe,225
CaTa2Tl,216
CaTaBe,107
CaTaFe,216
CaTaPt,216
CaTaTc,216
CaTbRh2,225
CaThRh2,225
CaTiBe2,119
CaTiBe2,225
CaTiO3,62
CaTiO3,140
CaTiO3,221
CaTl2Cd,225
CaTl2Pb,225
CaTlAu,216
CaTlHg,216
CaTmCd2,225
CaTmIn2,225
CaTmMg2,225
CaTmPt2,225
CaV,221
CaYCd2,225
CaYHg2,225
CaYIn2,71
CaYMg2,225
CaYPd2,225
CaYRh2,225
CaYZn2,71
CaYZn2,225
CaYb2In,225
CaYb2Pm,225
CaYb2Pr,225
CaYbGa2,225
CaYbPd,216
CaYbTl2,225
CaYbZn2,225
CaZn,63
CaZn,123
CaZn,166
CaZn,216
CaZn,221
CaZn13,226
CaZn2,74
CaZn5,191
CaZnCu,187
CaZnGa,216
CaZnGa2,216
CaZnGa2,225
CaZnGa3,119
CaZnGe,187
CaZnGe,194
CaZnGe,216
CaZnGe2,99
CaZnP,216
CaZnP2,99
CaZnPb,186
CaZnPb,194
CaZnPt,216
CaZnRh2,225
CaZnSi,187
CaZnSi,194
CaZnSi,216
CaZnSn,186
CaZnSn,194
CaZrO3,62
CaZrO3,221
CaZrPd,216
CaZrRh2,225
CaZrS3,62
Cd(GaO2)2,227
Cd(GaSn)2,139
Cd(InS2)2,227
Cd(InSe2)2,82
Cd(InSe2)2,227
Cd(PtO2)3,65
Cd(SbO3)2,162
Cd2AgAu,225
Cd2AgPd,71
Cd2AgPd,216
Cd2AgPd,225
Cd2AgPt,71
Cd2AgPt,225
Cd2AgRh,225
Cd2GaRu,216
Cd2GaRu,225
Cd2GeRu,216
Cd2GeRu,225
Cd2Pd,71
Cd2PdRh,225
Cd2PtRh,225
Cd2Sb2O7,227
Cd2SiO4,227
Cd2SnO4,55
Cd3Ga,139
Cd3In,221
Cd3Pd,139
Cd3Pd,221
Cd4AgPd3,123
CdAg,123
CdAg,166
CdAg,221
CdAg2Au,225
CdAg3,221
CdAgPb,216
CdAgPd,216
CdAgPd2,123
CdAgPd2,216
CdAgPd2,225
CdAgSb,216
CdAgSn,216
CdAsIr,216
CdAsOs,216
CdAsPd5,123
CdAsPt5,123
CdAsRh,216
CdAsRu,216
CdCu2Rh,12
CdCuF4,140
CdCuPd2,71
CdCuSb,216
CdGa2Ru,216
CdGa2Ru,225
CdGaBi,216
CdGaPd2,71
CdGaRh,187
CdGaRh2,123
CdGaRh2,225
CdGaRu,216
CdGaRu2,216
CdGaRu2,225
CdGe2Ru,216
CdGe2Ru,225
CdGeAu,216
CdGeP2,225
CdGeRu,216
CdGeRu2,216
CdGeRu2,225
CdHgPd2,139
CdIn2O4,141
CdIn2O4,227
CdInAu,216
CdInPd,99
CdInPt,216
CdIrRu,216
CdNi3N,221
CdNiBi,216
CdNiP,216
CdNiSb,216
CdPOs2,216
CdPPd5,123
CdPPt5,123
CdPd,123
CdPd3,139
CdPd3,221
CdPdAu2,71
CdPt,123
CdRuPt,216
CdSbAu,216
CdSiAs2,122
CdSiP2,225
CdSnHg,216
CdSnO3,62
CdSnP2,122
CdSnRh2,225
CdSnSb2,122
Ce(AgGe)2,139
Ce(Al5Ru)2,63
Ce(AlAg)2,139
Ce(AlGa)2,139
Ce(AlZn)2,139
Ce(As3Ru)4,204
Ce(BRu)2,70
Ce(CuGe)2,139
Ce(CuSb)2,129
Ce(CuSi)2,139
Ce(FeP3)4,204
Ce(GaAu)2,139
Ce(GePd)2,139
Ce(GeRu)2,139
Ce(P3Ru)4,204
Ce(Re2Si)2,65
Ce(SiAg)2,139
Ce(SiPd)2,139
Ce(SiRu)2,139
Ce(ZnCu)2,139
Ce2(Al5Ru)3,193
Ce2(Ga3Ru)3,63
Ce2(Ni7B2)3,225
Ce2(Si2Pd7)3,225
Ce2(Zn2Ge)3,189
Ce2AgPd,225
Ce2Al3Ru,194
Ce2AlRu,185
Ce2AlRu,225
Ce2AlRu2,64
Ce2CdHg,225
Ce2Ga5Cu3,115
Ce2Ga8Ru,123
Ce2Ga9Ru5,139
Ce2GaRu,225
Ce2GeRu,225
Ce2In,194
Ce2In3Ru2,62
Ce2In8Rh,123
Ce2InAg,123
Ce2InPt2,127
Ce2MgCu2,127
Ce2Ni12P7,174
Ce2ZnHg,225
Ce2ZnIn,225
Ce2ZnNi2,71
Ce2ZnPb,225
Ce3(Al3Ru)4,194
Ce3(InRu)2,62
Ce3Bi4Pd3,220
Ce3Bi4Pt3,220
Ce3Cu,221
Ce3Ga,221
Ce3Ge13Ru4,223
Ce3In,221
Ce3In3Ru2,12
Ce3Pd5,189
Ce3Zn,139
Ce4SiRh12,229
Ce5Al2Ru3,146
Ce5Al2Ru3,199
Ce5Ge2Ru,62
CeAg,123
CeAg,221
CeAg2,191
CeAgGe,186
CeAgHg2,225
CeAgPd,216
CeAgPd2,225
CeAgSb2,129
CeAgSn,186
CeAl2BRu2,123
CeAl3Cu,107
CeAl3Pd2,191
CeAl4Ni,63
CeAlGa,187
CeAlPd,189
CeAlRu,38
CeAlRu,62
CeAlRu2,225
CeAsPd,194
CeB2Ru3,191
CeBPd3,221
CeBiAu2,225
CeBiPd,216
CeBiPt,216
CeCd2Ag,225
CeCdAu2,225
CeCdCu,187
CeCo4Cu,187
CeCoCuSi2,119
CeCoSi2,63
CeCoSi3,107
CeCu2,74
CeCu2SiGe,107
CeCu5,191
CeCu5Ag,62
CeCuGe,187
CeCuGe,194
CeCuPb,186
CeCuSi,187
CeCuSi,194
CeCuSn,186
CeCuSn,194
CeDyMg2,225
CeDyZn2,225
CeGa2,191
CeGa2Ru,225
CeGa3Ag,119
CeGa3Pd2,191
CeGa4Co9,140
CeGa6Ru,123
CeGaAg,12
CeGaAg,44
CeGaAg,53
CeGaGe,109
CeGaNi,189
CeGaO3,221
CeGaRh,62
CeGaRu2,225
CeGe2Ru,225
CeGe3Ru,223
CeGeAu,216
CeGeIr,62
CeGeRu2,225
CeHN,216
CeHfPt,216
CeHfSc,216
CeHgPb,216
CeHgRh,216
CeHoIn2,225
CeIn2Ir,63
CeIn3,221
CeIn5Co,123
CeIn5Ir,123
CeIn5Rh,123
CeInAu,189
CeInCu,187
CeInCu2,225
CeInCuAg,216
CeInNi,189
CeInPd,189
CeInPd2,194
CeInPt,189
CeInPt,216
CeMg2Ag,225
CeMg2Cu,225
CeMgGa,189
CeMgHg2,225
CeMgZn2,225
CeMnIn,187
CeMnSi2Pd,119
CeNbPt,216
CeNdEr2,225
CeNdMg2,225
CeNiPb,216
CePPd,194
CePd,63
CePd3,221
CePd5,191
CePmEr2,225
CePrEr2,225
CePrGe,216
CePt3,221
CeReB4,55
CeRu2,227
CeRuPt,216
CeSb2Pd,129
CeSbPd,194
CeScGe,139
CeScIn,216
CeScNb,216
CeScRu,216
CeScSi,139
CeScTa,216
CeScZn,216
CeSi2Ru,11
CeSi2Ru3,191
CeSi2RuRh,119
CeSi3Ru,107
CeSiAg,187
CeSiGePd2,107
CeSiO4,141
CeSiPd2,62
CeSiRu,129
CeSmEr2,225
CeSmZn2,225
CeTaPt,216
CeTlAg2,225
CeTlPd,189
CeTlRh,216
CeTmMg2,225
CeV,221
CeVGe3,194
CeVO4,141
CeYTl2,225
CeZn,221
CeZn2Hg,225
CeZn2In,225
CeZn3Cu2,191
CeZn5,191
CeZnAgP2,156
CeZnAu2,225
CeZnGa,194
CeZnGa,216
CeZnGa3,119
CeZnGe,194
CeZnIn,194
CeZnNi,189
CeZnSi,187
Co(BW)2,71
Co(BW)3,63
Co(NiS2)2,227
Co(PtO2)3,65
Co(RhO2)2,227
Co(RhS2)2,227
Co(SbO3)2,136
Co21(B3Mo)2,225
Co21(B3W)2,225
Co21(ReB3)2,225
Co2AgPd,216
Co2AgPd,225
Co2B4Mo,71
Co2CuGe,225
Co2CuGe2,51
Co2CuS4,227
Co2Mo4C,227
Co2Sb2O7,227
Co2SiNi,225
Co3B2Mo,191
Co3Cu,139
Co3Mo,194
Co3Mo,221
Co3S4,227
Co3SiMo2,194
Co3W,194
Co3W,221
CoAgO2,194
CoAgPd,216
CoAgPd2,216
CoAgPd2,225
CoAs2,58
CoAs3,204
CoAsS,29
CoAsS,31
CoAsS,198
CoBMo,62
CoBW,62
CoBW,216
CoBiO3,99
CoCu2Sn,225
CoMo,221
CoMo2,140
CoMo3,225
CoMoP,62
CoMoP2,194
CoN,225
CoN3,204
CoNi,221
CoNi2Mo,139
CoNi2W,119
CoNiP,216
CoO,186
CoO,216
CoP2W,194
CoP3,204
CoPPd,129
CoPRh,216
CoRe3,194
CoReB,62
CoReGe2,216
CoRuPt,216
CoSb2,58
CoSb3,204
CoSbS,198
CoSe2,205
CoSeO3,62
CoSi2,225
CoSnRh2,139
CoTe2,58
CoW,221
CoW2,140
CoW3,221
Cr,194
Cr2AgPd,225
Cr2AgTe4,227
Cr2AsPt,216
Cr2CdS4,227
Cr2CdSe4,227
Cr2CoRu,123
Cr2CoSi,216
Cr2CuS4,227
Cr2CuSe4,227
Cr2CuTe4,227
Cr2FeSi,216
Cr2Ga,139
Cr2GaC,194
Cr2GaN,194
Cr2HgO4,227
Cr2HgS4,227
Cr2HgSe4,227
Cr2IrRu,123
Cr2MoW,225
Cr2NiOs,139
Cr2ReMo,71
Cr2TcMo,225
Cr2TcW,123
Cr2TcW,225
Cr2TeO6,136
Cr2WO6,136
Cr3(W10C3)2,225
Cr3C2,62
Cr3Cu,221
Cr3Ga,223
Cr3GaFe3As2,189
Cr3PtN,221
Cr3Ru,223
Cr3Si,223
Cr4MoRu,216
Cr4OsRu,216
CrAg3,139
CrAgPd,216
CrAgPd2,216
CrAgPd2,225
CrAs,194
CrAsIr,216
CrAsPd2,216
CrAsPt2,216
CrAsRu,216
CrAu4,87
CrB2,191
CrB2W,38
CrB4,58
CrB4,71
CrBIr,216
CrBRh,216
CrBiO3,62
CrBrCl,216
CrC,187
CrC,225
CrCo2As,225
CrCo2Bi,225
CrCo2Sb,225
CrCo2Si,225
CrCoB,216
CrCoGe,216
CrCoSb,216
CrCu2Si,225
CrCuB,216
CrCuO2,194
CrFe2Sb,225
CrFe2Si,225
CrFe2Sn,225
CrFeAs,216
CrFeC,216
CrFeGe,216
CrFeSi,216
CrFeSn,216
CrGa3P4,215
CrGa4,229
CrGaCo,216
CrGaCo2,123
CrGaCo2,225
CrGaFe2,225
CrGaIr,216
CrGaIr2,71
CrGaP2,115
CrGaRh,216
CrGaRh2,225
CrGaRu2,71
CrGaRu2,225
CrGaTc,107
CrGeIr,216
CrGeOs,216
CrGeRh,216
CrGeRu,216
CrGeRu2,71
CrGeRu2,225
CrHgAs,216
CrInCo,216
CrInCo2,225
CrInCu2,225
CrInIr,216
CrInNi2,225
CrInPt,216
CrIrRu,216
CrMoW2,71
CrMoW2,225
CrN,216
CrN,225
CrNi2Hg,216
CrNiAs,189
CrNiAs,216
CrNiSb,216
CrO2,136
CrO2,205
CrO2,225
CrO3,40
CrOsPb,216
CrP,62
CrP4,15
CrPO4,63
CrPPd,189
CrPPd,216
CrPd3,221
CrReAs,216
CrReP,216
CrReSb,216
CrReW2,71
CrRh3,221
CrRuC,216
CrRuPb,216
CrRuPt,216
CrRuRh,107
CrS,15
CrSi2,139
CrSi2,180
CrSiOs,216
CrSiRu,216
CrSiRu2,225
CrSnOs,216
CrSnRh2,139
CrSnRu,216
CrTcAs,216
CrTcMoW,216
CrTcP,216
CrTcSb,216
CrTcW,107
CrTcW2,123
CrTcW2,225
CrTe,63
CrTe,216
Cs2AgPd,225
Cs2AlRu,225
Cs2GeCl6,225
Cs2GeF6,225
Cs2HfI6,225
Cs2PbCl6,225
Cs2PdI6,225
Cs2Pt,194
Cs2PtBr6,225
Cs2PtC2,164
Cs2PtCl6,225
Cs2PtI6,225
Cs2SeCl6,225
Cs2SiF6,225
Cs2SnBr6,225
Cs2SnCl6,225
Cs2SnI6,225
Cs2TeBr6,225
Cs2TeCl6,225
Cs2TeI6,225
Cs2TiCl6,225
Cs2ZrCl6,225
Cs3BiO3,198
Cs3NiO2,136
Cs3Sb2I9,164
Cs3SbO3,198
CsAcTe2,225
CsAgBr2,63
CsAgO,139
CsAgPd,216
CsAgPd2,225
CsAlRu,216
CsAlRu2,225
CsClO4,216
CsCuF4,140
CsCuO2,63
CsFeO2,227
CsGeBr3,221
CsHfPt,216
CsHfSc,216
CsIn3,119
CsInPt,216
CsK2Bi,225
CsK2Sb,225
CsLaW2,139
CsNbN2,227
CsNbPt,216
CsRuPt,216
CsScIn,216
CsScNb,216
CsScRu,216
CsScTa,216
CsScZn,216
CsSn2Br5,140
CsSnBr3,221
CsSnI3,127
CsSnI3,221
CsTaPt,216
CsYO2,194
CsZnPt,216
Cu(IrS2)2,227
Cu(RhSe2)2,227
Cu(Si2Ni)2,166
Cu(SiRh)2,139
Cu12PdN4,123
Cu29(Ag6As7)2,1
Cu2AgAu,71
Cu2AgPd,225
Cu2AgPd2,139
Cu2As,129
Cu2As3,164
Cu2GePd,225
Cu2Ni,139
Cu2NiSn,225
Cu2O,224
Cu2S,225
Cu2Sb,129
Cu2Se,225
Cu3Ag,139
Cu3As,194
Cu3As,220
Cu3AsS4,215
Cu3Au,221
Cu3Ge,59
Cu3N,221
Cu3P,164
Cu3PS4,31
Cu3Pd,221
Cu3Pt,221
Cu3Rh,139
Cu3Sb,59
Cu3Sb,225
Cu3Se2,113
Cu3Sn,194
Cu3Sn,225
Cu4O3,141
Cu4SnP10,160
Cu6PbO8,225
CuAg3,194
CuAgPd,216
CuAgPd2,71
CuAgPd2,216
CuAgPd2,225
CuAgTe,216
CuAs,194
CuAs2,58
CuAsPt2,216
CuAsS,62
CuAu,123
CuAu3,139
CuAu3,221
CuBr,194
CuBr,205
CuBr,216
CuBr,225
CuCl,205
CuCl,216
CuCl,225
CuGeRh2,225
CuI,216
CuMo2As,216
CuNi2Sb,225
CuNi2Sn,225
CuNi3,139
CuNiAu,156
CuNiPd,156
CuNiSb,216
CuNiSb2,164
CuO,15
CuP2,3
CuP2,14
CuPd,221
CuPd2Au,71
CuPt7,225
CuRh3,139
CuRh5,123
CuRuPt,216
CuS2,205
CuSbAs,216
CuSbPd,216
CuSbPd2,71
CuSbRh,216
CuSbRh2,225
CuSbSe2,62
CuSe2,205
CuSiIr2,71
CuSiRh,216
CuSiRh2,225
CuSiTc2,71
CuSn,194
CuSnRh2,225
CuTcBi,216
Dy(Al2Cu)4,139
Dy(AlAg)2,139
Dy(AlAu)2,129
Dy(AlC)3,194
Dy(CuGe)2,139
Dy(CuSi)2,139
Dy(GaPt)2,139
Dy(GePd)2,139
Dy(GeRh)2,139
Dy(GeRu)2,139
Dy(MnAl2)4,139
Dy(NiGe)2,139
Dy(NiP)2,139
Dy(SiAg)2,139
Dy(SiAu)2,139
Dy(SiIr)2,129
Dy(SiIr)2,139
Dy(SiNi)2,139
Dy(SiOs)2,139
Dy(SiPd)2,139
Dy(SiPt)2,129
Dy(SiPt)2,139
Dy(SiRh)2,139
Dy(SiRu)2,139
Dy(TiGa2)2,139
Dy2(Ga3Ru)3,63
Dy2AgAu,225
Dy2AgIr,225
Dy2AgOs,225
Dy2AgRu,225
Dy2AlRu,225
Dy2AlZn,225
Dy2BiO2,139
Dy2CdGe2,127
Dy2CdIn,225
Dy2CdPd2,127
Dy2CuAg3,99
Dy2CuGe6,38
Dy2CuOs,225
Dy2CuRu,225
Dy2Ga3Ni,156
Dy2GaAg,225
Dy2Ge2Ru,12
Dy2Ge5Ru3,72
Dy2Hf2O7,227
Dy2In,194
Dy2InAg,225
Dy2InAu2,127
Dy2InCu2,127
Dy2InGe2,127
Dy2InHg,225
Dy2InPd2,127
Dy2IrAu,225
Dy2IrPd,225
Dy2IrRh,225
Dy2IrRu,225
Dy2MgAl,225
Dy2MgGe2,127
Dy2MgIn,225
Dy2MgSi2,127
Dy2MgTl,225
Dy2NiAs2,194
Dy2NiIr,225
Dy2OsPd,225
Dy2PdRu,225
Dy2ReC2,62
Dy2Ru2O7,227
Dy2RuRh,225
Dy2Si4Mo3,14
Dy2Sn2O7,227
Dy2Sn5Rh3,36
Dy2Ti2O7,227
Dy2TlAg,225
Dy2TlCd,225
Dy2TlZn,225
Dy2V2O7,227
Dy2ZnAg,225
Dy2ZnGa,225
Dy2ZnHg,225
Dy2ZnIn,225
Dy2ZnIr,225
Dy2ZnOs,225
Dy2ZnRh,225
Dy2ZnRu,225
Dy3(Al3Ru)4,194
Dy3Al2,136
Dy3AlC,221
Dy3AlN,221
Dy3Co4Ge13,223
Dy3Cu3Sb4,220
Dy3Ga,221
Dy3Ga15Ru4,62
Dy3Ga8Ag3,71
Dy3GaC,221
Dy3GaO6,36
Dy3Ge13Os4,223
Dy3Ge13Rh4,223
Dy3Ge13Ru4,223
Dy3Ge3Ru2,63
Dy3Ge4,63
Dy3In,221
Dy3InC,221
Dy3InN,221
Dy3Mn3Ga2Si,189
Dy3Ni2,12
Dy3Pd2,127
Dy3Pt,62
Dy3Ru,62
Dy3Sb4Au3,220
Dy3SnC,221
Dy4CdCo,216
Dy4CdRh,216
Dy4CrGa12,229
Dy4Ga12Pd,229
Dy4Ge6Ir7,229
Dy4Ge6Rh7,229
Dy4InRh,216
Dy4MgRh,216
Dy4Sb3,220
Dy5BiAu2,140
Dy5Ge3C,193
Dy5NiPb3,193
Dy5Ru2,15
DyAg,221
DyAg2,139
DyAgGe,189
DyAgHg2,225
DyAgPb,186
DyAgPd,216
DyAgPd2,225
DyAgSb2,129
DyAgSe2,19
DyAgSe2,109
DyAgSn,186
DyAgTe2,113
DyAl,221
DyAl2,227
DyAl3,139
DyAl3,194
DyAl3,221
DyAlAg2,225
DyAlAu,62
DyAlGa,187
DyAlNi,189
DyAlRu2,225
DyAlZn,194
DyAsPd,62
DyB2Ru,62
DyB2Ru3,191
DyB4Mo,55
DyB4Ru,55
DyBPd3,221
DyBi,225
DyBiPd,216
DyBiPt,216
DyBiRh,189
DyCdAu2,225
DyCdCu,189
DyCdGa,189
DyCdHg2,225
DyCdNi4,216
DyCoGe,62
DyCoGe2,63
DyCoSn,62
DyCu,221
DyCu4Ag,216
DyCu4Au,216
DyCu5,216
DyCuAs2,129
DyCuGe,186
DyCuGe,187
DyCuPb,186
DyCuSb2,129
DyCuSi,187
DyCuSi,194
DyCuSn,186
DyCuSn,194
DyErRu2,225
DyErZn2,225
DyGa,63
DyGa2,191
DyGa2Ni,63
DyGa3,194
DyGa3,221
DyGa3Cu,119
DyGa3Ru,221
DyGa4Ni,63
DyGaAg,12
DyGaPd,62
DyGaPt,62
DyGaRh2,225
DyGe,63
DyGeAu,186
DyGeIr,62
DyGePt,62
DyGeRu,62
DyHfPt,216
DyHfSc,216
DyHoCo2,225
DyHoIn2,225
DyHoMg2,225
DyHoRu2,225
DyHoTl2,225
DyHoZn2,225
DyIn,221
DyIn3,221
DyIn3Cu2,191
DyIn5Rh,123
DyInAg2,225
DyInAu,189
DyInAu2,225
DyInCo4,216
DyInCu,189
DyInCu2,225
DyInIr,189
DyInNi,189
DyInPd2,225
DyInPt,189
DyInPt,216
DyInPt2,194
DyInPt4,216
DyInRh,189
DyInRh2,225
DyLuIr2,225
DyLuMg2,225
DyLuTl2,225
DyMg2Cd,225
DyMg2Sc,225
DyMgAg,189
DyMgAg2,225
DyMgAu2,225
DyMgCd2,225
DyMgHg2,225
DyMgIn,189
DyMgPd,189
DyMgRh2,225
DyMgSn,139
DyMgTl2,225
DyMgZn2,225
DyNbPt,216
DyNbRu2,225
DyNiBi,216
DyNiC2,38
DyNiGe,62
DyNiP,194
DyNiSb,216
DyPPt,187
DyPaRu2,225
DyPaTc2,225
DyPbAu,216
DyPd,221
DyPd2Pb,225
DyPd3,221
DyPdPb,189
DyPt2,227
DyPt3,221
DyRe2,194
DyReB4,55
DyRuPt,216
DySb,225
DySbPd,186
DySbPd,194
DySbPd,216
DySbPt,216
DySc,166
DyScIn,216
DyScNb,216
DyScRu,216
DyScSb,129
DyScTa,216
DyScZn,216
DyScZn2,225
DySi,62
DySi,63
DySi2,141
DySi2Rh3,191
DySi3Ir,107
DySiAg,187
DySiAg,189
DySiIr,62
DySiPt,62
DySiRu,62
DySn2,63
DySn3,221
DySnAu,186
DySnAu,194
DySnAu2,225
DySnGe,63
DySnPd,62
DySnPd2,225
DySnPt,189
DySnRh,189
DySnRh2,225
DySnRu2,225
DyTaPt,216
DyTaRu2,225
DyThRu2,225
DyThTc2,225
DyTlPd,189
DyTlZn,194
DyTmAg2,225
DyTmCd2,225
DyTmMg2,225
DyTmRh,216
DyTmRu2,225
DyV,221
DyVO4,88
DyVO4,141
DyYCd2,225
DyYCu2,225
DyYRh2,225
DyYTl2,225
DyYZn2,225
DyZn,221
DyZn5,191
DyZnGa,194
DyZnIn,194
DyZnPt,216
DyZnRh,62
DyZnRh2,225
DyZnSi,187
DyZrRu2,225
DyZrSb,139
DyZrZn2,225
Er(Al2Mo)2,139
Er(Al5Ru)2,63
Er(AlC)3,194
Er(CuSi)2,139
Er(GeRh)2,139
Er(GeRu)2,139
Er(MnAl2)4,139
Er(NiP)2,139
Er(PRu)2,139
Er(SiIr)2,139
Er(SiNi)2,139
Er(SiOs)2,139
Er(SiPd)2,139
Er(SiPt)2,129
Er(SiRh)2,139
Er(SiRu)2,139
Er(TiGa2)2,139
Er(VGa2)2,139
Er2(Ga3Ru)3,63
Er2AgAu,225
Er2AgIr,225
Er2AgPd,225
Er2AgPt,225
Er2AgRh,225
Er2AgRu,225
Er2Al,62
Er2AlAu,225
Er2AlCd,225
Er2AlCu,123
Er2AlGa,225
Er2AlHg,225
Er2AlPd,225
Er2AlRu,225
Er2AlZn,225
Er2BiO2,139
Er2CdAg,225
Er2CdGe2,127
Er2CdIn,225
Er2CdPd,225
Er2CdPt,225
Er2CdRh,225
Er2CoAg,225
Er2CoOs,225
Er2CoPd,225
Er2CoPt,225
Er2CoRu,225
Er2CuOs,225
Er2CuPt,225
Er2CuRu,225
Er2GaAu,225
Er2GaIr,225
Er2GaOs,225
Er2GaPd,225
Er2GaRu,225
Er2Ge2Ru,12
Er2Ge5Ru3,72
Er2GePd,225
Er2Hf2O7,227
Er2HgRh,225
Er2HgRu,225
Er2In,194
Er2InAg,123
Er2InAg,225
Er2InAu,225
Er2InGa,225
Er2InIr,225
Er2InNi2,127
Er2InPd2,127
Er2InRu,225
Er2IrAu,225
Er2IrOs,225
Er2IrPd,225
Er2IrPt,225
Er2IrRh,225
Er2Mg2Ru,139
Er2Mg3Ru,123
Er2MgAg,225
Er2MgCd,225
Er2MgGe2,127
Er2MgIn,225
Er2MgOs,225
Er2MgRu,225
Er2MgSc,225
Er2MgTc,225
Er2Ni12P7,174
Er2NiIr,225
Er2NiOs,225
Er2NiRu,225
Er2NiSn6,65
Er2OsAu,225
Er2OsRh,225
Er2OsRu,225
Er2Pd2Pb,127
Er2PdRu,225
Er2PtRh,225
Er2ReC2,62
Er2RhAu,225
Er2Ru2O7,227
Er2RuAu,225
Er2RuPt,225
Er2RuRh,225
Er2Sn2O7,227
Er2SnAu2,136
Er2Ti2O7,227
Er2TlAg,225
Er2TlAu,225
Er2TlCd,225
Er2TlHg,225
Er2TlIn,225
Er2TlIr,225
Er2TlOs,225
Er2TlPb,225
Er2TlPd,225
Er2TmMg,225
Er2ZnAu,225
Er2ZnCo,225
Er2ZnGa,225
Er2ZnIn,225
Er2ZnIr,225
Er2ZnNi,225
Er2ZnOs,225
Er2ZnRu,225
Er2ZnTc,225
Er3(Al3Ru)4,194
Er3(In2Co)2,174
Er3(P3Pd10)2,225
Er3Al2,136
Er3AlC,221
Er3AlN,221
Er3Co4Ge13,223
Er3Ga15Ru4,62
Er3Ga8Ag3,71
Er3GaC,221
Er3GaO6,36
Er3Ge13Ir4,223
Er3Ge13Rh4,223
Er3Ge13Ru4,223
Er3Ge3Ru2,63
Er3Ge4,63
Er3In,194
Er3In,221
Er3InN,221
Er3Pd2,127
Er3Ru2,176
Er3Sb4Au3,220
Er3Si13Os4,223
Er3Sn7,65
Er4Ga12Fe,229
Er4Ga12Pd,229
Er4Ga16Co3,123
Er4Ge6Ir7,229
Er4Ge6Os7,229
Er4Ge6Rh7,229
Er4InRh,216
Er5BiPt2,140
Er5Ga3,193
Er5Ge3,193
Er5Ge3C,193
Er5In3,193
Er5NiPb3,193
Er5Sb3,193
Er5Si3,193
Er6MnBi2,189
Er8Ga3Co,186
ErAg,221
ErAg2,139
ErAg3,194
ErAgGe,189
ErAgHg2,225
ErAgS2,109
ErAgSe2,19
ErAgSn,186
ErAgSn,189
ErAl,57
ErAl2,227
ErAl2Ni,63
ErAl3,221
ErAl3Ni2,191
ErAl4Ni,63
ErAlAg2,225
ErAlAu,62
ErAlCu,189
ErAlGa,187
ErAlNi,189
ErAlPd,62
ErAlPd,189
ErAlRu2,225
ErAlZn,194
ErAsPd,62
ErAsPt,194
ErB2Ru3,191
ErB3Mo,11
ErBPd3,221
ErBi,225
ErBiPd,216
ErBiPt,216
ErCdCu4,216
ErCdGa,189
ErCdNi4,216
ErCdPd2,225
ErCdRh2,225
ErCoGe2,63
ErCoSi2,63
ErCrO4,141
ErCu,221
ErCu4Ag,216
ErCu4Pd,216
ErCu5,216
ErCuAs2,129
ErCuGe,186
ErCuGe,187
ErCuPb,186
ErCuPb,194
ErCuSi,187
ErCuSi,194
ErCuSn,186
ErCuSn,194
ErGa,63
ErGa2,191
ErGa2Ni,63
ErGa2Ni3,189
ErGa2Pd,63
ErGa3,221
ErGa3Ru,221
ErGa5Co,123
ErGaAg,12
ErGaAu,12
ErGaCo,62
ErGaIr,62
ErGaPd,62
ErGaRh,62
ErGaRh2,225
ErGe,63
ErGeIr,62
ErGePd2,62
ErGeRh,62
ErGeRu,62
ErHfPt,216
ErHfRu2,225
ErHfSc,216
ErIn,221
ErIn2Sn,123
ErIn3,221
ErIn5Co,123
ErInAg2,225
ErInAu,189
ErInAu2,225
ErInCo4,216
ErInCu,189
ErInCu2,225
ErInNi,189
ErInNi4,216
ErInPd,189
ErInPd2,225
ErInPt,189
ErInPt,216
ErInPt4,216
ErLuMg2,225
ErLuPd2,225
ErLuRu2,225
ErMgAg,189
ErMgHg2,225
ErMgIn,189
ErMgPd,189
ErMgSn,139
ErMgZn2,225
ErNbOs2,225
ErNbPt,216
ErNbRu2,225
ErNi4Au,216
ErNiBi,216
ErNiGe3,65
ErNiP,194
ErNiSb,216
ErPPd,62
ErPaRu2,225
ErPaTc2,225
ErPbAu,216
ErPd,221
ErPd3,221
ErPd3S4,223
ErPdPb,189
ErPt,62
ErPt2,227
ErPt3,221
ErRh2Pb,225
ErRu3,139
ErRuPt,216
ErSb,225
ErSbPd,216
ErSbPt,216
ErScIn,216
ErScNb,216
ErScRu,216
ErScTa,216
ErScZn,216
ErScZn2,225
ErSi,63
ErSi2,141
ErSi2Rh3,191
ErSiAg,187
ErSiAg,189
ErSiIr,62
ErSiPd2,62
ErSiPt,62
ErSiPt2,62
ErSiRu,62
ErSn2,63
ErSn3,221
ErSnAu,186
ErSnAu,216
ErSnGe,63
ErSnIr,189
ErSnPd,62
ErSnPd,189
ErSnPd2,225
ErSnPt,189
ErSnRh,189
ErSnRu2,225
ErTa3,225
ErTaOs2,225
ErTaPt,216
ErTaRu2,225
ErThRu2,225
ErTlPd,189
ErTlZn,194
ErTmMg2,225
ErTmRh,216
ErTmRu2,225
ErV,221
ErVB4,55
ErZn,221
ErZnGa,186
ErZnGa,194
ErZnIn,194
ErZnPt,62
ErZnPt,216
ErZrSb,139
Eu(AlZn)2,139
Eu(GeRu)2,139
Eu(ZnGa)2,139
Eu2AgGe,225
Eu2AgPd,225
Eu2AgPt,225
Eu2AlRu,225
Eu2CdGa,225
Eu2Ga7Ag,115
Eu2GaAg3,8
Eu2MgCd,225
Eu2SbAu,225
Eu2TlIn,225
Eu2ZnGa,225
Eu2ZnIn,225
Eu2ZnRh,225
EuAg2Sn,225
EuAlRu2,225
EuGa,2
EuGa3Ag,119
EuGaAg,12
EuGaAg4,65
EuGaSi,187
EuHfPt,216
EuHfSc,216
EuInAg2,225
EuInAu2,225
EuInPt,216
EuMnIn,187
EuNbPt,216
EuPd,63
EuRuPt,216
EuScIn,216
EuScNb,216
EuScRu,216
EuScTa,216
EuScZn,216
EuSiAg,187
EuSnRh2,225
EuTaPt,216
EuTiO3,221
EuZnGa,12
EuZnGe,51
EuZnGe,187
EuZnIn,12
EuZnIn3,107
EuZnPt,216
Fe(BW)2,71
Fe(BW)2,127
Fe(RhS2)2,227
Fe2AsAu,216
Fe2B,123
Fe2B4Mo,71
Fe2CoGe,225
Fe2CoSi,216
Fe2CuGe2,51
Fe2Re3,213
Fe2SiGe,225
Fe2SiNi,216
Fe2W,194
Fe3Cu,139
Fe3N,20
Fe3Pd,65
Fe3Pd,221
Fe3Re,194
Fe3W,194
Fe6W6C,227
FeAg3,225
FeB2,62
FeB2,191
FeB4,58
FeBMo,63
FeBW,62
FeBiO3,62
FeCo2Ge,225
FeCo2Si,225
FeCo3,221
FeCu2Sn,225
FeCuNi,156
FeCuPt2,123
FeCuRh2,71
FeGe,191
FeGeIr,216
FeGeMo,216
FeGeRu2,225
FeGeW,216
FeNiMo,216
FeO,225
FePbW,216
FePbW2,216
FePd,123
FePd3,221
FeRe,187
FeRuPt,216
FeS2,205
FeSbMo,216
FeSe2,58
FeSi,198
FeSi2Ru,225
FeSi2Tc,225
FeSiMo,216
FeSiRu2,225
FeSiTc2,225
FeSiW,216
FeSnMo,216
FeSnRh2,139
FeSnRh2,225
FeSnRu2,225
FeSnW,216
FeTc2Ge,225
FeTcGe,216
FeTe,129
FeTe2,58
FeWC,216
FeWN2,194
Ga,12
Ga2AgRu,216
Ga2AgRu,225
Ga2AsRu,216
Ga2AsRu,225
Ga2Au,225
Ga2BRu,216
Ga2BRu,225
Ga2BSb,225
Ga2BiAs,115
Ga2BiRu,216
Ga2BiRu,225
Ga2CoAs,216
Ga2CoRu,123
Ga2CoRu,216
Ga2CoRu,225
Ga2Cu,123
Ga2Cu,225
Ga2CuPt,225
Ga2FeIr,225
Ga2FeNi,225
Ga2FeRh,225
Ga2HgTe4,82
Ga2IrRh,225
Ga2IrRu,225
Ga2Ni,123
Ga2Ni,225
Ga2NiRu,225
Ga2O3,12
Ga2Os,70
Ga2P,21
Ga2P,47
Ga2PbSe4,66
Ga2PdRu,123
Ga2Pt,225
Ga2Rh,71
Ga2Ru,70
Ga2Ru,227
Ga2RuAu,216
Ga2RuAu,225
Ga2RuAu2,139
Ga2RuPt,71
Ga2RuPt,225
Ga2RuRh,123
Ga2RuRh,225
Ga2TeO6,136
Ga3(BRu2)2,123
Ga3Ag,139
Ga3Ag,194
Ga3Ag,225
Ga3As,221
Ga3Au,225
Ga3B,221
Ga3Bi,221
Ga3Co,136
Ga3Cu,221
Ga3Ge,221
Ga3Ni2,164
Ga3Ni5,65
Ga3Os,136
Ga3Pd5,55
Ga3Pd7,12
Ga3Pt2,164
Ga3Ru,136
Ga3Sb,139
Ga40AgMo8,148
Ga4Cu9,215
Ga5Ag13,1
Ga5Pd,140
Ga5W2,127
Ga7Ni3,229
GaAg,221
GaAg2,189
GaAg2Ru,216
GaAg2Ru,225
GaAg3,187
GaAg3,194
GaAg3,221
GaAgO2,194
GaAgRu,216
GaAgRu2,216
GaAgRu2,225
GaAgS2,122
GaAgSn,216
GaAgTe2,122
GaAs,44
GaAs,123
GaAs,186
GaAs,205
GaAs,216
GaAs2,25
GaAs2Ru,216
GaAs2Ru,225
GaAs2W,216
GaAsAu,216
GaAsPd2,99
GaAsPd5,123
GaAsRu,216
GaAsRu2,225
GaAu,62
GaAu2,36
GaAuO2,194
GaB2,12
GaB2,47
GaB2Ru,216
GaB2Ru,225
GaBRu,216
GaBRu2,225
GaBi,216
GaBi2Ru,216
GaBi2Ru,225
GaBi3,221
GaBiO3,54
GaBiO3,221
GaBiRu,216
GaBiRu2,225
GaCo,221
GaCo2Mo,123
GaCo2Ni,123
GaCo2Ni,139
GaCo2Ni,225
GaCo2Tc,123
GaCoMo,216
GaCoNi,187
GaCoNi2,225
GaCoRu,216
GaCoRu2,216
GaCoRu2,225
GaCoW,216
GaCu2,139
GaCu3,139
GaCuO2,194
GaCuPd2,71
GaCuPdRh,216
GaCuPt,187
GaCuPt2,123
GaCuPt2,225
GaCuRh2,225
GaCuS2,122
GaCuTe2,122
GaFe2Co,225
GaFe2Ni,225
GaFe3,194
GaFe3,221
GaFeCo2,225
GaFeNi2,123
GaFeNi2,225
GaFeRh2,225
GaFeRu2,71
GaFeRu2,225
GaFeTcW,216
GaGeRu2,225
GaIr,221
GaIrW,216
GaMo3,223
GaN,186
GaN,216
GaNi,221
GaNi2,194
GaNi2Pt,123
GaNi3,139
GaNi3,221
GaNi6Sb,187
GaNiAs,216
GaNiGe,216
GaNiRh2,123
GaNiRh2,225
GaP,12
GaP,119
GaP,166
GaP,186
GaP,216
GaP,225
GaP2Pd,115
GaP2Pt,115
GaPPd2,99
GaPPd5,123
GaPPt2,99
GaPPt5,123
GaPd,198
GaPd,221
GaPd3,194
GaPd3,221
GaPt,198
GaPt3,127
GaPt3,140
GaPt3,221
GaReAs,216
GaReTc2,71
GaRh,221
GaRh3,139
GaRhW,216
GaRu,221
GaRu2Au,216
GaRu2Au,225
GaRuAu,216
GaRuAu2,216
GaRuAu2,225
GaRuPt,216
GaRuRh2,99
GaSb,119
GaSb,186
GaSb,216
GaSi3,225
GaSiAs,216
GaSiNi,216
GaSiRu2,225
GaSnAu,216
GaSnHg,216
GaSnRu2,71
GaTc2W,225
GaTcRuW,216
Gd(Al5Ru)2,63
Gd(AlC)3,194
Gd2AlRu,225
Gd2AlZn,225
Gd2GaAg,225
Gd2Hf2O7,227
Gd2IrRu,225
Gd2Sn2O7,227
Gd2Ti2O7,227
Gd2ZnAg,225
Gd2ZnGa,225
Gd2ZnIn,225
Gd2Zr2O7,227
Gd3AlC,221
Gd3GaO6,36
Gd3Ge13Ru4,223
Gd3InN,221
GdAg,221
GdAlGa,187
GdAlO3,62
GdAlRu2,225
GdAlZn,194
GdAlZnGe2,156
GdBiPd,216
GdBiPt,216
GdCuSi,187
GdGa3Ru,221
GdGeRu,62
GdHfPt,216
GdHfSc,216
GdMoC2,62
GdNbPt,216
GdNiBi,216
GdNiSb,216
GdPaRu2,225
GdPbAu,216
GdRuPt,216
GdSbPt,216
GdScIn,216
GdScNb,216
GdScRu,216
GdScTa,216
GdScZn,216
GdSnAu,216
GdTaPt,216
GdVO4,141
GdZnGa,194
GdZnGe,187
GdZnIn,194
GdZnPt,216
GdZnSi,187
Ge,141
Ge,194
Ge,206
Ge,227
Ge(SeO3)2,205
Ge2AsRu,216
Ge2AsRu,225
Ge2AsRu2,139
Ge2BRu,216
Ge2BRu,225
Ge2BiRu,216
Ge2BiRu,225
Ge2Mo,62
Ge2Mo,139
Ge2Pt,58
Ge2RuAu,216
Ge2RuAu,225
Ge2W,62
Ge2W,139
Ge3As4,215
Ge3Ir2S3,200
Ge3Mo5,140
Ge3Mo5C,193
Ge3N4,176
Ge3N4,220
Ge3N4,227
Ge3Pd,221
Ge3Pt2,62
Ge3Rh5,55
Ge3Ru2,60
Ge3Ru2,116
Ge3W5,140
Ge7Ir3,229
GeAs,107
GeAs2Ru,216
GeAs2Ru,225
GeAsRh2,216
GeAsRu,216
GeAsRu2,225
GeAsW,12
GeB2Ru,216
GeB2Ru,225
GeBRu,216
GeBRu2,225
GeBi2Ru,216
GeBi2Ru,225
GeBiRu,216
GeBiRu2,225
GeC,216
GeC,225
GeMo3,223
GeO2,60
GeO2,136
GeO2,205
GeOsW,216
GeP,107
GePbO3,221
GePd,62
GePd2,189
GePt2,189
GePtRh,216
GePtSe,29
GeRh,198
GeRh2,62
GeRu,198
GeRu2Au,216
GeRu2Au,225
GeRuAu,216
GeRuAu2,216
GeRuAu2,225
GeRuPt,216
GeS2,122
GeSe,225
GeTe,225
H2W,62
HPd,225
HW,194
Hf,191
Hf,194
Hf(AgGe)2,139
Hf(Al2Fe)4,139
Hf(AlFe)6,71
Hf(BH4)4,215
Hf(CoB)2,139
Hf(CoGe)6,191
Hf(CoSi)2,139
Hf(CuP)2,164
Hf(FeAs)2,139
Hf(FeB)2,139
Hf(FeGe)2,139
Hf(FeGe)6,191
Hf(FeP)2,139
Hf(FeSi)2,57
Hf(FeSi)2,139
Hf(GaFe)6,71
Hf(GeAu)2,139
Hf(MnB)2,139
Hf(MnGe)2,139
Hf(MnGe)6,191
Hf(MnSn)6,191
Hf(NiB)2,139
Hf(SiNi)2,139
Hf(TiAl2)2,139
Hf(VGa2)2,139
Hf(VGe)2,139
Hf(VSi)2,139
Hf10(AlSi)3,189
Hf10SiMo3,194
Hf2(Ni7B2)3,225
Hf20Si12B,10
Hf27(Si3P5)2,71
Hf2Ag,139
Hf2AgGe,216
Hf2AgGe,225
Hf2AgGe2,139
Hf2Al,140
Hf2Al3Ag,166
Hf2Al3C4,194
Hf2Al3Zn,166
Hf2AlFe,216
Hf2AlFe,225
Hf2AlGe,225
Hf2AlGe2,139
Hf2AlMo,123
Hf2AlSi,38
Hf2AlTc,123
Hf2Au,139
Hf2B,166
Hf2BeCu,99
Hf2BeFe,99
Hf2BeFe,216
Hf2BeFe,225
Hf2BeGa,99
Hf2BeGe,216
Hf2BeGe,225
Hf2BeMo,225
Hf2BeNi,99
Hf2BeRe,71
Hf2BeTc,225
Hf2BeV,225
Hf2BeW,225
Hf2BeZn,225
Hf2Bi,12
Hf2BiB,216
Hf2CS,194
Hf2Cd,139
Hf2CdGe,216
Hf2CdGe,225
Hf2Co3Si4,60
Hf2Co7,12
Hf2CoIr,225
Hf2CoP,11
Hf2CoRe,225
Hf2CoRu,71
Hf2CoTc,225
Hf2Cr3Si,194
Hf2Cr4Si5,72
Hf2Cu,139
Hf2CuGe4,63
Hf2CuMo,71
Hf2CuOs,225
Hf2CuRe,225
Hf2CuRh,225
Hf2CuSb3,115
Hf2CuSi3,123
Hf2CuSi4,63
Hf2CuTc,71
Hf2Fe,227
Hf2Fe2As,139
Hf2Fe3Si,194
Hf2FeAg,216
Hf2FeAg,225
Hf2FeAs,216
Hf2FeAs,225
Hf2FeAs2,139
Hf2FeAu,216
Hf2FeAu,225
Hf2FeB,216
Hf2FeB,225
Hf2FeBi,216
Hf2FeBi,225
Hf2FeCo,71
Hf2FeCu,71
Hf2FeIr,225
Hf2FeOs,225
Hf2FeRe,71
Hf2FeRh,71
Hf2FeRh,225
Hf2FeRu,71
Hf2FeTc,225
Hf2Ga,140
Hf2Ga3,43
Hf2Ga3Cu,8
Hf2GaMo,123
Hf2GaSb3,115
Hf2Ge,140
Hf2GeAs,225
Hf2GeAs2,139
Hf2GeAu,216
Hf2GeAu,225
Hf2GeAu2,139
Hf2GeB,225
Hf2GeBi,225
Hf2H2Pd,139
Hf2Hg,139
Hf2In,71
Hf2In5,127
Hf2InC,194
Hf2InNi2,127
Hf2InPd2,127
Hf2Ir,227
Hf2IrRh,225
Hf2IrRu,225
Hf2MgBe,123
Hf2MgRe,71
Hf2MgZr3,123
Hf2MnCo,71
Hf2MnCo,123
Hf2MnFe,139
Hf2MnOs,225
Hf2MnRh,225
Hf2MnZn,166
Hf2MoIr,225
Hf2MoOs,123
Hf2MoOs,225
Hf2MoPd,71
Hf2MoPt,71
Hf2MoPt,225
Hf2MoRh,225
Hf2Nb3Ge4,62
Hf2NbAl,123
Hf2NbPd,123
Hf2NbZn,123
Hf2Ni,140
Hf2Ni2Sn,127
Hf2Ni2Sn,136
Hf2NiMo,71
Hf2OsPd,225
Hf2OsRh,225
Hf2OsRu,123
Hf2Pd,139
Hf2Pd,227
Hf2PdRh,71
Hf2ReAg,71
Hf2ReHg,71
Hf2ReIr,225
Hf2ReRh,225
Hf2ReRu,71
Hf2Rh,227
Hf2RuRh,123
Hf2RuRh,225
Hf2S,194
Hf2Sb3Pd,115
Hf2SbP,194
Hf2Sc3Si4,92
Hf2ScAl,123
Hf2ScIr,225
Hf2Si,123
Hf2Si,140
Hf2Si4Mo3,62
Hf2Si4Ni3,64
Hf2Si4Ru3,15
Hf2SiAs3,115
Hf2SiMo3,194
Hf2SiNi3,194
Hf2Tc,139
Hf2TcMo,123
Hf2TcMo,225
Hf2TcNi,225
Hf2TcOs,123
Hf2TcOs,225
Hf2TcPd,225
Hf2TcRh,225
Hf2TcRu,123
Hf2TcRu,225
Hf2TcSb3,115
Hf2Ti,139
Hf2TiAl,123
Hf2TiIr,71
Hf2TiSn,123
Hf2V3Ge,194
Hf2VOs,71
Hf2VSi2,123
Hf2Zn,139
Hf2ZnCu,225
Hf2ZnFe,71
Hf2ZnHg,12
Hf2ZnOs,71
Hf2ZnRe,225
Hf2ZnRh,71
Hf2ZnTc,71
Hf2Zr,191
Hf2ZrMn,123
Hf2ZrTi,123
Hf3(Cu2Ge)2,189
Hf3(Cu2Si)2,189
Hf3(CuSi)4,71
Hf3(NbGe2)2,62
Hf3(Ni10B3)2,225
Hf3(NiGe)4,71
Hf3Ag,221
Hf3Al,221
Hf3Al2,136
Hf3AlGe5,38
Hf3As2,62
Hf3Au,221
Hf3B,71
Hf3B2Ir5,127
Hf3Be,139
Hf3Bi,139
Hf3Co2Si3,63
Hf3Fe2Si3,63
Hf3Ge,86
Hf3Ge,139
Hf3Ge2,127
Hf3GeMo8,156
Hf3Hg,139
Hf3In,139
Hf3In4,127
Hf3InB,221
Hf3Nb2Ga3,193
Hf3Ni,194
Hf3Os,225
Hf3P2,62
Hf3Pb,139
Hf3Pb,194
Hf3Pb,221
Hf3Pt,194
Hf3Rh,139
Hf3Rh5,55
Hf3Ru,71
Hf3Sb,82
Hf3Sb2,123
Hf3Sc,221
Hf3ScSi4,6
Hf3Si,139
Hf3Si,194
Hf3Si2,127
Hf3Si3Ni2,63
Hf3SiMo8,156
Hf3Sn,139
Hf3TaFe8,156
Hf3Ti,221
Hf3Tl,139
Hf3Zn3C,227
Hf3Zn3N,227
Hf4AgPd,123
Hf4Al3,191
Hf4AlSi,97
Hf4BePb,216
Hf4Co4Ge7,139
Hf4Co4Si7,139
Hf4Co7Ge6,229
Hf4CuP,124
Hf4CuSi3,25
Hf4CuSi4,12
Hf4Fe,227
Hf4Fe4Ge7,139
Hf4Fe7As6,229
Hf4FeP,124
Hf4GeSb7,6
Hf4NbGe4,62
Hf4NiP,124
Hf4Si7Ni4,139
Hf4USi4,76
Hf4ZnGa11,99
Hf5Al3N,193
Hf5CuPb3,193
Hf5CuSn3,193
Hf5FeSb2,140
Hf5Ga3,193
Hf5Ge3,193
Hf5Ge4,62
Hf5Ir3,193
Hf5P7Pd9,38
Hf5Pb,123
Hf5Sb3,62
Hf5Sc,189
Hf5Sc5Ge6,38
Hf5Sc5Si6,38
Hf5ScSi4,83
Hf5Si3,193
Hf5Si4,92
Hf5Sn3,193
Hf5Sn4,193
Hf5ZnSb3,193
Hf6Al16Os7,225
Hf6Al16Pd7,225
Hf6Al16Pt7,225
Hf6Al16Rh7,225
Hf6Al2Fe,189
Hf6Al2Pt,189
Hf6Co16Ge7,225
Hf6Co16Si7,225
Hf6CoBi2,189
Hf6CoSb2,189
Hf6Fe16Si7,225
Hf6FeSb2,189
Hf6Ga2Fe,189
Hf6Ga2Ni,189
Hf6Ni16Ge7,225
Hf6NiSb2,189
Hf6Si7Ni16,225
Hf6Zn16Cu7,225
Hf8GeMo5,38
Hf9FeMo4,194
Hf9FeRe4,194
Hf9FeW4,194
Hf9GeMo4,194
Hf9Re4Ge,194
Hf9Re4Si,194
Hf9SiMo4,194
HfAg,129
HfAg2Ge,216
HfAg2Ge,225
HfAgAu2,71
HfAgB,216
HfAgGe,216
HfAgGe2,216
HfAgGe2,225
HfAgPt,216
HfAl,63
HfAl2,194
HfAl2Au,123
HfAl2Cu,123
HfAl2Fe,216
HfAl2Fe,225
HfAl2Ga,139
HfAl2Ge,216
HfAl2Ge,225
HfAl2Pd,123
HfAl2Zn,123
HfAl3,139
HfAl3,221
HfAl4Ir,123
HfAl4Rh,123
HfAl5Fe,123
HfAl5Rh,123
HfAlAg,216
HfAlAu,216
HfAlAu2,225
HfAlCo2,225
HfAlCoRu,216
HfAlCu2,225
HfAlCuNi,216
HfAlFe,38
HfAlFe,216
HfAlFe2,216
HfAlFe2,225
HfAlFe4,216
HfAlFeCo,216
HfAlFeRh,216
HfAlGa2,123
HfAlGe,216
HfAlGe2,216
HfAlGe2,225
HfAlIr2,225
HfAlNi2,225
HfAlNiPd,216
HfAlPd2,225
HfAlPt,189
HfAlPt,190
HfAlPt,216
HfAlPt2,225
HfAlRh2,225
HfAlRu,187
HfAlRu2,123
HfAlRu2,225
HfAlRuRh,216
HfAlZn,74
HfAlZn2,123
HfAs,194
HfAs2,62
HfAs3,139
HfAsIr,216
HfAsPt,216
HfAsRh,216
HfAsRh2,99
HfAsRh5,123
HfAsRu,189
HfAu,129
HfAu2,139
HfAu4,62
HfB,225
HfB12,225
HfB2,191
HfB3,47
HfB4Ir3,176
HfB6,221
HfBAu,216
HfBPt,216
HfBRh3,221
HfBe,63
HfBe13,226
HfBe2,191
HfBe2Bi,216
HfBe2Co,123
HfBe2Fe,99
HfBe2Fe,123
HfBe2Fe,216
HfBe2Fe,225
HfBe2Ge,119
HfBe2Ge,216
HfBe2Ge,225
HfBe2Ni,99
HfBe2Ru,119
HfBe2V,65
HfBe2W,99
HfBe2Zn,99
HfBe4Fe,216
HfBe4Rh,216
HfBe4Tc,216
HfBe5,191
HfBeAu2,71
HfBeBi,107
HfBeCd,107
HfBeCd2,216
HfBeCo2,99
HfBeCo4,216
HfBeCu,187
HfBeFe,216
HfBeFe2,216
HfBeFe2,225
HfBeFe4,216
HfBeGa,107
HfBeGe,216
HfBeGe2,216
HfBeGe2,225
HfBeIr2,225
HfBeNb2,119
HfBeNi,107
HfBeP,187
HfBeP2,99
HfBePb2,119
HfBePd,107
HfBePt,216
HfBeRh2,99
HfBeRh2,225
HfBeRu,99
HfBeRu,107
HfBeRu2,99
HfBeSb2,119
HfBeSi,107
HfBeSi,194
HfBeSn,187
HfBeTc,107
HfBeTc2,99
HfBeV,107
HfBeZn,107
HfBeZn2,99
HfBiIr,216
HfBiPt,216
HfBiRh,216
HfBiRh2,225
HfC,216
HfC,225
HfCd,129
HfCd2Ge,216
HfCd2Ge,225
HfCdCu2,225
HfCdGe,216
HfCdGe2,216
HfCdGe2,225
HfCdPt,216
HfCdRh,187
HfCdRh2,225
HfCo,221
HfCo2,227
HfCo2Ge,225
HfCo2Ir,225
HfCo2Sn,225
HfCo3B,221
HfCo3B2,191
HfCoAs,62
HfCoAs,216
HfCoB,187
HfCoBi,216
HfCoGe,62
HfCoGe,187
HfCoP,62
HfCoP,187
HfCoP,216
HfCoPt,216
HfCoSb,216
HfCoSi,38
HfCoSi,62
HfCoSi,129
HfCoSn,189
HfCoSn,190
HfCr2,227
HfCrAu2,71
HfCrGe2,55
HfCrPt,216
HfCrSi,62
HfCrSi2,55
HfCu2Si,225
HfCuB,216
HfCuGe,62
HfCuGe,139
HfCuGe2,129
HfCuGeAs,129
HfCuHg2,216
HfCuP,156
HfCuPt,216
HfCuSb,216
HfCuSi,62
HfCuSi,216
HfCuSi2,129
HfCuSn,186
HfFe2,194
HfFe2,227
HfFe2Ag,216
HfFe2Ag,225
HfFe2As,216
HfFe2As,225
HfFe2Au,216
HfFe2Au,225
HfFe2B,216
HfFe2B,225
HfFe2Bi,216
HfFe2Bi,225
HfFe2Ge,225
HfFe2Sn,225
HfFeAg,216
HfFeAg2,216
HfFeAg2,225
HfFeAs,62
HfFeAs,216
HfFeAs2,216
HfFeAs2,225
HfFeAu,216
HfFeAu2,216
HfFeAu2,225
HfFeB,216
HfFeB2,216
HfFeB2,225
HfFeBi,216
HfFeBi2,216
HfFeBi2,225
HfFeGe,189
HfFeGe2,55
HfFeGe2,99
HfFeP,62
HfFePt,216
HfFeSb,62
HfFeSe,216
HfFeSi,62
HfFeSi2,71
HfFeTe,216
HfGa2,141
HfGa2Ag,123
HfGa2Co,107
HfGa2Ir,225
HfGa2Rh,225
HfGa2Ru,225
HfGa3,139
HfGa4Co,123
HfGa4Ir,123
HfGa4Ni,123
HfGa4Rh,123
HfGa4Ru,123
HfGa5Co,123
HfGa5Ni,123
HfGaAg,216
HfGaAu,187
HfGaAu,216
HfGaCo,189
HfGaCo2,225
HfGaCoNi,216
HfGaCoRu,216
HfGaCu,194
HfGaIr2,225
HfGaNi,189
HfGaNi2,225
HfGaNi4,216
HfGaPd,190
HfGaPt,189
HfGaPt,216
HfGaRh,189
HfGaRh2,225
HfGaRu2,225
HfGaRuRh,216
HfGe2,63
HfGe2As,216
HfGe2As,225
HfGe2Au,216
HfGe2Au,225
HfGe2B,216
HfGe2B,225
HfGe2Bi,216
HfGe2Bi,225
HfGe2Rh,55
HfGe2Ru,55
HfGeAs,216
HfGeAs2,216
HfGeAs2,225
HfGeAu,216
HfGeAu2,216
HfGeAu2,225
HfGeB,216
HfGeB2,216
HfGeB2,225
HfGeBi,216
HfGeBi2,216
HfGeBi2,225
HfGeIr,62
HfGeMo,62
HfGeOs,189
HfGePd,11
HfGePd,216
HfGePt,62
HfGePt,216
HfGeRh,62
HfGeRh,189
HfGeRh2,71
HfGeRu,189
HfGeRu2,225
HfH2,139
HfHgPt,216
HfIn3,139
HfInAu,216
HfInAu2,225
HfInCo,216
HfInCo2,225
HfInCo4,216
HfInCu2,123
HfInCu2,225
HfInNi2,225
HfInPd2,123
HfInPd2,225
HfInPt,216
HfInPt2,123
HfInRh,187
HfInRh2,139
HfInRh2,225
HfInRu2,71
HfIr,11
HfIr,51
HfIr,221
HfIr3,221
HfIrPt,216
HfMg,123
HfMg,225
HfMg14Fe,38
HfMg14Fe,187
HfMg14Si,38
HfMg14Si,187
HfMg2Be,216
HfMg3,194
HfMg6Fe,38
HfMg6Si,38
HfMgAu2,225
HfMgBe2,123
HfMgIr2,225
HfMgPd2,225
HfMgPt,216
HfMgPt2,225
HfMgRh2,123
HfMgRh2,225
HfMgRuRh,216
HfMgSc,216
HfMgZn2,71
HfMgZn2,225
HfMn2,194
HfMn2Be,99
HfMn2Be,119
HfMnBe,107
HfMnBe2,119
HfMnBe2,123
HfMnCo2,71
HfMnGe,189
HfMnGe2,55
HfMnP,62
HfMnPt,216
HfMnRh2,225
HfMnSi,62
HfMnSi2,55
HfMnTe,216
HfMnTl,216
HfMo,129
HfMo2,227
HfMoAs,216
HfMoAs2,99
HfMoP,189
HfMoPt,216
HfN,221
HfN,225
HfN2,194
HfN2,205
HfNb2W,123
HfNbB2,38
HfNbB4,71
HfNbFeTc,216
HfNbMo2,123
HfNbMo2,225
HfNbOs2,123
HfNbOs2,225
HfNbOsRu,216
HfNbP,62
HfNbPt,216
HfNbRu2,225
HfNbSi,38
HfNbTc2,123
HfNbTc2,225
HfNbTcOs,216
HfNbTcRu,216
HfNbZn2,123
HfNi2,227
HfNi2Ge,225
HfNi2Pb,225
HfNi2Sb,194
HfNi2Sn,225
HfNi3,221
HfNi4Au,216
HfNi4Ge,216
HfNi4Pb,216
HfNiC,216
HfNiGe,62
HfNiGe,216
HfNiGe2,99
HfNiP,62
HfNiP,187
HfNiPb,216
HfNiPt,216
HfNiPt2,139
HfNiRh2,123
HfNiSb,216
HfNiSn,216
HfNpPt,216
HfNpSc,216
HfO2,14
HfO2,62
HfO2,225
HfOs,221
HfOs3,221
HfOsPt,216
HfP,194
HfP2,62
HfPRh,216
HfPRu,189
HfPaPt,216
HfPaTc2,225
HfPbO3,221
HfPbS3,62
HfPd,63
HfPd,221
HfPd3,194
HfPd3,221
HfPd5,65
HfPdPb,216
HfPdPt,216
HfPdRh2,123
HfPt,63
HfPt,221
HfPt2Rh,123
HfPt3,194
HfPt3,221
HfPtAu,216
HfPtPb,8
HfPtPb,216
HfPtRh,216
HfPtW,216
HfRe2,194
HfRePt,216
HfReSi,189
HfReSi2,55
HfRh,221
HfRh2Au,123
HfRh3,221
HfRu,221
HfRu3,194
HfRu3,221
HfRuPt,216
HfS2,164
HfSO,198
HfSb,63
HfSb2,58
HfSb2,129
HfSb3,194
HfSbIr,216
HfSbPt,216
HfSbRh,216
HfSbRu,216
HfSbRu2,123
HfSc,123
HfSc,187
HfSc2Al,123
HfSc2Ir,225
HfSc3Si8,25
HfScAg,216
HfScAl,216
HfScAl4,216
HfScAs,216
HfScAu,216
HfScAu2,71
HfScB,216
HfScBe,216
HfScBe2,119
HfScBe2,123
HfScBi,216
HfScCd,216
HfScCo,216
HfScCo2,225
HfScCoTc,216
HfScCr,216
HfScCu,216
HfScFe,216
HfScGa,216
HfScGe,216
HfScGe4,38
HfScHg,216
HfScHg2,71
HfScIn,216
HfScIr,216
HfScIr2,225
HfScMn,216
HfScMo,216
HfScNb,216
HfScNi,216
HfScOs,216
HfScOs2,123
HfScOs2,225
HfScOsRu,216
HfScPa,216
HfScPb,216
HfScPd,216
HfScPt,216
HfScRe,216
HfScRh,216
HfScRh2,225
HfScRu,216
HfScRu2,123
HfScRu2,225
HfScRuRh,216
HfScSb,216
HfScSi,216
HfScSi2,38
HfScSn,216
HfScTa,216
HfScTc,216
HfScTc4,216
HfScTcNi,216
HfScTi,216
HfScTl,216
HfScU,216
HfScV,216
HfScW,216
HfScZn,216
HfScZn2,225
HfSi,62
HfSi2,63
HfSi3,139
HfSiIr,62
HfSiMo,62
HfSiNi,62
HfSiNi,216
HfSiNi2,99
HfSiNi2,194
HfSiO4,141
HfSiOs,46
HfSiOs,189
HfSiPd,62
HfSiPd,216
HfSiPt,62
HfSiPt,216
HfSiPt2,99
HfSiRh,62
HfSiRu,46
HfSiRu,189
HfSiRu2,225
HfSiTc2,71
HfSiW,38
HfSiW,62
HfSiW4,216
HfSn,198
HfSn2,181
HfSnIr,189
HfSnPd,216
HfSnPd2,99
HfSnPt,216
HfSnRh,189
HfSnRh,190
HfSnRh2,225
HfSnRu2,225
HfTa2,139
HfTa2Mo,123
HfTaFe2,71
HfTaFe4,164
HfTaMnFe,216
HfTaMo2,71
HfTaMo2,123
HfTaMo2,225
HfTaNb,107
HfTaNb2,123
HfTaOs2,71
HfTaOsRu,99
HfTaPt,216
HfTaRe2,225
HfTaRu2,225
HfTaSi,38
HfTaTc2,123
HfTaTc2,225
HfTaTcMo,216
HfTc,221
HfTc2,194
HfTc2,227
HfTc2Ge,71
HfTc2Mo,71
HfTc2Mo,123
HfTc2Sb,123
HfTc2Sb,225
HfTc2W,225
HfTcIr2,99
HfTcMoW,216
HfTcPt,216
HfTcSb,187
HfTcSb2,99
HfTeRu,216
HfThPt,216
HfThSc,216
HfThTc2,225
HfTi,187
HfTi2Al5,139
HfTi2Bi,123
HfTi2Cu,123
HfTi2InB,123
HfTi2Pd,123
HfTi2Rh,123
HfTi2Rh3,123
HfTi2Zn3,123
HfTi3,25
HfTi3,194
HfTi3,221
HfTi3Tc2,123
HfTiAs2,160
HfTiB4,191
HfTiBe2,123
HfTiCr4,216
HfTiFe2,71
HfTiFe4,164
HfTiMn2,225
HfTiMoPt,216
HfTiMoRh,216
HfTiOs2,123
HfTiOs2,225
HfTiOsRu,216
HfTiPt,216
HfTiRe2,71
HfTiRu2,123
HfTiSi,129
HfTiTc,107
HfTiTc2,123
HfTiTcOs,216
HfTiTcRh,216
HfTiZn2,225
HfTl3,139
HfTlAu,216
HfTlPt,216
HfU3Sb5,193
HfUPt,216
HfV,221
HfV2,227
HfV2O7,205
HfV2Si,225
HfV4Mo,216
HfVF6,225
HfVGe,129
HfVGe,139
HfVGe2,123
HfVP,62
HfVPt,216
HfVRh2,99
HfVSi,38
HfVSi,129
HfW2,227
HfZn,221
HfZn2,227
HfZn2Au,225
HfZn2Ga,123
HfZn2Ga,160
HfZn2Ge,123
HfZn2Pd,225
HfZn3,194
HfZn4Mo,216
HfZn4Tc,216
HfZnAu2,225
HfZnCo2,225
HfZnCu2,225
HfZnCu4,216
HfZnGa2,123
HfZnIr2,225
HfZnNi2,225
HfZnPd2,225
HfZnPt,216
HfZnPt2,225
HfZnRh2,71
HfZnRh2,123
HfZnRh2,225
HfZnRuRh,216
HfZnSi,216
HfZr,59
HfZr,123
HfZr,187
HfZr2Al,123
HfZr2Tc3,123
HfZr2Ti,123
HfZr2Zn,123
HfZr2Zn3,123
HfZr3,139
HfZr3,194
HfZr3,221
HfZrAl4,216
HfZrAs2,160
HfZrB4,47
HfZrBe,156
HfZrCo2,71
HfZrFe2,225
HfZrFe4,216
HfZrIn2,123
HfZrMoPt,216
HfZrMoRh,216
HfZrOs2,123
HfZrOsRh,216
HfZrOsRu,216
HfZrPdRu,216
HfZrPt,216
HfZrRu2,71
HfZrRu2,123
HfZrRu2,225
HfZrSc,216
HfZrSc2,123
HfZrTc2,225
HfZrTcOs,216
HfZrZn2,225
HfZrZnMo,99
Hg2Pt,123
Hg2Sb2O7,227
Hg3Pd,221
Hg4Pt,229
Hg5Pd2,127
HgAsPd5,123
HgOsPb2,225
HgPPd5,123
HgPPt5,123
HgPRh,216
HgPd,123
HgPd2Au,225
HgPd3,139
HgPd3,221
HgPt,123
HgPt3,221
HgRuPt,216
HgSbAu,216
Ho(Al5Ru)2,63
Ho(AlC)3,194
Ho(CuGe)2,139
Ho(CuSi)2,139
Ho(GePd)2,139
Ho(GeRh)2,139
Ho(GeRu)2,139
Ho(MnSn)6,191
Ho(Ni2As)2,136
Ho(NiGe)2,139
Ho(PRu)2,139
Ho(SiAu)2,139
Ho(SiIr)2,139
Ho(SiNi)2,139
Ho(SiOs)2,139
Ho(SiPd)2,139
Ho(SiRh)2,139
Ho(SiRu)2,139
Ho(TiGa2)2,139
Ho(ZnP)3,194
Ho2(Ga3Ru)3,63
Ho2Al,62
Ho2AlCd,225
Ho2AlOs,225
Ho2AlRu,225
Ho2AlZn,225
Ho2BiO2,139
Ho2CdCu2,127
Ho2CdIn,225
Ho2CdOs,225
Ho2CoOs,225
Ho2CoRu,225
Ho2CuGe6,38
Ho2CuOs,225
Ho2CuRh,225
Ho2CuRu,225
Ho2CuTc,225
Ho2GaAg,225
Ho2GaRu,123
Ho2Ge2Ru,12
Ho2Ge5Ru3,72
Ho2Ge6Pd,38
Ho2Hf2O7,227
Ho2In,194
Ho2InAg,123
Ho2InAg,225
Ho2InCu2,127
Ho2InHg,225
Ho2InNi2,65
Ho2InNi2,127
Ho2InPd2,127
Ho2IrAu,225
Ho2IrPd,225
Ho2IrRh,225
Ho2IrRu,225
Ho2MgAl,225
Ho2MgGe2,127
Ho2MgIn,225
Ho2Ni12As7,174
Ho2NiAs2,194
Ho2NiGe6,38
Ho2NiIr,225
Ho2NiRu,225
Ho2NiSn6,65
Ho2OsAu,225
Ho2OsPd,225
Ho2OsPt,225
Ho2OsRu,225
Ho2PdRh,225
Ho2PdRu,225
Ho2Ru2O7,227
Ho2RuAu,225
Ho2RuPt,225
Ho2Sn2O7,227
Ho2Sn5Rh3,36
Ho2TlAg,225
Ho2TlCd,225
Ho2ZnCu,225
Ho2ZnGa,225
Ho2ZnHg,225
Ho2ZnIn,225
Ho2ZnIr,225
Ho2ZnOs,225
Ho2ZnPd,225
Ho2ZnPt,225
Ho3(Al3Ru)4,194
Ho3Al2,136
Ho3AlC,221
Ho3AlN,221
Ho3Cu3Sb4,220
Ho3Ga15Ru4,62
Ho3Ga8Ag3,71
Ho3GaC,221
Ho3GaO6,36
Ho3Ge13Os4,223
Ho3Ge13Rh4,223
Ho3Ge13Ru4,223
Ho3Ge3Ru2,63
Ho3In,194
Ho3In,221
Ho3InN,221
Ho3Pd2,127
Ho3Ru,62
Ho3Sb4Au3,220
Ho3Sc,194
Ho3Sn7,65
Ho4CdCo,216
Ho4CdRh,216
Ho4Ga12Fe,229
Ho4Ga12Ni,229
Ho4Ga12Pd,229
Ho4Ga16Co3,123
Ho4Ge6Ir7,229
Ho4Ge6Rh7,229
Ho4Ge8Ru,25
Ho4InRh,216
Ho4Sb3,220
Ho5Ni2Sb,140
Ho5Sb3,193
Ho5SbAu2,140
Ho6Bi2Rh,189
Ho6GaCo2,71
HoAg,221
HoAg2,139
HoAgGe,189
HoAgPb,186
HoAgSe2,19
HoAgSn,186
HoAgSn,187
HoAgSn2,123
HoAl2,227
HoAl3,221
HoAlAg2,225
HoAlAu2,225
HoAlGa,187
HoAlNi,189
HoAlPd,62
HoAsPd,62
HoB2Ru,62
HoB2Ru3,191
HoB4Ru,55
HoBPd3,221
HoBi,225
HoBiPd,216
HoBiPt,216
HoCdAu2,225
HoCdCu4,216
HoCdHg2,225
HoCdNi4,216
HoCdPd2,225
HoCo3Cu2,191
HoCoC2,38
HoCrO4,141
HoCu,221
HoCu4Ag,216
HoCu4Pd,216
HoCu5,191
HoCuAs2,129
HoCuGe,187
HoCuP2,129
HoCuPb,186
HoCuPb,194
HoCuSb2,129
HoCuSi,187
HoCuSi,194
HoCuSn,186
HoCuSn,194
HoErAg2,225
HoErAl2,225
HoErCd2,225
HoErIn2,225
HoErPd2,225
HoErRh2,225
HoErRu2,225
HoErTl2,225
HoErZn2,225
HoGa,63
HoGa2,191
HoGa2Pd,63
HoGa3,221
HoGa3Ru,221
HoGa5Co,123
HoGaAg,12
HoGaNi,62
HoGaO3,62
HoGaPt,62
HoGe,63
HoGeAu,216
HoGeIr,62
HoGeRh,62
HoGeRu,62
HoHfPt,216
HoHfRu2,225
HoHfSc,216
HoIn,221
HoIn3,221
HoIn5Co,123
HoIn5Rh,123
HoInAg2,225
HoInAu,189
HoInAu2,225
HoInCo4,216
HoInCu2,225
HoInIr,189
HoInNi,189
HoInNi4,216
HoInPd,189
HoInPd2,225
HoInPt,189
HoInPt,216
HoInPt4,216
HoInRh,189
HoLuAg2,225
HoLuAl2,225
HoLuCd2,225
HoLuIn2,225
HoLuRh2,225
HoLuTl2,225
HoMg2Sc,225
HoMgAu2,225
HoMgCd2,225
HoMgIn,189
HoMgRh2,225
HoMgSn,139
HoMgZn2,225
HoMnGa,189
HoMnGe,62
HoMnIn,187
HoNbOs2,225
HoNbPt,216
HoNbRu2,225
HoNi4Au,216
HoNiBi,216
HoNiC2,38
HoNiSb,216
HoPaOs2,225
HoPbAu,216
HoPd,62
HoPd,221
HoPd3,221
HoPd3S4,223
HoPt2,227
HoPt3,221
HoRe2,194
HoRh2Pb,225
HoRuPt,216
HoSb,225
HoSbPd,216
HoSbPd2,225
HoSbPt,216
HoSbRh2,225
HoScIn,216
HoScNb,216
HoScRu,216
HoScRu2,225
HoScTa,216
HoScZn,216
HoSi,62
HoSi,63
HoSi2Rh3,191
HoSi3Ir,107
HoSiIr,62
HoSiPt2,62
HoSiRh,62
HoSiRu,62
HoSn2,63
HoSn3,221
HoSnAu,186
HoSnAu,194
HoSnAu,216
HoSnGe,63
HoSnIr,189
HoSnPd,62
HoSnPd2,225
HoSnPt,189
HoSnRh,189
HoSnRh2,225
HoTa3,225
HoTaOs2,225
HoTaPt,216
HoTaRu2,225
HoThTc2,225
HoTiSi,129
HoTlPd,189
HoTlRh2,225
HoTmCu2,225
HoTmMg2,225
HoTmPd2,225
HoTmRh,216
HoTmTl2,225
HoTmZn2,225
HoV,221
HoVB4,55
HoZn,221
HoZn2,74
HoZn2Hg,225
HoZnGe,194
HoZnIn,194
HoZnPd2,225
HoZnPt,216
HoZnRh,62
HoZnRh2,225
HoZnSi,187
HoZnSn2,129
HoZrSb,139
HoZrZn2,225
In(SiPt)2,139
In2Au,225
In2CoS4,227
In2CoSe4,227
In2GeB,225
In2HgS4,227
In2Ir,225
In2O3,206
In2PdAu,12
In2Pt,225
In2Pt3,194
In2ReB,225
In2Rh,10
In2SbAs,160
In2SnPb,71
In3Ag,139
In3As,221
In3Co,136
In3Ga,225
In3Ge,225
In3Ir,62
In3Ir,136
In3Ni2,164
In3Pd,221
In3Pd2,164
In3Rh,136
In3Ru,118
In3Ru,136
In3S4,227
In3Sb,221
In4Ag9,215
In4Au9,215
In4Cu9,215
In5AgSe8,111
In5AgTe8,111
In5B4Ir9,189
In5Se5Br,31
In7Pt3,229
InAg3,221
InAgO2,194
InAgPb,216
InAgPd2,71
InAgPt,187
InAgPt,216
InAgPt2,225
InAgS2,122
InAgTe2,122
InAs,186
InAs,205
InAs,216
InAs,225
InAsPd5,123
InAsPt,216
InAsPt2,99
InAsPt5,123
InAu2,139
InAuO2,194
InB2As,216
InB3,8
InBPt,216
InBRh2,160
InBRh3,221
InBi,129
InBi,216
InBiO3,33
InBiO3,62
InBiO3,221
InBiPt,216
InBr,63
InCoPt,216
InCoSi2,225
InCoW,216
InCu2,194
InCu3,194
InCuO2,194
InCuPd2,225
InCuPt,216
InCuPt2,123
InCuRh2,71
InCuSe2,122
InFeAs,216
InFeCo2,225
InFeNi,187
InFeO3,194
InFePt,216
InGaAg,216
InGaNi,216
InGaO3,194
InGaP2,160
InGaPb,216
InGaPd,216
InGaPt,216
InGaRh2,123
InGaSb2,115
InGaTe2,140
InGe3,221
InGePt,216
InHO2,58
InHO2,198
InHO2,205
InHg,166
InHg3,21
InHgAu,216
InHgPt,216
InHgW2,225
InIrPt,216
InIrW,216
InMoPt,216
InN,186
InN,216
InN,225
InNi,191
InNi,221
InNi2,194
InNi2As,216
InNi3,194
InNi3,221
InNi6Sb,187
InNiGe,216
InNiPt,216
InNiSb,216
InOsPt,216
InP,186
InP,216
InP,225
InP2Pb,216
InP3,166
InPPd5,123
InPPt5,123
InPb,12
InPb,65
InPbAu,216
InPd,221
InPd2,62
InPd2Au,225
InPd3,123
InPd3,139
InPd3,221
InPdAu,187
InPdAu2,99
InPdPt,216
InPt,166
InPt3,221
InPt3C,221
InPtAu,216
InPtPb,216
InPtRh,216
InPtRh2,123
InPtW,216
InReGe,216
InRePt,216
InRh,221
InRh2,71
InRhW,216
InRu3,194
InRuPt,216
InSb,25
InSb,119
InSb,186
InSb,216
InSb,221
InSb,225
InSb3,225
InSbAu,216
InSbPt,216
InSbS3,62
InSiIr,216
InSiPt,187
InSiPt,216
InSiPt2,99
InSiPt5,123
InSiRh2,123
InSn2I5,140
InSn3,221
InSnPt,216
InTc3,139
InTcPt,216
InTe,221
InTe,225
Ir3Ru,139
Ir3W,194
IrOsRu,156
IrOsW,216
IrRu,129
IrRu,187
IrRu2,139
IrRu3,194
IrRuPt,216
IrRuW2,65
IrW,51
K(AgSb)2,139
K(AlGa)2,139
K(BH)3,225
K(CdAg)2,139
K(GaGe)2,139
K(InAu2)2,140
K(InBi)2,139
K(NaAg)2,12
K(SiPd)4,79
K(SnAu)3,59
K2Ag,191
K2AgAs,63
K2AgAu,123
K2AgBi,20
K2AgBi,63
K2AgP,63
K2AgSb,63
K2AlF5,123
K2As2Pd,63
K2BaGa,123
K2BaV,99
K2BeMo,216
K2BeOs,216
K2BeTl,216
K2BeW,216
K2BeZn,123
K2CuAs,63
K2CuP,63
K2CuSb,63
K2HfF6,225
K2Mg5Sn3,139
K2MnBe,139
K2MnCl6,225
K2MnF6,225
K2NaGaAs2,72
K2NaGaP2,72
K2NaInAs2,72
K2NaInP2,72
K2NaInSb2,64
K2NiAs2,63
K2NiF6,225
K2P2Pd,63
K2Pd,123
K2PdBr4,123
K2PdCl4,123
K2PdCl6,225
K2PtBr4,123
K2PtBr6,225
K2PtCl6,225
K2RbBi,225
K2RbSb,225
K2ReBr6,225
K2ReCl6,225
K2SeBr6,225
K2SiF6,225
K2SnBr6,225
K2SnCl6,225
K2TcCl6,225
K2TeBr6,225
K2TiCl6,225
K2YBe,139
K2ZnF4,139
K3(Mg10In7)2,221
K34(Zn4In17)5,166
K3Ag,221
K3Ag3As2,166
K3AlF6,225
K3Bi,194
K3Bi,225
K3BiSe3,198
K3BiTe3,198
K3Cu3As2,166
K3Cu3P2,166
K3In,139
K3In,221
K3Mo,139
K3Nb,194
K3Pd,164
K3Pd,221
K3Sb,225
K3SbS3,198
K3SbSe3,198
K3SbTe3,198
K3Sc,225
K3V,225
K3W,225
K3WF6,225
K3Zn,221
K3ZnH5,140
K4BeNb,216
K4Si23,223
K4Sn23,223
K4ZnAs2,166
K4ZnP2,166
K5CuAs2,194
K5CuSb2,166
K5Sb4,12
K7NbAs4,31
K7TaAs4,31
K8SnSb4,227
KAg,221
KAgC2,123
KAgF3,62
KAgO,139
KAgTe,216
KAlO2,227
KAlTe2,140
KBIr2,225
KBa2Pd,225
KBa2Re,216
KBa4Mo,216
KBa4Re,216
KBa4W,216
KBaAs,216
KBaBe,216
KBaBi,216
KBaCl,216
KBaCr,216
KBaCu,216
KBaFe,216
KBaGe,216
KBaHf,216
KBaHg,216
KBaMo,216
KBaNb,216
KBaP,216
KBaPb,216
KBaRu2,139
KBaSb,216
KBaSi,216
KBaSn,216
KBaTa,216
KBaTi,216
KBaTl,216
KBaV,216
KBaV4,216
KBe2Hg,225
KBeGa2,225
KBeGa4,216
KBeIn2,216
KBeIn4,216
KBeIr2,139
KBeMo2,216
KBeNb2,119
KBeNi2,119
KBePd2,99
KBePt,216
KBeW2,216
KBeZn2,216
KCa2Be,119
KCaAs,216
KCaBi,216
KCaP,216
KCaSb,216
KClO4,216
KCoAs,216
KCoO2,129
KCrF3,140
KCrO2,194
KCuF3,127
KCuF3,140
KCuO,139
KCuO,216
KCuS,33
KCuSe,194
KCuTe,194
KCuTe,216
KEr3F10,225
KFeP,216
KFeTc2,216
KGa3,119
KHfBe,107
KHfNi,216
KHfPt,216
KHfSc,216
KHg2B,216
KHgAu,216
KHgSb,194
KIn4,139
KIn9Ni2,191
KInPt,216
KLaPb,216
KLaSn,216
KLi2Be,119
KLiTe,216
KMgAs,216
KMgSb,216
KMnF3,221
KMnRu,216
KMnTe2,119
KMoRu2,216
KNa2Bi,225
KNa2Sb,225
KNaAu,216
KNaBi,216
KNaHf,216
KNaHg,216
KNaRu,216
KNaSb,216
KNaSe,216
KNaTe,216
KNbO3,38
KNbPt,216
KNbS2,194
KNbSe2,194
KNiF3,221
KPdF3,221
KRbAg,216
KRbAu,216
KRbAu2,225
KRbHg,216
KRuPt,216
KSbO3,227
KSc2Be,99
KSc2Co,216
KScBe2,123
KScIn,216
KScNb,216
KScRu,216
KScTa,216
KScZn,216
KSiTc2,216
KSnOs,216
KSnSb,186
KSr2Be,119
KSrAs,216
KSrBi,216
KSrP,216
KSrSb,216
KTa2Be,99
KTa2Be,216
KTaO3,221
KTaPt,216
KTb3F10,225
KTi2Be,216
KTi2Bi,225
KTiBe2,225
KTl2Bi,225
KV,221
KVF3,221
KY3F10,225
KYBe2,216
KYGe,216
KYSn,216
KZn,47
KZn,123
KZn,187
KZn13,226
KZnAs,187
KZnAs,194
KZnF3,221
KZnP,194
KZnPt,216
KZnSb,187
KZnSb,194
KZr2Nb,225
La(Al10V)2,227
La(Al2Fe)4,139
La(Al5Ru)2,63
La(AlZn)2,139
La(BRu)4,86
La(CuGe)2,139
La(CuSi)2,139
La(CuSn)2,129
La(Ge2Rh3)2,187
La(GeIr)2,129
La(GePd)2,139
La(GePt)2,129
La(GePt)2,139
La(GeRh)2,139
La(GeRu)2,139
La(NiAs)2,139
La(P3Ru)4,204
La(PRu)2,139
La(Sb3Ru)4,204
La(SbPd)2,129
La(ScSi)2,139
La(SiAg)2,139
La(SiIr)2,129
La(SiIr)2,139
La(SiOs)2,139
La(SiPd)2,139
La(SiPt)2,129
La(SiPt)2,139
La(SiRh)2,139
La(SiRu)2,139
La(TiAl10)2,227
La10Si8O3,191
La2(Ga3Ru)3,63
La2AgRu,225
La2AgSn,225
La2Al2Ge,63
La2Al2I,194
La2AlZn,71
La2AlZn,123
La2CdIn,225
La2CuIr,225
La2GaAg,225
La2GaIr,71
La2Ge5Ru3,72
La2Hf2O7,227
La2HoSc,225
La2InGa,71
La2InNi2,55
La2InNi2,127
La2InPd2,127
La2InRh2,127
La2IrRu,71
La2Pd,139
La2Pd2O5,84
La2Pd2Pb,127
La2PdPt,225
La2Ru,12
La2Sb,139
La2Sn2O7,227
La2Ti2O7,227
La2TlHg,225
La2TmMg,225
La2YSc,123
La2Zn,139
La2ZnAg,225
La2ZnGa,225
La2ZnHg,225
La2ZnIn,71
La2ZnIr,225
La2Zr2O7,227
La2ZrBe,139
La3(GaRu)2,11
La3Al,194
La3Al,221
La3AlC,221
La3AlN,221
La3Bi4Pt3,220
La3Ga,221
La3GaBr3,221
La3Ge,62
La3HfSb5,193
La3In,221
La3InB,221
La3InC,221
La3InN,221
La3MgBi5,193
La3Sb4Au3,220
La3Sc,65
La3Sc,139
La3Sc,221
La3ScBi5,193
La3Sn,221
La3Sn13Ir4,223
La3Sn13Rh4,223
La3Sn13Ru4,223
La3Sn4,63
La3Sn7,65
La3TaO7,65
La3ZrSb5,193
La4Bi3,220
La4CdRu,216
La4Ge3,220
La4MgIr,216
La4MgRu,216
La4Sb3,220
La5Al2Ru3,199
La5Sb3Br,193
La5Si3,140
La5Sn3Br,193
La5Sn3Cl,193
La5Sn3I,193
La7Pt3,186
LaAg,123
LaAg,221
LaAg2Sn,225
LaAgAu2,225
LaAgGe,186
LaAgGe,216
LaAgPb,186
LaAgSn2,99
LaAl,63
LaAl2,227
LaAl2BRu2,123
LaAl3Cu,107
LaAl3Pd2,191
LaAl4,139
LaAl4Co,51
LaAlGa,187
LaAlHg,216
LaAlO3,221
LaAlZn,12
LaAsPd,194
LaAsPd,216
LaB2Ru3,191
LaBPt2,180
LaBRu3,221
LaBeOs2,216
LaBeTl,216
LaBi,225
LaBiAu2,225
LaBiPd,216
LaBiPt,216
LaBiPt2,225
LaCd2Ag,225
LaCd2In,71
LaCd2Pd,63
LaCdAg2,225
LaCdPd,189
LaCoS,216
LaCoSe,216
LaCoSi3,107
LaCoTe,216
LaCrO3,221
LaCrS3,62
LaCrSe3,62
LaCu,62
LaCu2,65
LaCuC,216
LaCuGe,187
LaCuPb,186
LaCuPb,194
LaCuSi,187
LaCuSi,194
LaCuSn,187
LaCuSn,194
LaDyMg2,225
LaEuAg2,225
LaFeAs,216
LaFeF,216
LaFeO3,221
LaGa2,191
LaGa3Pt,119
LaGaAu2,225
LaGaPd2,62
LaGaPt,62
LaGe,62
LaGe,63
LaGe2Ir3,191
LaGe2Pd,63
LaGe2Rh,63
LaGe3Os,107
LaGe3Rh,107
LaGe3Ru,107
LaGeOs,216
LaGeRu,129
LaHfPt,216
LaHfSc,216
LaHgPd,189
LaHoRu2,225
LaIn,221
LaIn2Pb,123
LaIn3,221
LaInAg2,225
LaInAu,189
LaInCu,189
LaInCu2,225
LaInHg,216
LaInO3,62
LaInPd,189
LaInPd2,194
LaInPt,189
LaInPt,216
LaInPt4,216
LaInRh,189
LaInW,216
LaMgAg,189
LaMgAg2,225
LaMgCd2,225
LaMgGa,189
LaMgHg2,225
LaMgNb2,225
LaMgNi4,216
LaMgPd,189
LaMgScAl,216
LaMgTl,216
LaMgTl2,225
LaMgZn2,225
LaMnIn,187
LaMnO3,221
LaNbPt,216
LaNdZn2,225
LaNi,63
LaNi2Rh3,191
LaNi2Sb,225
LaNiAs,216
LaNiBi,216
LaNiGe2,63
LaNiO2,123
LaNiP,216
LaNiSb,216
LaOF,216
LaPPd,187
LaPPd,194
LaPd,63
LaPd3,221
LaPd3S4,223
LaPd5,191
LaPdPb,189
LaPt,63
LaPt2,227
LaPt3,221
LaPt5,191
LaRe2W,216
LaReB,216
LaRhS,216
LaRhSe,216
LaRuF,216
LaRuPt,216
LaSb,225
LaSb2,64
LaSbPd,194
LaSbPd,216
LaSbPt,216
LaSc,123
LaSc,166
LaSc3,221
LaScAu2,71
LaScIn,216
LaScNb,216
LaScRu,216
LaScSi,139
LaScTa,216
LaScZn,216
LaSeBr,216
LaSeCl,216
LaSi,62
LaSi,63
LaSi2,141
LaSi2Rh,63
LaSi2Rh3,191
LaSi3Ir,107
LaSi3Os,107
LaSi3Pd,107
LaSi3Rh,107
LaSi3Ru,107
LaSiAg,187
LaSiAu,216
LaSiIr,198
LaSiNi2,225
LaSiRh,198
LaSmZn2,225
LaSn,63
LaSn2,65
LaSn2Rh,63
LaSn3,221
LaSn3Ru,223
LaSnAu,216
LaSnPd,62
LaSnPd,189
LaTa2Be,216
LaTaPt,216
LaTeBr,216
LaTeRh,216
LaTiO3,221
LaTlPd,189
LaTlZn,194
LaY2Sc,123
LaYO3,33
LaYSc2,123
LaYbCu2,225
LaZn,221
LaZn2,74
LaZn3,225
LaZn4Ni,187
LaZn5,191
LaZnAg,187
LaZnAg2,225
LaZnGa,194
LaZnGa2Co,123
LaZnIn,194
LaZnIr,216
LaZnPt,216
LaZnSi,187
Li(CuP)2,139
Li(Mg2Si)2,123
Li(Mg2Si)4,221
Li(SiPd)2,139
Li(Sn3Pd)2,127
Li(VP)2,139
Li(YSi)2,127
Li21Si5,216
Li2AcAl,225
Li2AcPb,225
Li2AcTl,225
Li2Ag,10
Li2AgAs,71
Li2AgAu,225
Li2AgBi,216
Li2AgBi,225
Li2AgHg,225
Li2AgPb,216
Li2AgPb,225
Li2AgPd,225
Li2AgSb,216
Li2AgSn,225
Li2AlAg,119
Li2AlAg,216
Li2AlCd,225
Li2AlGa,216
Li2AlNi,216
Li2AlPd,216
Li2AlPt,216
Li2AlRh,216
Li2AlTl,225
Li2AsAu,216
Li2AsPd,216
Li2AsRh,216
Li2BPd3,212
Li2BeBi,119
Li2BeCd,216
Li2BeCu,99
Li2BeMo,139
Li2BeNb,139
Li2BePd,123
Li2BeTc,139
Li2BeW,139
Li2BiAu,216
Li2BiPd,216
Li2BiRh,216
Li2CaAl,225
Li2CaGa,71
Li2CaGa,225
Li2CaGe,225
Li2CaIn,225
Li2CaPb,225
Li2CaPd2,139
Li2CaSi,225
Li2CaSn,225
Li2CaTl,225
Li2CdAg,225
Li2CdAu,225
Li2CdBi,225
Li2CdGa,71
Li2CdGe,225
Li2CdHg,225
Li2CdPb,216
Li2CdPb,225
Li2CdPd,225
Li2CdPt,225
Li2CdRh,225
Li2CdSb,225
Li2CdSn,225
Li2CeAl,225
Li2CeGa,225
Li2CePb,225
Li2CeSi,225
Li2CoSb,216
Li2CuAg,71
Li2CuAs,194
Li2CuAu,71
Li2CuBi,216
Li2CuNi,216
Li2CuP,71
Li2CuP,194
Li2CuPd,71
Li2CuSb,216
Li2CuSi,216
Li2CuSn,216
Li2DyIn,225
Li2DyPb,225
Li2DyTl,225
Li2ErSn,225
Li2EuIn,225
Li2EuPb,225
Li2FeRh,216
Li2Ga,63
Li2GaAg,71
Li2GaAg,216
Li2GaAs,12
Li2GaAu,216
Li2GaBi,225
Li2GaGe,225
Li2GaHg,71
Li2GaIr,216
Li2GaPd,216
Li2GaPt,216
Li2GaRh,216
Li2GaRu,216
Li2GaSb,225
Li2GaSn,225
Li2GeAu,216
Li2GeO3,36
Li2GePd,225
Li2GePt,216
Li2H6Pt,225
Li2HfIr,216
Li2HgAu,225
Li2HgBi,225
Li2HgGe,225
Li2HoAl,225
Li2HoIn,225
Li2HoTl,225
Li2In,139
Li2InAg,216
Li2InAu,216
Li2InBi,225
Li2InGa,12
Li2InHg,225
Li2InIr,216
Li2InIr,225
Li2InNi,216
Li2InPb,12
Li2InPb,225
Li2InPd,216
Li2InPt,216
Li2InRh,216
Li2InSb,71
Li2InSn,225
Li2La2Ge3,63
Li2LaAl,225
Li2LaBi,216
Li2LuIn,225
Li2MgAg,71
Li2MgCd,225
Li2MgGa,71
Li2MgGe,216
Li2MgGe,225
Li2MgHg,216
Li2MgHg,225
Li2MgIn,225
Li2MgPb,225
Li2MgPd,225
Li2MgSi,215
Li2MgSi,216
Li2MgSn,216
Li2MgSn,225
Li2MgTl,216
Li2MgTl,225
Li2MgZn,225
Li2MnBe,139
Li2MnRh,216
Li2NdAl,225
Li2NdGa,225
Li2NdHg,225
Li2NdIn,225
Li2NdSn,225
Li2NdTl,225
Li2NiBi,216
Li2NiRh,216
Li2NiSb,216
Li2PPd,216
Li2PbAu,216
Li2Pd,191
Li2PdAu,225
Li2PdPb,225
Li2PmAl,225
Li2PmGa,225
Li2PmGe,225
Li2PmHg,225
Li2PmIn,225
Li2PmPb,225
Li2PmSi,225
Li2PmSn,225
Li2PmTl,225
Li2PrAl,225
Li2PrMg,225
Li2PrTl,225
Li2Pt,191
Li2RhPb,225
Li2SbAu,216
Li2SbPd,216
Li2SbPt,139
Li2SbPt,216
Li2SbRh,216
Li2ScIn,225
Li2ScIr,216
Li2ScPd,216
Li2ScPt,216
Li2ScTl,225
Li2Si2O5,37
Li2SiAg,216
Li2SiAu,216
Li2SiPd,225
Li2SiPt,216
Li2SiRu,216
Li2SmAl,225
Li2SmCd,225
Li2SmIn,225
Li2SmTl,225
Li2SnAu,216
Li2SnBi,139
Li2SnGe,216
Li2SnIr,216
Li2SnIr,225
Li2SnPb,139
Li2SnPb,225
Li2SnPd,216
Li2SnPt,216
Li2SnRh,216
Li2TiAs,216
Li2TlAg,216
Li2TlAg,225
Li2TlAs,225
Li2TlAu,216
Li2TlBi,225
Li2TlCu,225
Li2TlPb,225
Li2TlPd,225
Li2TlPt,225
Li2TlRh,216
Li2TlSb,225
Li2TlSn,225
Li2TlZn,225
Li2TmGa,225
Li2TmTl,225
Li2VP,216
Li2YAl,225
Li2YBe,216
Li2YBi,216
Li2YIn,71
Li2YPt,216
Li2YSn,225
Li2YTl,225
Li2YbAl,225
Li2YbGe,225
Li2YbPb,225
Li2YbSi,225
Li2YbSn,225
Li2Zn,71
Li2ZnAg,225
Li2ZnAu,225
Li2ZnCl4,227
Li2ZnGa,71
Li2ZnGe,216
Li2ZnIn,71
Li2ZnPd,71
Li2ZnPd,123
Li2ZnPt,71
Li2ZnSb,225
Li2ZnSn,225
Li2ZrPt,225
Li3Ag,225
Li3Bi,225
Li3Cu,139
Li3CuP2,164
Li3Ga,139
Li3Ga,225
Li3Ga2,166
Li3In,225
Li3In2,166
Li3Nb,139
Li3NbP2,164
Li3Pd,139
Li3Pd,221
Li3Pd,225
Li3Re,194
Li3Sb,225
Li3Zn,194
Li3Zn,225
Li4BePd,216
Li4BeW,216
Li4ScP2,166
Li5(Cu2P3)2,71
Li5AlO4,59
Li5In4,164
Li6CoCl8,225
Li6MgBr8,225
Li6VCl8,225
Li7Pd,225
LiAc2Ga,225
LiAc2Ge,225
LiAc2Ir,225
LiAc2Si,225
LiAcRh2,225
LiAcTl2,225
LiAg,141
LiAg,221
LiAg2,47
LiAg2,191
LiAg2Au,71
LiAg2Ge,225
LiAg2Pb,225
LiAg2Pd,225
LiAg2Sb,71
LiAg2Sn,225
LiAg3,139
LiAg3,221
LiAgC2,187
LiAgPd2,71
LiAgPd2,225
LiAgSb,99
LiAgSb,187
LiAgSe,216
LiAgTe,216
LiAl,194
LiAl,227
LiAl2Ag,119
LiAl2Co,225
LiAl2Fe,225
LiAl2Ir,225
LiAl2Ni,225
LiAl2Os,225
LiAl2Pd,225
LiAl2Pt,225
LiAl2Rh,225
LiAl2Ru,71
LiAl2Tc,225
LiAl2Zn,123
LiAl2Zn,139
LiAl3,221
LiAlAg2,225
LiAlAu2,139
LiAlAu2,225
LiAlCo2,225
LiAlCu2,225
LiAlCuAg,216
LiAlGaPd,216
LiAlGaPt,216
LiAlGe,216
LiAlMoRu,216
LiAlNi2,225
LiAlO2,92
LiAlOsW,216
LiAlPd,187
LiAlPd2,139
LiAlPd2,225
LiAlPdPt,216
LiAlPdRh,216
LiAlPt2,139
LiAlPt2,225
LiAlRh2,225
LiAlRu,187
LiAlSi,216
LiAlSn,216
LiAlTe2,122
LiAlVOs,216
LiAlZn2,71
LiAlZn2,225
LiAlZnPd,216
LiAs2Pd,225
LiAs2Rh,225
LiAsP2,216
LiAsPd,187
LiAsPd2,225
LiAsPt2,216
LiAsRh,216
LiAsRh2,225
LiBRu,216
LiBe2Co,216
LiBe2Cr,216
LiBe2Ga,216
LiBe2Ir,225
LiBe2Mo,119
LiBe2Ni,119
LiBe2Pt,225
LiBe2Ru,99
LiBe2Ru,119
LiBe2Ru,123
LiBeAs,216
LiBeAu2,225
LiBeBi,216
LiBeCo2,139
LiBeCu2,71
LiBeCu2,123
LiBeFe2,216
LiBeIn,107
LiBeOs2,216
LiBeP,216
LiBePb2,119
LiBePd2,123
LiBePd2,225
LiBePt2,225
LiBeSb,186
LiBeSb,216
LiBeV,107
LiBeV2,99
LiBeV2,119
LiBeW2,99
LiBeZn,107
LiBi,123
LiBi2Pd,225
LiBi2Rh,225
LiBiPd2,225
LiBiRh2,225
LiCa2Al,225
LiCa2Be,119
LiCa2Cd,225
LiCa2Ga,225
LiCa2Ge,225
LiCa2Hg,225
LiCa2In,225
LiCa2Ir,225
LiCa2Mg,225
LiCa2Pt,225
LiCa2Rh,225
LiCa2Si,225
LiCa2Tl,225
LiCa2Yb,225
LiCaAg,187
LiCaAg2,225
LiCaAs,216
LiCaBi,216
LiCaGa2,225
LiCaGe2,62
LiCaIn,187
LiCaInCu,216
LiCaMg2,225
LiCaMgZn,216
LiCaP,216
LiCaRh,216
LiCaSb,216
LiCaSi2,62
LiCd2Ag,225
LiCd2Au,225
LiCd2In,12
LiCd2Ni,225
LiCd2Pd,225
LiCd2Pt,225
LiCd2Rh,225
LiCdAg,187
LiCdAg2,225
LiCdAs,216
LiCdAu2,225
LiCdGa,187
LiCdGe,216
LiCdP,216
LiCdPb,216
LiCdPd2,225
LiCdSb,216
LiCe2Ru,225
LiCeHg2,225
LiCePb,216
LiCeSn,216
LiCo2Ge,225
LiCo2Sb,225
LiCo2Si,225
LiCoSb,216
LiCrIrRu,216
LiCrRh2,225
LiCrRuRh,216
LiCu,123
LiCu,187
LiCu2,47
LiCu2Ge,225
LiCu2Pd,71
LiCu2Pd,123
LiCu2Si,225
LiCu3,139
LiCu3,225
LiCuAg2,71
LiCuAu2,71
LiCuAu2,225
LiCuBi,186
LiCuGe,194
LiCuGePd,216
LiCuO,139
LiCuO,216
LiCuPd,187
LiCuPd2,225
LiCuSb,216
LiCuSe,216
LiCuSi,187
LiCuSn,216
LiCuTe,216
LiDy2Al,225
LiDy2Ir,225
LiDy2Os,225
LiDy2Pt,225
LiDy2Rh,225
LiDy2Ru,225
LiDy2Tc,225
LiDy2Tl,225
LiDyAu2,225
LiDyGe,189
LiDyHg2,225
LiDyIn2,225
LiDyTl2,225
LiEr2Al,225
LiEr2Au,225
LiEr2Cd,225
LiEr2Co,225
LiEr2Cu,225
LiEr2Ga,225
LiEr2In,225
LiEr2Ir,225
LiEr2Ni,225
LiEr2Os,225
LiEr2Pd,225
LiEr2Pt,225
LiEr2Rh,225
LiEr2Ru,225
LiEr2Sn,225
LiEr2Tc,225
LiEr2Tl,225
LiErAu2,225
LiErIn2,225
LiErTl2,225
LiFe2Si,225
LiFeAs,107
LiFeAs,129
LiFeAs2,225
LiFePd2,225
LiFeRh2,225
LiGa,227
LiGa2Ag,71
LiGa2Co,225
LiGa2Ir,225
LiGa2Ni,225
LiGa2Pd,225
LiGa2Pt,225
LiGa2Rh,225
LiGa2Ru,123
LiGa2Ru,225
LiGa2Tc,123
LiGa3,139
LiGa3,221
LiGaAg2,225
LiGaAs,216
LiGaAu,99
LiGaAu,187
LiGaAu2,225
LiGaCoGe,216
LiGaCu2,225
LiGaCuPd,216
LiGaGe,186
LiGaNi2,123
LiGaNi2,225
LiGaO2,33
LiGaOsW,216
LiGaPd2,225
LiGaPt,216
LiGaPt2,139
LiGaPt2,225
LiGaPtRh,216
LiGaRh2,225
LiGaS2,33
LiGaSe2,33
LiGaSi,216
LiGe2Pd,225
LiGeAu2,225
LiGeB,216
LiGeIr2,225
LiGePd,187
LiGePd2,225
LiGePdRu,216
LiGeRh2,225
LiGeRuPt,216
LiHf,187
LiHf2Ir,225
LiHf2Os,225
LiHf2Re,225
LiHf2Tc,225
LiHfAlNi,216
LiHfAlRh,216
LiHfAs,216
LiHfAu,187
LiHfAu2,71
LiHfAu2,166
LiHfGa2,123
LiHfGaRh,216
LiHfIr,187
LiHfIr2,225
LiHfPd2,225
LiHfPt,216
LiHfPt2,225
LiHfRh2,123
LiHfRh2,225
LiHfSc,216
LiHg2Os,216
LiHg2Pd,225
LiHgBi,216
LiHgPd2,225
LiHo2Ga,225
LiHo2Ir,225
LiHo2Os,225
LiHo2Pt,225
LiHo2Tc,225
LiHoAu2,225
LiHoHg2,225
LiHoIn2,225
LiHoPd2,225
LiHoSn2,225
LiHoTl2,225
LiIn,227
LiIn2Ag,71
LiIn2Au,225
LiIn2Ir,225
LiIn2Pd,225
LiIn2Pt,225
LiIn2Rh,225
LiIn2Ru,123
LiIn2Ru,225
LiIn3,139
LiIn3,221
LiInAg,187
LiInAg2,225
LiInAu2,225
LiInCu2,71
LiInCuNi,216
LiInGe,216
LiInIr,187
LiInNi2,216
LiInNi2,225
LiInO2,141
LiInP,187
LiInPd2,139
LiInPd2,225
LiInPt,187
LiInPt,216
LiInPt2,225
LiInRh,107
LiInRh,187
LiInSe2,33
LiInSe2,122
LiInSi,216
LiInSn,216
LiInTe2,122
LiIrRh,216
LiLa2Al,225
LiLa2Ir,225
LiLa2Os,225
LiLa2Ru,225
LiLaAl2,225
LiLaGe2,62
LiLaIn2,71
LiLu2Al,225
LiLu2Ga,225
LiLu2In,225
LiLu2Ir,225
LiLu2Os,225
LiLu2Pd,225
LiLu2Rh,225
LiLu2Ru,225
LiLuAu2,225
LiLuHg2,225
LiLuPt2,225
LiMg2Ag,225
LiMg2Au,225
LiMg2Cd,225
LiMg2Ga,225
LiMg2Ge,225
LiMg2Hg,225
LiMg2Ir,225
LiMg2Pd,225
LiMg2Pt,225
LiMg2Rh,225
LiMg2Sc,123
LiMg2Tl,225
LiMg2Zn,225
LiMg6Sc,123
LiMgAg2,225
LiMgAs,216
LiMgAu2,225
LiMgBe2,216
LiMgBi,216
LiMgBi2,139
LiMgCd2,225
LiMgCuRh,216
LiMgIn,187
LiMgIn2,216
LiMgInRh,216
LiMgInRu,216
LiMgN,216
LiMgP,216
LiMgPd,187
LiMgPd2,225
LiMgPt2,139
LiMgPt2,225
LiMgSb,216
LiMgSbPd,216
LiMgScGa,216
LiMgScZn,216
LiMgSn2,119
LiMgSnPd,216
LiMgSnRu,216
LiMgTl2,225
LiMgZn,99
LiMgZnNi,216
LiMnAs,216
LiMnO2,141
LiMnPd2,225
LiMnPt2,225
LiMoRu2,225
LiNbAlOs,216
LiNbAlRu,216
LiNbGaOs,216
LiNbIr,187
LiNbIr2,225
LiNbO2,194
LiNbP,187
LiNbPt,216
LiNbRh2,123
LiNbRh2,225
LiNbRu2,71
LiNbRuRh,216
LiNbS2,194
LiNd2Al,225
LiNd2Ga,225
LiNd2Os,225
LiNd2Ru,225
LiNdAu2,225
LiNdHg2,225
LiNdMg2,225
LiNdSn,216
LiNdTl2,225
LiNi2Ge,225
LiNi2Sb,225
LiNi2Sn,225
LiNiBi,216
LiNiGeRu,216
LiNiSb,216
LiNpIr2,225
LiNpRu2,225
LiOs2W,12
LiOs2W,71
LiOsRuW,216
LiPW,99
LiPaGe2,225
LiPaPt2,225
LiPaRu2,225
LiPbAu,216
LiPd,187
LiPd,221
LiPd2,12
LiPd2Au,225
LiPd2Pb,225
LiPd3,221
LiPdAu,187
LiPdAu2,225
LiPdPb,187
LiPdPb2,166
LiPdW2,225
LiPm2Ag,225
LiPm2Al,225
LiPm2Ga,225
LiPm2Ge,225
LiPm2Ir,225
LiPm2Pt,225
LiPm2Rh,225
LiPm2Ru,225
LiPm2Si,225
LiPmTl2,225
LiPmZn2,225
LiPr2Ag,225
LiPr2Al,225
LiPr2Hg,225
LiPr2Mg,225
LiPr2Os,225
LiPr2Ru,225
LiPr2Tc,225
LiPr2Tl,225
LiPr2Zn,225
LiPrAu2,225
LiPrHg2,225
LiPrSn,216
LiPrTl2,225
LiPt,187
LiPt2,227
LiPt7,225
LiRh2Pb,225
LiRh2W,123
LiRhAu2,139
LiRu2W,225
LiRuPt,216
LiSbAu,216
LiSbAu2,139
LiSbO3,52
LiSbPd2,225
LiSbPt2,225
LiSbRh2,225
LiSc2Al,71
LiSc2Al,225
LiSc2Au,225
LiSc2Be,99
LiSc2Co,225
LiSc2Ga,225
LiSc2Hg,71
LiSc2In,225
LiSc2Ir,225
LiSc2Os,225
LiSc2Pd,225
LiSc2Rh,225
LiSc2Ru,123
LiSc2Ru,225
LiSc2Tc,225
LiScAlAg,216
LiScAlCu,216
LiScAlNi,216
LiScAlOs,216
LiScAlRh,216
LiScAlRu,216
LiScAlZn,216
LiScAu,187
LiScGaRh,216
LiScGe,216
LiScHg2,225
LiScIn,216
LiScIn2,225
LiScInCu,216
LiScInNi,216
LiScIr2,225
LiScNb,216
LiScNi4,216
LiScPb,216
LiScPd,187
LiScPd2,225
LiScPdRh,216
LiScPt,187
LiScPt2,225
LiScRh2,71
LiScRh2,225
LiScRu,216
LiScSi,216
LiScSn,216
LiScSnRh,216
LiScTa,216
LiScTl2,225
LiScZn,216
LiSi3Pd,107
LiSiAg2,71
LiSiAg2,123
LiSiAg2,225
LiSiB,216
LiSiBi,216
LiSiIr2,225
LiSiMoOs,216
LiSiNi2,225
LiSiPd,187
LiSiPd2,123
LiSiPd2,139
LiSiPdRh,216
LiSiPdRu,216
LiSiPt2,225
LiSiRh2,225
LiSiRu,187
LiSiRu2,225
LiSiRuPt,216
LiSiTc2,216
LiSm(CuP)2,164
LiSm2Ag,225
LiSm2Hg,225
LiSm2Ir,225
LiSm2Os,225
LiSm2Ru,225
LiSm2Zn,225
LiSmAu2,225
LiSmTl2,225
LiSn2Pd,225
LiSn4Ru,140
LiSnAs,216
LiSnB,216
LiSnHg,216
LiSnIr2,225
LiSnPd,187
LiSnPd2,225
LiSnRh2,225
LiTa2Re,71
LiTaAlOs,216
LiTaBe,156
LiTaBe,216
LiTaBe2,123
LiTaGaOs,216
LiTaIr2,225
LiTaOs2,71
LiTaPt,216
LiTaRh2,225
LiTaRu2,225
LiTaRuPt,216
LiTaW2,225
LiTb(CuP)2,164
LiTbHg2,225
LiTbTl2,225
LiTc2Pd,225
LiTcP2Ru,119
LiThAu2,225
LiThHg2,225
LiTi2As,216
LiTi2O4,227
LiTiBe2,216
LiTiCo2,225
LiTiGaNi,216
LiTiGaRh,216
LiTiInNi,216
LiTiIr2,225
LiTiPd2,225
LiTiPt2,225
LiTiRe,216
LiTiRh2,225
LiTl2Bi,225
LiTl2Pd,225
LiTl2Rh,225
LiTl2Sb,225
LiTlAg2,71
LiTlAg2,225
LiTlPd2,139
LiTlPt,216
LiTm2Ag,225
LiTm2Al,225
LiTm2Au,225
LiTm2Co,225
LiTm2Ga,225
LiTm2Hg,225
LiTm2Ir,225
LiTm2Os,225
LiTm2Pt,225
LiTm2Rh,225
LiTm2Ru,225
LiTm2Zn,225
LiTmAu2,225
LiTmHg2,225
LiTmIn2,225
LiTmPd2,225
LiTmRh2,225
LiTmTl2,225
LiV,221
LiV2F6,136
LiV2O4,227
LiVBi,216
LiVGaCo,216
LiVIr2,225
LiVNiRu,216
LiVP,187
LiVPt2,123
LiVRh2,225
LiVRu2,71
LiVRu2,225
LiVRuPt,216
LiVRuRh,216
LiVSb,216
LiY(CuP)2,164
LiY2Al,225
LiY2Ga,123
LiY2Ga,225
LiY2Ir,225
LiY2Ni,225
LiY2Os,225
LiY2Pt,225
LiY2Rh,225
LiY2Ru,225
LiY2Tl,225
LiY2Zn,71
LiYAlAg,216
LiYAlCu,216
LiYAu2,225
LiYGa2,225
LiYGa4,187
LiYGe,189
LiYGe,216
LiYHg2,225
LiYInCu,216
LiYMg2,225
LiYMgZn,216
LiYPb,216
LiYPd2,225
LiYPt2,225
LiYScAl,216
LiYScGa,216
LiYScRh,216
LiYScRu,216
LiYSi,189
LiYSi,216
LiYTl2,225
LiYZnIn,216
LiYb(CuP)2,164
LiYb2Ga,225
LiYb2Ge,225
LiYb2InGe2,62
LiYb2Ir,225
LiYb2Pb,225
LiYb2Pd,225
LiYb2Rh,225
LiYb2Ru,225
LiYb2Tl,225
LiYb2Zn,225
LiYbPd2,225
LiZn,227
LiZn2,71
LiZn2,191
LiZn2Co,225
LiZn2Cu,71
LiZn2Ir,225
LiZn2Ni,225
LiZn2Pd,225
LiZn2Pt,225
LiZn2Rh,225
LiZn3,225
LiZnAg2,225
LiZnAs,216
LiZnAu2,225
LiZnBi,186
LiZnCd2,71
LiZnCoSn,216
LiZnCu2,225
LiZnGa2,71
LiZnGaRu,216
LiZnGeRh,216
LiZnInNi,216
LiZnInRh,216
LiZnN,216
LiZnNi,187
LiZnNi2,139
LiZnNi2,225
LiZnNiGe,216
LiZnNiPt,216
LiZnP,6
LiZnP,216
LiZnPd,187
LiZnPd2,225
LiZnPt,216
LiZnPt2,225
LiZnRh,187
LiZnRh2,225
LiZnSb,186
LiZnSb,216
LiZnSiNi,216
LiZnSiPd,216
LiZnSiPt,216
LiZr2Ir,225
LiZr2Os,225
LiZr2Re,225
LiZr2Rh,225
LiZr2Tc,225
LiZrAlPd,216
LiZrAu2,225
LiZrGaNi,216
LiZrIn2,123
LiZrInNi,216
LiZrInRh,216
LiZrPd2,225
LiZrPt2,225
LiZrRh2,225
LiZrSc,216
LiZrScOs,216
LiZrScRu,216
LiZrScTc,216
LiZrSnRu,216
LiZrZn2,225
LiZrZnCu,216
Lu(SiPd)2,139
Lu(SiRu)2,139
Lu(TiGa2)2,139
Lu2AgAu,225
Lu2AgHg,225
Lu2AgIr,225
Lu2AgOs,225
Lu2AgPt,225
Lu2AgRu,225
Lu2AlOs,225
Lu2AlRu,225
Lu2AlTc,225
Lu2AlZn,225
Lu2BeOs,225
Lu2CdAg,225
Lu2CdIn,225
Lu2CoRh,225
Lu2CoRu,225
Lu2CuAu,225
Lu2CuIr,225
Lu2CuOs,225
Lu2CuPd,225
Lu2CuPt,225
Lu2CuRh,225
Lu2GaAg,225
Lu2GaCu,225
Lu2GaRu,225
Lu2HgAu,225
Lu2In,194
Lu2InAu2,127
Lu2InHg,225
Lu2InNi2,127
Lu2InPd2,127
Lu2IrRh,225
Lu2IrRu,225
Lu2MgAl,225
Lu2MgIn,225
Lu2MgOs,225
Lu2MgRu,225
Lu2MgTc,225
Lu2NiIr,225
Lu2NiOs,225
Lu2OsPd,225
Lu2PdPt,225
Lu2PdRu,225
Lu2RuAu,225
Lu2RuPt,225
Lu2RuRh,225
Lu2TcAg,225
Lu2TcAu,225
Lu2TcPd,225
Lu2TlAg,225
Lu2TlCd,225
Lu2TlCu,225
Lu2TlZn,225
Lu2ZnAg,225
Lu2ZnAu,225
Lu2ZnCu,225
Lu2ZnGa,225
Lu2ZnHg,225
Lu2ZnIn,225
Lu2ZnIr,225
Lu2ZnOs,225
Lu2ZnPd,225
Lu2ZnPt,225
Lu2ZnTc,225
Lu3AlN,221
Lu3Co4Ge13,223
Lu3Ga,194
Lu3Ga5Ni,189
Lu3Ge13Rh4,223
Lu3Ge13Ru4,223
Lu3Ge3Ru2,63
Lu3In,221
Lu3Sc,194
Lu3Si13Os4,223
Lu3SnC,221
Lu4Ga12Pd,229
Lu4Ge6Ru7,229
Lu4Ge8Ru,25
Lu5SbPd2,140
Lu6Sb2Mo,189
LuAg2,139
LuAgGe,189
LuAgPb,189
LuAgSn,186
LuAgSn,189
LuAlCu2,225
LuB2Ru,62
LuB2Ru3,191
LuBPd3,221
LuBiPd,216
LuBiPt,216
LuCdAg2,225
LuCdHg2,225
LuCdPd2,225
LuCdRh2,225
LuCo2Sn,225
LuCu2,74
LuCuGe,187
LuCuPb,186
LuCuSi,194
LuGa,63
LuGa3,221
LuGa5Co,123
LuGaAg,12
LuGaAu,12
LuGaPd2,225
LuGaPt,62
LuGaRh2,225
LuGePd2,62
LuGeRu,62
LuHfIr2,225
LuHfPt,216
LuHfRu2,225
LuHfSc,216
LuIn3,221
LuInAg2,225
LuInAu2,225
LuInCo4,216
LuInCu2,225
LuInHg,216
LuInPd2,225
LuInPt,216
LuInRh,62
LuInRh2,225
LuMg2Sc,225
LuMgAu2,225
LuMgCd2,225
LuMgHg2,225
LuMgPd2,225
LuMgZn2,225
LuMnIn,187
LuNbPt,216
LuNbRu2,225
LuNi2Sn,225
LuNiBi,216
LuNiSb,216
LuPaOs2,225
LuPaTc2,225
LuPd,221
LuPd2Pb,225
LuPt3,221
LuReTc2,225
LuRh2Pb,225
LuRuPt,216
LuSbPd2,225
LuSbPt,216
LuSbRh2,225
LuSbRu2,225
LuScIn,216
LuScNb,216
LuScPd2,225
LuScRh2,225
LuScRu,216
LuScRu2,225
LuScTa,216
LuScZn,216
LuScZn2,225
LuSiIr,62
LuSiRu,62
LuSnAu,216
LuSnPd2,225
LuSnRh2,225
LuSnRu2,225
LuTaOs2,225
LuTaPt,216
LuTaRu2,225
LuTc2W,225
LuThRu2,225
LuThTc2,225
LuTiZn2,225
LuZn,221
LuZnPt,216
LuZnSn2,129
LuZrSb,139
Mg(AlGa)2,139
Mg(BiO3)2,136
Mg(GaO2)2,227
Mg(InS2)2,227
Mg(PtO2)3,65
Mg(SbO3)2,136
Mg(ScGa)2,127
Mg(ScS2)2,227
Mg(ScSe2)2,227
Mg(SiPd)2,139
Mg(SnPd)2,139
Mg(ZnAs)2,164
Mg(ZnPd)2,139
Mg(ZnSb)2,164
Mg14AlZn,38
Mg14AlZn,187
Mg14ZnGa,38
Mg14ZnGa,187
Mg16Al12Ru,160
Mg16Al12Zn,8
Mg16Al12Zn,160
Mg16Al12Zn,217
Mg17Al11Zn,8
Mg19Al4Zn15,63
Mg2Ag,139
Mg2AgAu,225
Mg2AgGe,225
Mg2AgHg,225
Mg2AgIr,225
Mg2AgPd,71
Mg2AgPd,123
Mg2AgPd,225
Mg2AgRh,225
Mg2Al4Zn3,164
Mg2Al4Zn3,194
Mg2AsRh,216
Mg2B4Ru5,55
Mg2BeFe,119
Mg2BePd,119
Mg2BePt,139
Mg2BeRh,119
Mg2BeW,123
Mg2CdAg,225
Mg2CdAu,225
Mg2CdPd,225
Mg2Cu,12
Mg2Cu3Si,194
Mg2CuAg,71
Mg2CuAg,225
Mg2CuAs2,12
Mg2CuPt,225
Mg2CuRh,47
Mg2CuRh,123
Mg2CuRh,225
Mg2FeH6,225
Mg2Ga5Cu6,200
Mg2GaPb,71
Mg2GaPd,225
Mg2GaPt,225
Mg2Ge,225
Mg2GeO4,227
Mg2HgBi,225
Mg2HgPd,71
Mg2HgRh,225
Mg2In,189
Mg2IrPd,71
Mg2IrPt,225
Mg2IrRh,225
Mg2NbFe,225
Mg2NiHg,225
Mg2NiIr,225
Mg2NiRh,225
Mg2Pd,139
Mg2Pd,227
Mg2PdAu,225
Mg2PdPt,123
Mg2PdPt,225
Mg2PdRh,123
Mg2Pt,140
Mg2PtAu,225
Mg2PtRh,225
Mg2RhAu,139
Mg2RhAu,225
Mg2Sc3Ag,123
Mg2Sc3Al,123
Mg2ScPd,71
Mg2ScSb2,164
Mg2Si,194
Mg2Si,225
Mg2Si,227
Mg2SiO4,164
Mg2SiO4,227
Mg2SiPt,194
Mg2Sn,225
Mg2SnO4,227
Mg2SnPb,225
Mg2TiBe,216
Mg2TiIn,123
Mg2TlHg,225
Mg2TlPb,225
Mg2Zn,10
Mg2Zn,47
Mg2Zn,63
Mg2Zn11,200
Mg2ZnAs2,12
Mg2ZnB2Ir5,127
Mg2ZnGa,71
Mg2ZnHg,71
Mg2ZnPb,225
Mg2ZnPd,225
Mg2ZnPt,225
Mg2ZnRh,225
Mg2ZnSn,225
Mg2ZrBe,216
Mg3(Al9Cr)2,227
Mg3(Al9Mo)2,227
Mg3(Al9V)2,227
Mg3(Al9W)2,227
Mg3(MnAl9)2,227
Mg3(Ni10P3)2,225
Mg3(TaAl9)2,227
Mg3(TiAl9)2,227
Mg3Ag,71
Mg3Ga,139
Mg3Ga,221
Mg3In,139
Mg3In,221
Mg3Mo,221
Mg3Nb,25
Mg3Nb6O11,164
Mg3PdPt2,123
Mg3Ru2,213
Mg3Sb2,206
Mg3Sc,123
Mg3Sc,194
Mg3Sc,225
Mg3Si8Ir3,216
Mg3Ta,221
Mg3TiNi2,227
Mg3ZnC,221
Mg4AlZn11,38
Mg5(Si8Pd5)2,216
Mg5(Si8Pt5)2,216
Mg5Ga2,72
Mg5Sc,65
Mg6AlZn,38
Mg6MnO8,225
Mg6Ni16As7,225
Mg6Si7Ni16,225
Mg6ZnGa,38
Mg7GaAg12,160
Mg8BPt4,227
MgAg,221
MgAg2,71
MgAg3,221
MgAg5,189
MgAgAs,216
MgAgPd2,71
MgAgSb,129
MgAgSb,216
MgAl2,141
MgAl2Cu,63
MgAl2O4,63
MgAl2O4,227
MgAlAg2,225
MgAlCuPd,216
MgAlGa,216
MgAlIr2,225
MgAlNi2,225
MgAlPd,107
MgAlPd2,225
MgAlRh2,225
MgAsAu,216
MgAsIr2,216
MgAsOs2,216
MgAsP,216
MgAsPd,216
MgAsPt5,123
MgBe2B,216
MgBe2Co,119
MgBe2In,139
MgBe2Mo,119
MgBe2Os,119
MgBe2Pd,225
MgBe2Pt,225
MgBe2Ru,123
MgBe2Sb,119
MgBe2Tc,119
MgBe2Tl,119
MgBe2V,123
MgBe2V,225
MgBe4Pd,216
MgBeCu2,119
MgBeCu4,216
MgBeIn,107
MgBeIr2,119
MgBeMo2,216
MgBeRu2,216
MgBeTc2,216
MgBeV2,99
MgBeZn,107
MgBeZn,156
MgBiAu,216
MgCd2Au,139
MgCdAg2,123
MgCdAg2,225
MgCdAu2,225
MgCdRh2,225
MgCo2Ge,225
MgCr2O4,227
MgCu2,227
MgCu3,139
MgCu4Sn,216
MgCuAs,129
MgCuBi,216
MgCuGe,129
MgCuP,62
MgCuP,216
MgCuPb,216
MgCuPd,187
MgCuPd2,71
MgCuPd2,123
MgCuPt2,123
MgCuPt2,139
MgCuSb,216
MgCuSn,216
MgFeRh2,225
MgGa,51
MgGa2,194
MgGa2Ir,119
MgGa2Pd,123
MgGa3,221
MgGa5,189
MgGaAg2,225
MgGaCo2,225
MgGaCu2,71
MgGaHg,216
MgGaIr,187
MgGaNi,187
MgGaNi2,225
MgGaNiRu,216
MgGaPd,99
MgGaPd2,225
MgGaPt2,139
MgGaPt2,225
MgGaPtRh,216
MgGaRh,107
MgGaRh2,225
MgGeAs2,122
MgGeIr,216
MgGeIr2,225
MgGeN2,33
MgGeO3,63
MgGePd2,123
MgGeRh2,225
MgGeRu2,71
MgGeRuRh,216
MgHgPd2,139
MgIn,123
MgIn2,63
MgIn2,139
MgIn2O4,227
MgIn2Pd,123
MgIn3,139
MgIn3,221
MgIn5,187
MgInAg2,225
MgInCu4,216
MgInHg,216
MgInHg2,71
MgInIr2,225
MgInNi2,225
MgInPd,187
MgInPd2,225
MgInPt,216
MgInRh,107
MgInRh2,123
MgInRh2,225
MgInSn,216
MgMn2Be,216
MgMnIr2,225
MgMnRh2,225
MgMoN2,194
MgMoRu2,71
MgMoRu2,225
MgNbCoRu,216
MgNbNi4,216
MgNbOs2,225
MgNbOsRh,216
MgNbOsRu,216
MgNbPt,216
MgNbRh2,225
MgNbRu2,123
MgNbRu2,225
MgNbRuRh,216
MgNi2Ge,225
MgNi2Sb,225
MgNi2Sn,225
MgNi3B2,181
MgNiBi,216
MgNiGe,216
MgNiH,123
MgNiH2,123
MgNiH3,221
MgNiPb,216
MgNiSb,216
MgNiSnRu,216
MgOs2W,71
MgOs2W,225
MgPPd5,123
MgPPt5,123
MgPaAu2,225
MgPaRh2,225
MgPaRu2,225
MgPaZn2,225
MgPd,221
MgPd2,62
MgPd2Au,71
MgPd3,139
MgPd3,221
MgPd5,155
MgPdPt2,123
MgPdPt4,216
MgPt2Rh,119
MgRe3,225
MgRh2Au,119
MgRh2Pb,225
MgRhPb,216
MgRu2W,71
MgRu2W,123
MgRu2W,225
MgRuPt,216
MgSbPd,216
MgSbPd2,225
MgSbPt,216
MgSbRh2,225
MgSbRu2,225
MgSc,123
MgSc,221
MgSc2Al,123
MgSc2Al,225
MgSc2Cd,123
MgSc2Cu,123
MgSc2Fe,123
MgSc2Ga,71
MgSc2Ga,123
MgSc2Hg,225
MgSc2In,225
MgSc2Os,225
MgSc2Pd,123
MgSc2Ru,123
MgSc2Ru,225
MgSc2Tc,225
MgSc2Tl,139
MgSc2Tl,225
MgSc2Zn,71
MgSc2Zn,225
MgSc3,123
MgSc3Al2,123
MgSc3Ru2,123
MgSc3Tc2,123
MgSc5,123
MgScAg,187
MgScAg2,225
MgScAl,187
MgScAl4,216
MgScAu2,71
MgScAu2,225
MgScB,216
MgScCd2,225
MgScCu2,71
MgScGa,216
MgScGa2,99
MgScGaCu,216
MgScHg2,225
MgScIn,216
MgScNb,216
MgScNi2,71
MgScPd2,225
MgScPd4,216
MgScPdRh,216
MgScPtRh,216
MgScRh2,225
MgScRu,216
MgScTa,216
MgScTl,216
MgScTl2,119
MgScZn,216
MgScZnCu,216
MgSiIr2,225
MgSiN2,33
MgSiO3,62
MgSiO3,63
MgSiP2,225
MgSiRh2,225
MgSn4Ru,140
MgSnAu,216
MgSnHg,216
MgSnIr,216
MgSnIr2,225
MgSnPd,187
MgSnPd2,225
MgSnRh,216
MgSnRh2,225
MgSnRuRh,216
MgTa,51
MgTa2Be,99
MgTa2O6,136
MgTaAs,216
MgTaBe2,123
MgTaIr2,225
MgTaOs2,225
MgTaOsRh,216
MgTaPt,216
MgTaRh2,225
MgTaRu2,123
MgTaRu2,225
MgTaRuRh,216
MgTaSn,99
MgTaZn,216
MgTi2Mo,123
MgTiCo2,225
MgTiCu2,225
MgTiRh2,225
MgTiSi2,119
MgTlRh2,225
MgV,221
MgVO3,36
MgVO3,65
MgVRh2,225
MgVRu2,71
MgVRu2,225
MgVRuRh,216
MgW3,194
MgZn,51
MgZn2,63
MgZn2,194
MgZn2Au,225
MgZn2Pd3,123
MgZn2Rh3,123
MgZn2Ru,71
MgZn3,221
MgZn5,155
MgZnAg2,123
MgZnAg2,225
MgZnAs,99
MgZnAs,216
MgZnCo,74
MgZnGe,216
MgZnIr,187
MgZnIr2,225
MgZnNi2,225
MgZnNiRh,216
MgZnPd2,123
MgZnPdRh,216
MgZnPt,216
MgZnPt2,99
MgZnPt2,139
MgZnPtRh,216
MgZnRh,187
MgZnRh2,123
MgZnRh2,225
MgZr2In,123
MgZr2Nb,123
MgZrAu2,225
MgZrHg2,225
MgZrIr2,225
MgZrPd2,225
MgZrRh2,225
MgZrRuRh,216
MgZrSc6,123
MgZrZn2,225
MgZrZnCu,216
MgZrZnNi,216
MgZrZnRh,216
Mn,225
Mn(AlS2)2,227
Mn(BW)2,127
Mn(InS2)2,227
Mn(NbS2)3,182
Mn(Ni3O4)2,225
Mn2Al2Cu,107
Mn2AlCo,216
Mn2AlCr,225
Mn2AlIr,216
Mn2AlMo,225
Mn2AlRe,225
Mn2AlSi,225
Mn2AlV,225
Mn2AlW,225
Mn2Au,139
Mn2Be2Zn,139
Mn2BeCo,119
Mn2BeCu,119
Mn2BeGa,99
Mn2BeGa,119
Mn2BeGa,225
Mn2BeNi,139
Mn2BeOs,119
Mn2BePd,139
Mn2BePt,139
Mn2BeRh,139
Mn2BeTc,139
Mn2BeV,119
Mn2BeW,225
Mn2CdO4,141
Mn2CoAs,216
Mn2CoGe,216
Mn2CoMo,71
Mn2CoMo,225
Mn2CoRu,225
Mn2CoSb,216
Mn2CoSi,216
Mn2CoSn,216
Mn2CoTc,225
Mn2CrCo,225
Mn2CrGe,225
Mn2CrIr,225
Mn2CrSi,225
Mn2CuSb,216
Mn2FeRe,71
Mn2GaCo,216
Mn2GaCu,225
Mn2GaMo,225
Mn2GaRh,216
Mn2GaTc,225
Mn2GaW,225
Mn2GeMo,225
Mn2GeO4,55
Mn2GeRu,216
Mn2GeW,71
Mn2InCo,216
Mn2Mo,227
Mn2MoP12,15
Mn2MoPt,225
Mn2Nb,194
Mn2NbAl,225
Mn2NbGa,225
Mn2NbPt,225
Mn2NbSb,225
Mn2NbSi,225
Mn2NbV,123
Mn2NbV,225
Mn2NiPt,225
Mn2NiSn,216
Mn2PdAu,225
Mn2PdPt,225
Mn2PtRh,225
Mn2RuPt,225
Mn2RuRh,225
Mn2Sb2O7,227
Mn2SiMo,225
Mn2SiNi,216
Mn2SiRh,225
Mn2SiRu,216
Mn2SiTc,216
Mn2SiW,71
Mn2SnRu,216
Mn2SnW,225
Mn2TcIr,225
Mn2Tl2O7,227
Mn2V,139
Mn2V3Tc,123
Mn2VCr,123
Mn2VCr,225
Mn2VGa,225
Mn2VGe,225
Mn2VIr,225
Mn2VMo,123
Mn2VSi,225
Mn2W,227
Mn2ZnAs2,164
Mn2ZnTe4,227
Mn3(CuBi)4,225
Mn3AgN,221
Mn3CuN,221
Mn3Ga,225
Mn3Ge,221
Mn3GeIr,198
Mn3Nb6O11,164
Mn3Pd5,65
Mn3PdN,221
Mn3Sb,221
Mn3SiIr,198
Mn3SiW2,194
Mn3SnC,221
Mn3VP4,6
Mn3Zn,139
Mn3ZnC,221
Mn3ZnN,221
Mn4Ge6Ir7,229
Mn4MoOs,216
Mn4NbMo,216
Mn4NbOs,216
Mn4NbRu,216
Mn4NbTc,216
Mn6GaGe,187
Mn8(Al9Zn)3,63
MnAgPd2,71
MnAl2Co,225
MnAl2Cu,123
MnAl2Pt,225
MnAl2Tc,225
MnAl6,63
MnAlAu2,225
MnAlCo2,225
MnAlCu,194
MnAlCu2,225
MnAlFe2,216
MnAlFe2,225
MnAlIr2,225
MnAlMo,107
MnAlNi2,225
MnAlOs2,225
MnAlPd2,225
MnAlPt,194
MnAlPt2,225
MnAlRe2,99
MnAlRh2,225
MnAlRu2,225
MnAlTc,216
MnAlV,107
MnAlVCo,216
MnAsAu,216
MnAsPd,189
MnAsPd2,216
MnAsPd2,225
MnAsPt2,216
MnAsRu,189
MnAu,221
MnAu2,139
MnB2,191
MnB4,71
MnBe2Cd,119
MnBe2Co,225
MnBe2Cu,99
MnBe2Cu,123
MnBe2Ga,119
MnBe2In,119
MnBe2In,123
MnBe2Ir,119
MnBe2Ir,225
MnBe2Ni,216
MnBe2Os,216
MnBe2Pd,123
MnBe2Pt,225
MnBe2Rh,225
MnBe2Ru,225
MnBe2Sn,119
MnBe2Tc,216
MnBe2Tl,119
MnBe2V,119
MnBe2Zn,119
MnBe2Zn,123
MnBeCo2,225
MnBeCr2,119
MnBeCu2,123
MnBeFe2,119
MnBeFe2,139
MnBeGa,107
MnBeGe2,119
MnBeIr2,119
MnBeMo,156
MnBeNi2,119
MnBePd2,119
MnBeRh2,119
MnBeRu2,139
MnBeRu2,225
MnBeV,107
MnBeV2,99
MnCo2Ge,225
MnCo2Sb,225
MnCo2Si,225
MnCo2Sn,225
MnCoGe,62
MnCoSb,216
MnCoSi,216
MnCr2Ga,225
MnCr2O4,227
MnCr2Tc,225
MnCrRe,216
MnCu2Sb,225
MnCu2Sn,225
MnCu3,194
MnCu4Sn,216
MnCuAs,62
MnCuAs,129
MnCuNiSn,216
MnCuP,62
MnCuPd2,225
MnCuRh2,71
MnCuSb,216
MnFe2Ge,225
MnFe2Si,225
MnFeAs,216
MnFeSb,216
MnGa,123
MnGa2Ir,225
MnGa2Pt,225
MnGa2Rh,225
MnGa4,229
MnGaCo2,225
MnGaFe2,123
MnGaFe2,225
MnGaFeCo,216
MnGaFeW,216
MnGaGe,129
MnGaIr,216
MnGaIr2,225
MnGaNi2,123
MnGaNi2,139
MnGaNi2,225
MnGaPd2,99
MnGaPd2,225
MnGaPt,194
MnGaPt,216
MnGaPt2,225
MnGaRh2,225
MnGaRu,216
MnGaRu2,225
MnGe,198
MnGePd,189
MnGePd2,225
MnGeRh,189
MnGeRh2,225
MnGeRu2,225
MnHg,221
MnInAgPd,216
MnInCu2,225
MnInFe,187
MnInNi2,225
MnInPd2,225
MnInPt,216
MnInRh2,225
MnMoAs,216
MnNb,221
MnNb2,139
MnNb2Cr,225
MnNb2Mo,225
MnNb2Re,71
MnNb2Ru,225
MnNb2Tc,71
MnNbAs,216
MnNbAs2,99
MnNbGe,189
MnNbP,62
MnNbPt,216
MnNbRu2,225
MnNbSe,216
MnNbSi,189
MnNbTe,216
MnNbV2,216
MnNi2Ge,225
MnNi2Sb,225
MnNi2Sn,225
MnNi3,221
MnNiAs,216
MnNiB,216
MnNiP,216
MnNiSb,216
MnNiSn,216
MnNiSnPd,216
MnO,225
MnPRh,189
MnPd,123
MnPd,221
MnPd2,62
MnPd3,139
MnPdAu2,71
MnPt,123
MnPt3,221
MnRePt,216
MnRh,221
MnRh2Pb,225
MnRuPt,216
MnS,221
MnS,225
MnSbAu,216
MnSbIr,216
MnSbMo,216
MnSbPd,216
MnSbPd2,225
MnSbPt,216
MnSbRh,216
MnSbRu2,225
MnSe,194
MnSe,225
MnSi2Ir,225
MnSi2Rh,225
MnSi2Tc,225
MnSiIr,62
MnSiNi,216
MnSiNi2,225
MnSiRh2,225
MnSiRu2,225
MnSiTc2,225
MnSn2,140
MnSnAs,216
MnSnAu,216
MnSnIr,216
MnSnPd2,225
MnSnPt,216
MnSnRh2,225
MnSnRu2,225
MnTcOs,216
MnTcPd,216
MnTe,194
MnTe,216
MnTe,225
MnTePd,216
MnTlCl3,221
MnV,221
MnV2Co,225
MnV2Cr,225
MnV2Fe,225
MnV2Mo,71
MnV2Os,225
MnV2Ru,123
MnV2Ru,225
MnV2Tc,123
MnV2Tc,225
MnV2W,225
MnV3,225
MnV3Cr2,123
MnVAs,129
MnVCr2,99
MnVFeGe,216
MnVGaCo,215
MnVGeRu,216
MnVNi,216
MnVRu2,225
MnVSiOs,216
MnVSiRu,216
MnVTe,216
MnZn,221
MnZn2Co,225
MnZn3,194
MnZn3,221
MnZnAu2,225
MnZnIr2,225
MnZnPd2,225
MnZnPt,216
MnZnPt2,225
MnZnRh2,225
Mo(RhO3)2,136
Mo2As3,12
Mo2AsIr,216
Mo2AsP3,8
Mo2AsPd,216
Mo2C,60
Mo2IrOs,25
Mo2OsRh,123
Mo2OsRu,123
Mo2OsRu,139
Mo2RuPt,123
Mo3Ir,223
Mo3Os,223
Mo3P,121
Mo3Pt,221
Mo3Pt,223
Mo3Pt2N,213
Mo3W,225
Mo5As4,87
Mo8P5,6
MoAs,62
MoAs2,12
MoAsIr2,216
MoAsOs2,216
MoAsPd2,216
MoAsPt2,216
MoAsW2,216
MoC,187
MoC,194
MoC,216
MoC,225
MoF3,221
MoIr,51
MoIr,187
MoIr3,194
MoIrRu2,139
MoN,194
MoN,216
MoN,221
MoO2,14
MoO2,136
MoO3,62
MoOs3,25
MoOsPb,216
MoOsRu2,139
MoP,187
MoP,216
MoP,225
MoP2,36
MoP4,15
MoPRh,62
MoPRu,62
MoPRu,189
MoPd,187
MoPd2,71
MoPd2Rh,160
MoPd3,139
MoPt,51
MoPt2,71
MoPt3,139
MoPt3,221
MoRh,51
MoRh3,194
MoRu2Pt,123
MoRuPt,216
MoSBr,216
MoSe2,194
MoW,129
MoW,221
MoW3,225
Na(AlGa)2,139
Na(AlZn)2,139
Na(CuGe)2,139
Na(GaAg)2,139
Na(GaGe)2,139
Na(GaPd)2,139
Na(GaSn)2,139
Na(InGa)2,139
Na(InGe)2,139
Na(SiPd)2,139
Na(ZnGa)2,139
Na(ZnSi)2,139
Na2AgAs,63
Na2AgAs,216
Na2AgSb,63
Na2BeGe,216
Na2BeIn,216
Na2BeMo,99
Na2BeNb,216
Na2BePb,216
Na2BePt,139
Na2CaBe,216
Na2CaSi,216
Na2CdHg,225
Na2CdPb,216
Na2Cu,47
Na2CuAs,63
Na2CuP,63
Na2GaAs,225
Na2H6Pt,225
Na2HfBe,216
Na2HgAu,139
Na2In5Au6,200
Na2LiBe,119
Na2LiGaAs2,64
Na2MnBe,216
Na2MoO4,227
Na2NiO2,36
Na2PdC2,164
Na2PdSe2,36
Na2SnHg,216
Na2TaBe,216
Na2TiAu,225
Na2TlBi,225
Na2TlSb,225
Na2WO4,227
Na2YBe,216
Na2ZnGe,63
Na3(GePt)4,217
Na3Ag,194
Na3Ag,225
Na3In2Ag,227
Na3In2Au,227
Na3Re,225
Na3Sb,194
Na3SbS3,198
Na3SbSe3,198
Na3SbSe4,217
Na3SbTe3,198
Na3Sr3GaAs4,186
Na3Sr3GaP4,186
Na3Zn,139
Na4BePd,216
Na4BeW,216
Na4BeZn,216
Na4ScBe,216
Na4Si23,223
Na5InO4,59
Na6Cd16Au7,225
Na6CdCl8,225
Na6P4W,186
Na6S2O9,225
Na8SnSb4,227
Na8TiAs4,227
NaAc2Pb,225
NaAc2Sn,225
NaAcAu2,225
NaAcHg2,225
NaAcIn,216
NaAcTl2,225
NaAg2,227
NaAg2Pd,71
NaAg3S2,227
NaAgO,119
NaAgO,139
NaAgO,216
NaAgPd2,71
NaAgRu,216
NaAgSb,216
NaAgSe,216
NaAgTe,216
NaAlF4,63
NaAlGe,216
NaAlH4,36
NaAlZn,216
NaAsF6,225
NaAsIr2,216
NaAsOs2,216
NaAsPd,216
NaAsRh2,216
NaAsRu,216
NaAsRu2,216
NaBH4,216
NaBe2Fe,119
NaBe2P,119
NaBe2Pd,99
NaBe2Pd,119
NaBe2Pd,123
NaBe2Pt,225
NaBe2Ru,123
NaBe2Tc,119
NaBeAs,216
NaBeBi2,139
NaBeCr2,139
NaBeGa,107
NaBeIn,107
NaBeMo,107
NaBeP,216
NaBePd2,99
NaBePd2,123
NaBeRh2,119
NaBeRu2,216
NaBeSb,194
NaBeSb,216
NaBeSi2,119
NaBeSn2,119
NaBeTl2,119
NaBeV,156
NaBeV2,99
NaBeV2,119
NaBeZn,216
NaBi,123
NaBiAu,216
NaBiPd2,71
NaCa2As,225
NaCa2Be,225
NaCa2Cd,225
NaCa2Hg,225
NaCa2In,225
NaCa2Pb,225
NaCa2Sn,225
NaCa2Tl,225
NaCa2Yb,225
NaCaAs,216
NaCaAu,216
NaCaAu2,225
NaCaBi,216
NaCaP,216
NaCaPb,216
NaCaPb2,225
NaCaSb,216
NaCaSn,216
NaCaTl2,225
NaCaYb2,225
NaCd2Ag,71
NaCd2Au,225
NaCd2In,225
NaCd2Pt,225
NaCdAu,216
NaCdHg,216
NaCdHg2,225
NaCdIn2,12
NaCdIn2,71
NaCdP,216
NaCdSb,62
NaCdSn,216
NaCeAu2,225
NaCrAs,216
NaCu,187
NaCu3,139
NaCuO,139
NaCuO,216
NaCuSe,129
NaCuTe,216
NaDyTl2,225
NaErTl2,225
NaFeRu,216
NaGa4,139
NaGaAs,38
NaGaAs,99
NaGaRu,216
NaGdHf,216
NaGdZn,216
NaGe2N3,36
NaGeAu3,205
NaHfCo,216
NaHfNp,216
NaHfPb,216
NaHfPt,216
NaHfRu,216
NaHfSc,216
NaHfSn,216
NaHfTh,216
NaHg2Pd,71
NaHgBi,216
NaHgPd2,225
NaHgRu,216
NaHgSb,216
NaHoTl2,225
NaIn,227
NaIn2Au,63
NaIn2Bi,71
NaIn2Pb,71
NaIn3,221
NaInAg2,225
NaInAu,99
NaInAu,216
NaInAu2,225
NaInB,216
NaInHg,216
NaInHg2,225
NaInPb,216
NaInPd,216
NaInPt,216
NaInSi,216
NaIrPb,216
NaLaHf,216
NaLaIn,216
NaLi2As,225
NaLi2Bi,225
NaLi2Ca,225
NaLi2Pb,225
NaLi2Sb,225
NaLi2Zn,225
NaLiAs,216
NaLiO,139
NaLiP,216
NaLiPt,216
NaLiSe,216
NaLiTe,216
NaLuHf,216
NaMg2Au,225
NaMg2Be,225
NaMg2P,119
NaMg2Zn,225
NaMg6Nb,123
NaMgAs,216
NaMgP,216
NaMgPb2,225
NaMgRu,216
NaMgSb,216
NaMgTa,216
NaMgTl2,225
NaMnAs,216
NaMnO2,59
NaMo2As,216
NaMoRu,216
NaNbAg,216
NaNbB,216
NaNbGe,216
NaNbO3,127
NaNbO3,221
NaNbPt,216
NaNbS2,194
NaNbSe2,194
NaNbSn,216
NaNbTl,216
NaNbW,216
NaNdAu2,225
NaNdHg2,225
NaNdIn,216
NaNdRu,216
NaNdTl2,225
NaNiF3,63
NaPF6,225
NaPbAu,216
NaPd2Pb,225
NaPd3,139
NaPd3O4,223
NaPdPb,187
NaPdPb2,225
NaPm2Ru,225
NaPmAu2,225
NaPmHg2,225
NaPmIn,216
NaPmTl2,225
NaPmZn2,225
NaPr2Pb,225
NaPr2Ru,225
NaPr2Tl,225
NaPrAu2,225
NaPrHg2,225
NaPrIn,216
NaPrRu,216
NaPrTl2,225
NaPt2,227
NaPt3O4,223
NaPuNb,216
NaRe2As,216
NaRe3,225
NaRu3,139
NaRuPt,216
NaSbF6,205
NaSbF6,225
NaSbO3,62
NaSbO3,227
NaSc2Be,99
NaSc2Be,119
NaScBe,107
NaScGe,216
NaScIn,216
NaScNb,216
NaScPb,216
NaScRu,216
NaScSi,216
NaScSn,216
NaScTa,216
NaScTl2,71
NaScZn,216
NaSi2Pd3,44
NaSiAu3,205
NaSm2Ru,225
NaSmAu2,225
NaSmHg2,225
NaSmIn,216
NaSmTl2,225
NaSnHg,216
NaSr2Au,225
NaSr2In,225
NaSr2Tl,225
NaSrAs,216
NaSrAu,216
NaSrBi,216
NaSrHg,216
NaSrIn2,99
NaSrNb2,225
NaSrP,216
NaSrRe2,225
NaSrSb,216
NaSrTa,216
NaSrYb2,225
NaTaAu,216
NaTaBe,156
NaTaCr,216
NaTaGe,216
NaTaNi,216
NaTaO3,127
NaTaO3,221
NaTaPb,216
NaTaPt,216
NaTaSi,216
NaTaV,216
NaTaW,216
NaTbNb,216
NaTbTa,216
NaTc2As,216
NaThNb,216
NaThZn,216
NaTiBe2,225
NaTiIn,216
NaTiRu,216
NaTiSb,216
NaTl2Cd,225
NaTl2In,71
NaTl2In,225
NaTlHg2,225
NaTlPd,187
NaTlPd2,225
NaTm2Os,225
NaTmIn,216
NaTmRu,216
NaTmTa,216
NaTmZn,216
NaUNb,216
NaV,221
NaVAs,216
NaVF3,221
NaVIn,216
NaVRu,216
NaWO3,221
NaY2Be,119
NaY2In,225
NaYGe,216
NaYHf,216
NaYIn,187
NaYSi,216
NaYSn,216
NaYb2Ir,225
NaYb2Pb,225
NaYbAu2,225
NaYbIn,216
NaYbRu,216
NaZn,123
NaZn,187
NaZn13,226
NaZn2,10
NaZn2,47
NaZn3,194
NaZnAs,129
NaZnAs,216
NaZnCo,216
NaZnF3,62
NaZnFe,216
NaZnGe,216
NaZnOs,216
NaZnP,129
NaZnP,216
NaZnPb,216
NaZnPd2,71
NaZnPt,216
NaZnSb,129
NaZnSb,216
Nb(BMo)2,127
Nb(CoB)2,139
Nb(CoP)2,139
Nb(CoSi)2,139
Nb(FeB)2,139
Nb(GaNi4)3,123
Nb(ZnGa)3,166
Nb2Al,136
Nb2Al3Ir,194
Nb2AsC,194
Nb2B3,63
Nb2C,62
Nb2CS,194
Nb2Cd2O7,227
Nb2Co12P7,174
Nb2Co3Ge,194
Nb2Co3Si,194
Nb2CoB2,71
Nb2CrAs,216
Nb2CrB2,127
Nb2CrMo,71
Nb2CrOs,71
Nb2CrOs,123
Nb2CrOs,225
Nb2CrRe,71
Nb2CrRh,123
Nb2CrRu,71
Nb2CrRu,123
Nb2CrRu,225
Nb2CrTc,225
Nb2CuRe,71
Nb2Fe,140
Nb2FeMo,71
Nb2FeTc,71
Nb2Ga,139
Nb2Ga,140
Nb2GaC,194
Nb2InC,194
Nb2Mo,139
Nb2MoOs,71
Nb2MoOs,123
Nb2MoOs,225
Nb2MoRh,225
Nb2MoRu,71
Nb2MoRu,123
Nb2MoRu,225
Nb2MoW,71
Nb2Ni,140
Nb2OsW,71
Nb2OsW,123
Nb2OsW,225
Nb2P,139
Nb2P5,62
Nb2PC,194
Nb2Pd,129
Nb2PdRh,123
Nb2PdRh,139
Nb2PdRu,123
Nb2PtRh,139
Nb2ReMo,71
Nb2RePd,71
Nb2ReRh,71
Nb2ReRu,71
Nb2ReTc,71
Nb2Ru,139
Nb2RuAu,123
Nb2RuPt,123
Nb2RuW,123
Nb2RuW,225
Nb2Sn2O7,227
Nb2TcMo,225
Nb2TcNi,71
Nb2TcOs,225
Nb2TcRu,71
Nb2TcRu,123
Nb2TcRu,225
Nb2TcW,71
Nb2TcW,225
Nb2VAs,216
Nb2VCu,123
Nb2VMo,123
Nb2VOs,71
Nb2VOs,225
Nb2VRh,123
Nb2VRu,71
Nb2VRu,123
Nb2VTc,71
Nb2VTc,123
Nb2VW,71
Nb2W,139
Nb2ZnO6,60
Nb3(Fe10B3)2,225
Nb3Al,223
Nb3Al2C,213
Nb3Al2N,213
Nb3As,223
Nb3Au,65
Nb3Au,223
Nb3Au2,139
Nb3Au2,213
Nb3B2,127
Nb3B3C,63
Nb3B4,71
Nb3Bi,223
Nb3Co4B7,63
Nb3Cr,139
Nb3Cr,221
Nb3Cr,225
Nb3Cr3C,227
Nb3Cr8Si,156
Nb3Cu2,139
Nb3CuTe4,176
Nb3Fe,139
Nb3Fe,221
Nb3Fe,225
Nb3Ga,223
Nb3Ga2,127
Nb3Ge,223
Nb3In,223
Nb3Ir,223
Nb3Mo,123
Nb3Ni,139
Nb3Ni,221
Nb3Ni,225
Nb3Ni3C,227
Nb3Os,223
Nb3Os,225
Nb3P,139
Nb3Pb,223
Nb3Pd,65
Nb3Pt,223
Nb3Rh,223
Nb3RhSe6,182
Nb3Ru,225
Nb3S4,176
Nb3Sb,223
Nb3Sb2Te5,217
Nb3Se4,176
Nb3Si,221
Nb3Si,223
Nb3Si2,127
Nb3Sn,223
Nb3SnS6,193
Nb3Te,223
Nb3Te3As,176
Nb3Te4,176
Nb3Tl,223
Nb3VS6,182
Nb3Zn3N,227
Nb4AlC3,194
Nb4C3,221
Nb4CoSi,124
Nb4CuSi,124
Nb4FeP,124
Nb4FeSi,124
Nb4N3,139
Nb4Ni2C,227
Nb4Ni2N,227
Nb4NiP,124
Nb4O5,137
Nb4Rh2C,227
Nb4SiC3,194
Nb4SiNi,124
Nb4Zn2C,227
Nb5(CuSi)4,87
Nb5(NiP)4,87
Nb5(PPd)4,87
Nb5Ga13,65
Nb5Ga4,193
Nb5Ge3,140
Nb5Ge3B,193
Nb5Sb4,87
Nb5Si3P,193
Nb6Co16Si7,225
Nb6Co7,166
Nb6PtAu,200
Nb6Si7Ni16,225
Nb6SiSn,200
Nb7(B4Ru3)2,175
Nb8Zn4C3,227
NbAgO3,221
NbAgPt,216
NbAl2Cu,123
NbAl2Ni3,123
NbAl3,139
NbAl6Mo,123
NbAlCo2,225
NbAlCoCu,216
NbAlFe2,225
NbAlNi,107
NbAlNi,216
NbAlNi2,225
NbAlOs2,225
NbAlPd,107
NbAlPt,216
NbAlPt2,123
NbAlRu2,225
NbAlTcRu,216
NbAlV2,225
NbAlZn,38
NbAs,109
NbAs2,12
NbAsOs,216
NbAsOs2,216
NbAsP,187
NbAsPt,216
NbAsRu,216
NbAu2,191
NbB,63
NbB2,191
NbB2W,38
NbBO4,141
NbBPt,216
NbBW,216
NbBi2Mo,216
NbBiOs,216
NbBiPt,216
NbBiRu,216
NbC,194
NbC,216
NbC,221
NbC,225
NbCd3,221
NbCdPt,216
NbCo,221
NbCo2,227
NbCo2Cu,225
NbCo2Si,225
NbCo2Sn,225
NbCo3,186
NbCo3,194
NbCo3,221
NbCoAs,62
NbCoC,216
NbCoGe,62
NbCoGe,216
NbCoNi2,123
NbCoP,62
NbCoP2,99
NbCoPb,216
NbCoPt,216
NbCoRh2,123
NbCoRu,194
NbCoSb,216
NbCoSi,62
NbCoSi,216
NbCoSn,216
NbCr2,227
NbCr2W,71
NbCr2W,123
NbCr2W,225
NbCr3,139
NbCr3,221
NbCr3,225
NbCr4Os,216
NbCr4W,216
NbCrCo,216
NbCrGe,189
NbCrN,129
NbCrP,62
NbCrPt,216
NbCrRe2,71
NbCrSi,189
NbCrTc2,71
NbCrW,216
NbCu3S4,215
NbCu3Se4,215
NbCu3Te4,215
NbCuNi6,187
NbCuPd2,139
NbCuPt,216
NbCuPt2,139
NbF4,139
NbFe,221
NbFe3,139
NbFe3,225
NbFeAs,62
NbFeAs,216
NbFeB,187
NbFeBi,216
NbFeP,62
NbFeP,216
NbFePt,216
NbFeSb,216
NbFeTcGe,216
NbGa3,139
NbGaAs,216
NbGaCo2,225
NbGaFe2,225
NbGaNi,216
NbGaNi2,225
NbGaPd,107
NbGaPd,216
NbGaPt,216
NbGaRh,187
NbGaRu2,225
NbGaTc,107
NbGaTc2,71
NbGaTcOs,216
NbGe2,180
NbGeAs,129
NbGeAs,216
NbGeIr,62
NbGeIr,216
NbGePt,62
NbGePt,216
NbGeRh,62
NbGeRh,216
NbGeRh2,99
NbGeRu2,225
NbGeSb,129
NbH2,225
NbHgPt,216
NbInNi,107
NbInNi,216
NbInNi2,71
NbInNi2,225
NbInNi4,216
NbInPd,216
NbInPt,216
NbInPt2,99
NbInRu,216
NbInRu2,123
NbInRu2,225
NbIr,51
NbIr,123
NbIr3,221
NbIrC,216
NbIrPb,216
NbIrPt,216
NbMo,221
NbMo2W,71
NbMo2W,123
NbMo2W,225
NbMo3,225
NbMoOsW,216
NbMoPt,216
NbMoRuW,216
NbMoW,42
NbMoW2,225
NbN,186
NbN,187
NbN,194
NbN,221
NbN,225
NbNi2,227
NbNi2Sn,225
NbNi3,59
NbNi3,139
NbNi3,221
NbNi3,225
NbNi4Pd,216
NbNiAs,62
NbNiAs2,62
NbNiB,63
NbNiB,216
NbNiB2,62
NbNiP,62
NbNiP2,62
NbNiPt,216
NbNiRu2,123
NbO,221
NbO2,136
NbOsPb,216
NbOsPt,216
NbOsRh2,123
NbOsRu2,123
NbP,109
NbP,141
NbP2,12
NbPOs,216
NbPRh,62
NbPRu,62
NbPRu,216
NbPd,123
NbPd2,71
NbPd2Rh,123
NbPd2Ru,123
NbPd3,139
NbPdPt,216
NbPt,51
NbPt2,71
NbPt3,59
NbPt3,139
NbPtAu,216
NbPtPb,216
NbPtRh,216
NbPtW,216
NbRe2Mo,71
NbReMo,42
NbReMo2,71
NbRePt,216
NbReSi,189
NbReW2,71
NbRh,51
NbRh,123
NbRh3,221
NbRhC,216
NbRhPb,216
NbRu,123
NbRu,221
NbRu2Au,123
NbRu2Rh,123
NbRu3,139
NbRu3,221
NbRu3C,221
NbRuPt,216
NbRuRh2,123
NbS,194
NbSb2,12
NbSbOs,216
NbSbPt,216
NbSbRh,216
NbSbRu,216
NbSe4,124
NbSi2,180
NbSi2,181
NbSiAs,129
NbSiIr,62
NbSiIr,216
NbSiNi,62
NbSiPd,62
NbSiPt,62
NbSiPt,216
NbSiRh,62
NbSiRh,216
NbSiRu2,225
NbSiTc2,225
NbSiTcRu,216
NbSnIr,216
NbSnPt,216
NbSnRh,216
NbSnRh2,139
NbSnRu,216
NbSnSb,69
NbTc2Ge,123
NbTc2Ge,225
NbTc2Mo,71
NbTc2Mo,123
NbTc2Mo,225
NbTc2Sb,225
NbTc2Sn,225
NbTc2W,71
NbTc2W,123
NbTc2W,225
NbTcGeRu,216
NbTcMoW,216
NbTcPt,216
NbTcW2,71
NbTe4,124
NbTlNi,216
NbTlPt,216
NbV,221
NbV2,227
NbV2Au,123
NbV2Fe,225
NbV2Mo,71
NbV2Os,225
NbV2Ru,225
NbV2W,123
NbV3,225
NbVMo2,71
NbVMo2,123
NbVMo2,225
NbVMoOs,216
NbVMoRu,216
NbVP,62
NbVPt,216
NbVRe,42
NbVSi,129
NbVTc2,123
NbVTcMo,216
NbVW2,123
NbVW2,225
NbW3,123
NbW3,225
NbZn,123
NbZn2,227
NbZn3,221
NbZn4Tc,216
NbZnCo2,225
NbZnFeCo,216
NbZnOs2,225
NbZnOsRh,216
NbZnOsRu,216
NbZnPt,216
NbZnRh2,225
NbZnRu2,123
NbZnRu2,225
NbZnRuRh,216
Nd(AgGe)2,139
Nd(Al2Cu)4,139
Nd(Al5Ru)2,63
Nd(AsPd)2,139
Nd(CuGe)2,139
Nd(CuSi)2,139
Nd(GaAu)2,139
Nd(GePd)2,139
Nd(GeRu)2,139
Nd(P3Ru)4,204
Nd(SiAg)2,139
Nd(SiPd)2,139
Nd(SiRu)2,139
Nd(ZnGa)2,139
Nd2(CuAg)5,47
Nd2(Ga3Ru)3,63
Nd2(Zn2Ge)3,189
Nd2AgHg,225
Nd2AgIr,225
Nd2CdHg,225
Nd2CdIn,225
Nd2CdPd2,127
Nd2CuIr,225
Nd2CuRu,225
Nd2GaAg,225
Nd2Ge2Ru,12
Nd2Ge3Pd,25
Nd2In,194
Nd2InAg,225
Nd2InHg,225
Nd2InNi2,55
Nd2InPd2,127
Nd2IrAu,225
Nd2IrPd,225
Nd2IrRu,225
Nd2MgAl,225
Nd2MgCu2,127
Nd2MgIn,225
Nd2MgTl,225
Nd2NiIr,225
Nd2ScSi2,127
Nd2ZnAg,225
Nd2ZnGa,225
Nd2ZnIn,225
Nd2ZnIr,225
Nd3(Al3Ru)4,194
Nd3(GeRu)2,57
Nd3Ag,194
Nd3Cu3Sb4,220
Nd3Ge13Ru4,223
Nd3In,221
Nd3Zn,139
Nd4Zn3Au5,6
NdAg,221
NdAg2,191
NdAgAs2,62
NdAgAs2,129
NdAgHg2,225
NdAgPb,186
NdAgSn,186
NdAl3Cu,107
NdAl3Pd2,191
NdAlGa,187
NdAlPd2,62
NdAsPd,186
NdAsPd,194
NdB2Ru3,191
NdBPd3,221
NdBeCu4,187
NdBi,225
NdBiAu2,225
NdBiPd,216
NdCdAu2,225
NdCdGa,189
NdCdHg2,225
NdCdIn,164
NdCdPd2,225
NdCu,62
NdCu2,191
NdCu4Ag,216
NdCu5,191
NdCuAg,12
NdCuGe,187
NdCuPb,216
NdCuSb2,129
NdCuSi,187
NdCuSi,194
NdCuSn,186
NdCuSn,194
NdDyMg2,225
NdDyTl2,225
NdErMg2,225
NdErTl2,225
NdErZn2,225
NdGa,63
NdGa2,191
NdGa3Ag,107
NdGaCo,62
NdGaPd2,62
NdGeRu,129
NdHf,187
NdHfPt,216
NdHfSc,216
NdHgPb,216
NdHoIn2,225
NdHoTl2,225
NdIn,221
NdIn2Ir,63
NdIn2Rh,63
NdIn3,221
NdIn5Rh,123
NdInAg2,225
NdInCu2,225
NdInPd,189
NdInPd2,225
NdInRh,189
NdInRh2,225
NdLuIn2,225
NdLuTl2,225
NdMg2Ag,225
NdMgAg2,225
NdMgAu2,225
NdMgCd2,225
NdMgGa,189
NdMgHg2,225
NdMgPd,189
NdMgSn,139
NdMgTl2,225
NdMgZn2,225
NdMnIn,187
NdNbPt,216
NdNiBi,216
NdOF,216
NdPPd,194
NdPd,63
NdPd3,221
NdPt3,221
NdRu2,227
NdRuPt,216
NdSb2Pd,129
NdSbPd,194
NdSc,221
NdSc3,194
NdScGe,139
NdScIn,216
NdScNb,216
NdScRu,216
NdScSb,139
NdScTa,216
NdScZn,216
NdSi2Ru,11
NdSi3Ru,107
NdSmHg2,225
NdSmIr2,225
NdSmMg2,225
NdSmTm2,225
NdSmZn2,225
NdSnPd,189
NdTaPt,216
NdThMg2,225
NdTlAg2,225
NdTlAu2,225
NdTlPd,189
NdTmMg2,225
NdTmTl2,225
NdV,221
NdYIr2,225
NdYRh,216
NdZn,221
NdZn2,74
NdZn2Cd,225
NdZn5,191
NdZnAu2,225
NdZnIn,194
NdZnPt,216
NdZnSn,194
Ni(BMo)2,71
Ni(BW)2,71
Ni(BW)3,63
Ni(NO3)2,205
Ni(RhS2)2,227
Ni(SbO3)2,136
Ni2Ge,62
Ni2Ge,194
Ni2GeO4,227
Ni2HgAs,216
Ni2Mo,71
Ni2Mo3N,213
Ni2Mo4C,227
Ni2Mo4N,227
Ni2MoP2,139
Ni2RuW,123
Ni2SnPd,123
Ni2W3N,213
Ni2W4C,227
Ni3B,62
Ni3GeC,221
Ni3Mo,59
Ni3Mo2P,194
Ni3S4,227
Ni3Sb,59
Ni3Sn,221
Ni3W,139
Ni4Mo,87
Ni4MoPd,216
Ni4W,87
NiAg3,139
NiAg3,221
NiAs,194
NiAs2,58
NiAs2,205
NiAsPd2,99
NiAsS,198
NiAsSe,198
NiB12,225
NiBIr,216
NiBRh,216
NiBi3,62
NiBiB,216
NiBiSe,198
NiC,225
NiF2,58
NiF2,136
NiGeAs,216
NiGePd,129
NiH,225
NiHg,123
NiMoP,189
NiMoP2,194
NiO,225
NiP,61
NiP2,205
NiP3,204
NiPPd,189
NiPRh,189
NiPRh,216
NiPRu,216
NiPS,198
NiPW,189
NiPd3,194
NiPt,123
NiRuPt,216
NiS,194
NiS2,58
NiSb2,58
NiSbAu,216
NiSbS,198
NiSbSe,198
NiSnPd2,123
NiSnRh2,225
NiTePd,62
Np(CuGe)2,139
Np(GePd)2,139
Np(SiPd)2,139
Np2InNi2,127
Np2InPt2,127
Np2InRh2,127
Np3In,221
NpCdAu2,225
NpCdPt2,225
NpGa,187
NpGa2,191
NpGa3,221
NpGa5Co,123
NpGa5Ni,123
NpGa5Rh,123
NpGaRh2,225
NpIn3,221
NpInPt,216
NpInRh2,225
NpNbPt,216
NpPd3,221
NpRu2,227
NpRuPt,216
NpSbRh,216
NpScIn,216
NpScNb,216
NpScRu,216
NpScRu2,225
NpScTa,216
NpScZn,216
NpTaPt,216
NpZnPt,216
Os2RhW,123
Os3W,139
OsPbW,216
OsRu3,194
OsRu5,189
OsRuPt,216
OsW2,136
P2Pd,15
P2Pt,205
P2Pt5,15
P2Ru,58
P2W,12
P2W,36
P3Pd,204
P3Ru,2
P4Ru,2
P4Ru,14
PIrRh,216
PPbW,216
PPd2,5
PPd3,62
PPdRh,216
PPdRu,216
PRu,62
PRu2,62
PRu3,44
PRuPt,216
PW,62
PW3,82
Pa(GaPd)2,139
Pa(GaRh)2,139
Pa(SiW)2,139
Pa3Mo,194
Pa3Re,225
Pa3Sb4,220
Pa3Ta,194
Pa3W,139
Pa3Zn,221
PaAlCu2,225
PaAlRu2,225
PaAlTc2,225
PaCdAu2,225
PaCdPt2,225
PaFeSb,216
PaGa,123
PaGa3,221
PaGaFe,216
PaGaPt2,225
PaGaTc2,225
PaIn3,221
PaInPt,216
PaInPt2,225
PaInRu2,225
PaMn2Al,225
PaMn2Zn,225
PaNbPt,216
PaNi2Ge,225
PaNi2Sb,225
PaNiBi,216
PaPbAu2,225
PaPd3,194
PaRuPt,216
PaSb2,129
PaSnPd2,225
PaSnRh,216
PaTaPt,216
PaTiTc2,225
PaZn,123
PaZnAu2,225
PaZnNi2,225
PaZnPt,216
PaZnPt2,225
PaZnRu2,225
PbBrCl,216
Pd16S7,217
Pd2Cl2O,141
Pd2O,224
Pd3Au,221
Pd3Pb,221
Pd3PbC,221
Pd3S,63
Pd4S,114
Pd4Se,114
PdAu,166
PdAu3,139
PdAu3,221
PdC,225
PdF2,136
PdF2,205
PdN,225
PdO,131
PdPb2,140
PdPbF4,140
PdPt2Rh,123
PdPt3Rh2,123
PdPtAu,156
PdRuPt,216
PdSe2,61
Pm2AgGe,225
Pm2AgIr,225
Pm2AgPt,225
Pm2AgRh,225
Pm2AgRu,225
Pm2AgSn,225
Pm2AlAu,225
Pm2AlCd,225
Pm2AlPd,225
Pm2AlZn,225
Pm2CdGa,225
Pm2CdSi,225
Pm2CdSn,225
Pm2CoAg,225
Pm2CoIr,225
Pm2CoRh,225
Pm2CuGe,225
Pm2CuOs,225
Pm2CuPt,225
Pm2CuRu,225
Pm2ErTm,225
Pm2GaAg,225
Pm2GaRu,225
Pm2GePd,225
Pm2HgRu,225
Pm2HoLu,225
Pm2InAg,225
Pm2InAu,225
Pm2InHg,225
Pm2InSi,225
Pm2IrAu,225
Pm2IrOs,225
Pm2IrPd,225
Pm2IrPt,225
Pm2IrRu,225
Pm2MgAl,225
Pm2MgGa,225
Pm2MgIr,225
Pm2MgRu,225
Pm2MgSi,225
Pm2MgTl,225
Pm2PdPb,225
Pm2PdPt,225
Pm2PdRh,225
Pm2PdRu,225
Pm2PtAu,225
Pm2PtPb,225
Pm2PtRh,225
Pm2RuAu,225
Pm2SiAg,225
Pm2SiHg,225
Pm2SiNi,225
Pm2SiPd,225
Pm2SiPt,225
Pm2SnAu,225
Pm2SnGe,225
Pm2SnHg,225
Pm2SnPd,225
Pm2TlAg,225
Pm2TlCd,225
Pm2TlGa,225
Pm2TlSn,225
Pm2ZnAg,225
Pm2ZnAu,225
Pm2ZnCo,225
Pm2ZnGa,225
Pm2ZnHg,225
Pm2ZnIn,225
Pm2ZnIr,225
Pm2ZnOs,225
Pm2ZnPb,225
Pm2ZnPt,225
Pm2ZnRh,225
Pm2ZnRu,225
Pm2ZnSi,225
Pm3Ga,221
Pm3Sc,139
Pm3Sc,194
PmAg2Pb,225
PmAg2Sn,225
PmAgAu2,225
PmAgHg2,225
PmAgPb,216
PmAlAg2,225
PmAlAu2,225
PmAlCu2,225
PmBiAu2,225
PmBiPd2,225
PmBiRh2,225
PmCdAg2,225
PmCdAu2,225
PmCdHg2,225
PmCdPd2,225
PmCdPt2,225
PmCdRh2,225
PmCu,221
PmCu3,194
PmDyCu2,225
PmDyMg2,225
PmDyRu2,225
PmErAl2,225
PmGa,221
PmGaAg2,225
PmGaAu2,225
PmGaCu2,225
PmGaNi,216
PmGdIn2,225
PmGeAu2,225
PmGePd,216
PmHf,187
PmHfPt,216
PmHfSc,216
PmHgAu2,225
PmHoMg2,225
PmHoRu2,225
PmHoTl2,225
PmInAg2,225
PmInAu2,225
PmInNi2,225
PmInPd,216
PmInPd2,225
PmInPt,216
PmInRh,216
PmInRh2,225
PmMgAg2,225
PmMgAu2,225
PmMgCd2,225
PmMgGa,216
PmMgGe,216
PmMgHg2,225
PmMgIn,216
PmMgRh2,225
PmMgZn2,225
PmNbPt,216
PmNdEr2,225
PmNdGe,216
PmNdZn2,225
PmNi2Sn,225
PmNiSb,216
PmPbAu,216
PmPbAu2,225
PmPd3,221
PmPdPb,216
PmRh2Pb,225
PmRuPt,216
PmSbAu2,225
PmSbPd,216
PmSbPd2,225
PmSbPt,216
PmSbRh2,225
PmScIn,216
PmScNb,216
PmScRu,216
PmScTa,216
PmScZn,216
PmSmGe,216
PmSmHg2,225
PmSmMg2,225
PmSmTl2,225
PmSnAu,216
PmSnAu2,225
PmSnPd2,225
PmSnPt2,225
PmSnRh2,225
PmTaPt,216
PmTlAg2,225
PmTlAu2,225
PmTlPd,216
PmTlRh2,225
PmTmAl2,225
PmTmTl2,225
PmV,221
PmYAl2,225
PmYMg2,225
PmYZn2,225
PmZn2Au,225
PmZn2Cd,225
PmZn3,194
PmZnAu2,225
PmZnHg2,225
PmZnPt,216
Pr(AgGe)2,139
Pr(Al10V)2,227
Pr(Al2Cu)4,139
Pr(Al5Ru)2,63
Pr(AlZn)2,139
Pr(BRu)2,70
Pr(CuGe)2,139
Pr(CuSi)2,139
Pr(CuSn)2,129
Pr(GaAu)2,139
Pr(Ge3Pt)4,204
Pr(GeRu)2,139
Pr(InAg)2,139
Pr(InIr)2,139
Pr(InPd)2,139
Pr(P3Ru)4,204
Pr(PdAu)2,139
Pr(Re2Si)2,65
Pr(SiAg)2,139
Pr(SiPd)2,139
Pr(SiRu)2,139
Pr(ZnGa)2,139
Pr(ZnGe)2,139
Pr(ZnP)3,194
Pr2(Ga3Ru)3,63
Pr2(Zn2Ge)3,189
Pr2AgHg,225
Pr2AgIr,225
Pr2AgOs,225
Pr2AgRu,225
Pr2AgSn,225
Pr2AlAg,225
Pr2AlCd,225
Pr2AlZn,123
Pr2CdAg,225
Pr2CdPb,225
Pr2CdPd2,127
Pr2CdSn,225
Pr2CoCu,225
Pr2CoIr,225
Pr2CuAg,123
Pr2CuHg,225
Pr2CuIr,225
Pr2CuOs,225
Pr2DyEr,225
Pr2DyMg,225
Pr2Ga,62
Pr2GaAg,225
Pr2GaCu,225
Pr2GaHg,225
Pr2Ge2Ru,12
Pr2Ge5Ru3,72
Pr2HgIr,225
Pr2HgPd,225
Pr2HoTm,225
Pr2In,194
Pr2InAg,123
Pr2InAg,225
Pr2InCu2,127
Pr2InNi2,127
Pr2InSn,225
Pr2IrAu,225
Pr2IrPd,225
Pr2IrRu,225
Pr2MgHg,225
Pr2MgSn,225
Pr2MgTl,225
Pr2MgZn,225
Pr2NiAg,225
Pr2NiIr,225
Pr2NiPd,225
Pr2SiAg,225
Pr2SnHg,225
Pr2SnPb,225
Pr2TlAg,225
Pr2TlCd,225
Pr2TlCu,225
Pr2TlIn,225
Pr2YHo,225
Pr2ZnAg,225
Pr2ZnCd,225
Pr2ZnGa,225
Pr2ZnHg,225
Pr2ZnIn,225
Pr2ZnIr,225
Pr2ZnOs,225
Pr2ZnPb,225
Pr2ZnPt,225
Pr2ZnRh,225
Pr2ZnRu,225
Pr2ZnSn,225
Pr3(Al3Ru)4,194
Pr3(GeRu)2,57
Pr3Ag,139
Pr3Cu,139
Pr3Ga,221
Pr3Ge13Ru4,223
Pr3Hf,139
Pr3Hf,221
Pr3In,221
Pr3Zn,139
Pr5Al2Ru3,199
PrAg,221
PrAg2,74
PrAgAs2,62
PrAgAu2,225
PrAgHg2,225
PrAgPb,186
PrAgSn,186
PrAl3,221
PrAl3Cu,107
PrAlZn,12
PrAsPd,194
PrB2Ru3,191
PrBPd3,221
PrBiAu2,225
PrBiPd,216
PrBiPd2,225
PrCdAg2,225
PrCdAu2,225
PrCdHg2,225
PrCdIn,164
PrCu2,191
PrCu5,191
PrCuGe,187
PrCuPb,194
PrCuSb2,129
PrCuSi,187
PrCuSi,194
PrCuSn,194
PrDyMg2,225
PrDyTl2,225
PrDyZn2,225
PrErIn2,225
PrErMg2,225
PrErZn2,225
PrGa,63
PrGa2,191
PrGa3,194
PrGa3Pd,119
PrGa5Ni,123
PrGa5Ru,123
PrGaAu2,225
PrGaCo2,51
PrGaO3,221
PrGeRu,129
PrHfPt,216
PrHfSc,216
PrHgPb,216
PrHoMg2,225
PrIn,221
PrIn3,221
PrIn5Rh,123
PrInAu,189
PrInCu,189
PrInCu2,225
PrInNi2,51
PrInPd,189
PrInPt,189
PrInPt,216
PrInRh,189
PrLuMg2,225
PrMg2Ag,225
PrMg2Cd,225
PrMg2Sc,225
PrMgAg2,225
PrMgAu2,225
PrMgCd2,225
PrMgGa,189
PrMgHg2,225
PrMgPd,189
PrMgTl2,225
PrMnIn,187
PrMo3,194
PrNbPt,216
PrNdEr2,225
PrNdHg2,225
PrNdMg2,225
PrNdTl2,225
PrNdZn2,225
PrNiBi,216
PrOF,216
PrPPd,194
PrPbAu2,225
PrPd,63
PrPd3,221
PrRu2,227
PrRuPt,216
PrSb2Pd,129
PrSbPd,186
PrSbPd,194
PrSc,221
PrScGe,139
PrScIn,216
PrScNb,216
PrScRu,216
PrScSi,139
PrScTa,216
PrScZn,216
PrSi2Ru,11
PrSiAg,187
PrSiRu,129
PrSmIn2,225
PrSmMg2,225
PrSmTl2,225
PrSmTm2,225
PrSmZn2,225
PrSnAu2,225
PrSnPd,189
PrSnRu,62
PrTaPt,216
PrTlAg2,225
PrTlPd,189
PrTmMg2,225
PrTmTl2,225
PrV,221
PrVO4,141
PrW3,225
PrYMg2,225
PrYTl2,225
PrYZn2,225
PrZn,221
PrZn2Hg,225
PrZn5,191
PrZnGa,194
PrZnIn,194
PrZnNi,189
PrZnPt,216
PrZnSn,194
Pt2W,71
Pt3O4,223
Pt3Pb,221
Pt5Se4,14
PtC,187
PtC,216
PtC,225
PtN,225
PtN2,58
PtN2,205
PtO,131
PtO2,58
PtO2,136
PtO2,224
PtPb2,140
PtRh2W,139
PtS,84
PtS,131
Pu(CuSi)2,139
Pu(SiRu)2,139
Pu2HgGe,225
Pu2InNi2,127
Pu2InRh2,127
Pu2SnHg,225
Pu3Ga,221
Pu3Sc,225
PuB2Ru3,191
PuCdRh2,139
PuGa,139
PuGa3,194
PuGe3,221
PuHfPt,216
PuHfSc,216
PuIn,123
PuInHg2,225
PuInPt,216
PuNbPt,216
PuPd3,221
PuPt5,216
PuRu,221
PuRu2,227
PuRu3C,221
PuRuPt,216
PuScIn,216
PuScNb,216
PuScRu,216
PuScTa,216
PuScZn,216
PuTaPt,216
PuWC2,62
PuZn2,227
PuZnPt,216
Rb(CuAs)2,139
Rb(GaAu)2,139
Rb(GaSb)2,139
Rb(InAu)2,139
Rb(InPb)2,139
Rb(PRu)2,139
Rb2CuCl4,64
Rb2GeF6,225
Rb2HgAu,225
Rb2In3,139
Rb2MnCl6,225
Rb2MnF5,123
Rb2MnF6,225
Rb2NiF4,139
Rb2NiF6,225
Rb2P2Pd,63
Rb2PbCl6,225
Rb2Pd,225
Rb2PdBr6,225
Rb2PdCl6,225
Rb2PdF6,225
Rb2PdI6,225
Rb2PtCl6,225
Rb2PtI6,225
Rb2SeCl6,225
Rb2SiF6,225
Rb2SnBr6,225
Rb2SnCl6,225
Rb2SnI6,225
Rb2TeBr6,225
Rb2TeCl6,225
Rb2TiCl6,225
Rb2ZrCl6,225
Rb3Ag,221
Rb3Bi,194
Rb3Bi,225
Rb3BiO3,198
Rb3BiSe3,198
Rb3Ga,225
Rb3Ge4Au,59
Rb3Hf,225
Rb3In,221
Rb3In,225
Rb3Mo,225
Rb3Nb,225
Rb3Re,139
Rb3Re,221
Rb3Ru,225
Rb3Sb2Br9,164
Rb3SbSe3,198
Rb3V,225
Rb3Zn,139
Rb3ZnH5,140
Rb7NbAs4,31
RbAgF3,140
RbAgO,119
RbAgO,139
RbAlF4,123
RbAlO2,227
RbAuO,139
RbBaBi,216
RbBiF4,227
RbClO4,216
RbCuC2,123
RbCuF3,140
RbCuO,139
RbCuO,216
RbGa3,119
RbGeI3,221
RbHfPt,216
RbHfSc,216
RbHgAu,216
RbIn4,139
RbInPt,216
RbInTe2,140
RbMnF3,221
RbNa2Bi,225
RbNa2Sb,225
RbNaHg,216
RbNaIn,216
RbNbPt,216
RbPdF3,221
RbRuPt,216
RbSb,19
RbScIn,216
RbScNb,216
RbScO2,194
RbScRu,216
RbScTa,216
RbScZn,216
RbTaGe,6
RbTaPt,216
RbTl2Bi,225
RbV,221
RbVF3,221
RbYTe2,194
RbZn4As3,123
RbZn4P3,123
RbZnPt,216
Re,194
Re2C,194
Re2N,194
Re2P,62
Re2P5,2
Re2PtRh,225
Re2W,194
Re3As7,229
Re3Ge,139
Re3Ir,139
Re3Mo,139
Re3N,187
Re3Pd,194
Re3Pt,194
Re3Ru,44
Re3Sb,225
Re3Si,194
Re3Sn,139
Re3Sn,194
Re3Tc,194
Re3W,139
Re3W,194
Re5Si3,140
ReAg3,194
ReAsW2,216
ReB2,194
ReC,187
ReC,221
ReC2,123
ReC2,187
ReC2,194
ReMo2As,216
ReN,131
ReN,194
ReN,221
ReN2,12
ReN2,57
ReN2,62
ReN2,127
ReN2,187
ReN2,205
ReO2,14
ReO2,60
ReO2,136
ReO3,182
ReO3,221
ReOsRu,216
RePb3,225
ReRh3,194
ReRu3,194
ReRuPt,216
ReSi,198
ReSi2,139
ReSi2Tc,71
ReSiTc2,71
ReSn3,225
ReSnAs,216
ReSnGe,216
ReTeS,216
Rh2W,71
Rh3W,194
Ru,194
Ru2Pt,139
Ru3W,139
Ru3W,194
RuAu3,139
RuAu3,194
RuC,187
RuC,216
RuC,225
RuN,194
RuN,216
RuN2,58
RuO2,58
RuO2,136
RuO2,205
RuPbW,216
RuPt,123
RuPt,129
RuPt2,139
RuPt2Rh,123
RuPt2Rh,139
RuPt3,139
RuPtAu,216
RuPtPb,216
RuPtRh,216
RuPtW,216
RuPtW2,123
RuRh3,194
RuRh3,221
RuRh5,123
RuS2,205
RuSe2,205
RuW,123
Sb,221
Sb2Au,205
Sb2O3,227
Sb2O5,15
Sb2Os,58
Sb2Pb2O7,227
Sb2Pd,205
Sb2Pd3,123
Sb2Pt,205
Sb2Pt2O7,227
Sb2Pt3,72
Sb2Rh,14
Sb2Ru,58
Sb3Ir,204
Sb3Mo,225
Sb3Rh,204
Sb7Mo3,229
SbAsIr,216
SbAsOs,216
SbAsPd5,227
SbAsRh,216
SbIr,194
SbIrS,29
SbIrS,198
SbIrSe,198
SbO2,33
SbPbAu,216
SbPd,194
SbPd2,36
SbPd3,225
SbPdS,198
SbPdSe,198
SbPt,194
SbPt7,225
SbPtS,198
SbPtSe,198
SbRh2,62
SbRhS,198
SbRhSe,198
SbRu,62
SbRuPt,216
SbTeIr,198
SbTePd,198
Sc,194
Sc(Al2Fe)4,139
Sc(Al2V)2,139
Sc(AlC)3,186
Sc(AlZn)2,139
Sc(BC)2,55
Sc(BeIr)2,139
Sc(BeNi)2,139
Sc(CoB)2,139
Sc(CoSi)2,139
Sc(CrB)2,139
Sc(CuSi)2,139
Sc(Fe2P)2,136
Sc(FeP)2,139
Sc(FeSi)2,57
Sc(GaFe)6,71
Sc(MnAl2)4,139
Sc(MnSi)2,139
Sc(MnSn)6,191
Sc(NbAl2)2,139
Sc(Ni2As)2,136
Sc(P2Rh3)2,174
Sc(PRu)2,139
Sc(SiIr)2,139
Sc(SiNi)2,139
Sc(SiRh)2,139
Sc(SiRu)2,139
Sc(TiGa2)2,139
Sc(VGa2)2,139
Sc11Ir4,225
Sc11Os4,225
Sc2Ag,139
Sc2AgAu,225
Sc2AgHg,225
Sc2AgIr,225
Sc2AgOs,225
Sc2AgPd,71
Sc2AgRu,225
Sc2Al,194
Sc2Al3Ru,194
Sc2AlAg,225
Sc2AlCd,225
Sc2AlCu,225
Sc2AlFe,123
Sc2AlGa,123
Sc2AlHg,71
Sc2AlIr,225
Sc2AlOs,123
Sc2AlOs,225
Sc2AlPt,225
Sc2AlRh,123
Sc2AlRu,123
Sc2AlRu,225
Sc2AlSi2,127
Sc2AlTc,123
Sc2AlTc,225
Sc2AlTl,71
Sc2AlTl,123
Sc2AlZn,123
Sc2AlZn,225
Sc2As,38
Sc2B,123
Sc2BC2,139
Sc2BPd,225
Sc2BPt,225
Sc2Be2Pd,139
Sc2BeAl,123
Sc2BeCd,123
Sc2BeCo,216
Sc2BeGa,119
Sc2BeIn,119
Sc2BeIr,99
Sc2BeOs,119
Sc2BeRh,99
Sc2BeRu,99
Sc2BeRu,225
Sc2BeSb,119
Sc2BeSi,119
Sc2BeTc,225
Sc2BeV,225
Sc2Bi,139
Sc2CdAg,225
Sc2CdGa,71
Sc2CdGa,123
Sc2CdIn,225
Sc2CdS4,227
Sc2CdSe4,227
Sc2CdTc,225
Sc2Co,12
Sc2Co,140
Sc2Co3Si,194
Sc2CoOs,225
Sc2CoPt,225
Sc2CoRh,225
Sc2CoRu,225
Sc2CoSi2,12
Sc2CuAg,71
Sc2CuAu,225
Sc2CuNi,71
Sc2CuOs,225
Sc2CuPt,225
Sc2CuRu,123
Sc2CuRu,225
Sc2CuTc,123
Sc2CuTc,225
Sc2Fe,139
Sc2FeB2Ir5,127
Sc2FeSi2,12
Sc2Ga,139
Sc2GaAg,225
Sc2GaAu,225
Sc2GaB2Rh5,127
Sc2GaC,194
Sc2GaCo,225
Sc2GaCu,225
Sc2GaFe,225
Sc2GaIr,225
Sc2GaOs,225
Sc2GaPd,225
Sc2GaPt,225
Sc2GaRh,225
Sc2GaRu,225
Sc2GaTc,225
Sc2Ge,115
Sc2GePd,71
Sc2In,194
Sc2InAg,225
Sc2InCu,225
Sc2InGa,123
Sc2InIr,225
Sc2InNi2,127
Sc2InP,166
Sc2InPt,71
Sc2InRh,225
Sc2InRu,71
Sc2Ir,227
Sc2IrPd,225
Sc2IrRu,225
Sc2MnAs,216
Sc2MnGe,216
Sc2MnGe,225
Sc2MnRh,225
Sc2MnS4,227
Sc2MnSe4,227
Sc2MnSi,216
Sc2MnSi,225
Sc2MnSn,216
Sc2Ni,227
Sc2Ni12P7,174
Sc2Ni2Sn,127
Sc2NiAg,123
Sc2NiIr,225
Sc2NiOs,225
Sc2NiPt,225
Sc2NiRh,123
Sc2NiRu,123
Sc2NiSn,216
Sc2O3,206
Sc2Os,139
Sc2OsAu,225
Sc2OsPt,225
Sc2OsRh,123
Sc2OsRh,225
Sc2OsRu,123
Sc2OsRu,225
Sc2P7Ru12,174
Sc2Pd,227
Sc2PdAu,225
Sc2PdPt,225
Sc2PdRh,225
Sc2PdRu,123
Sc2PdRu,225
Sc2PtRh,225
Sc2Rh,140
Sc2Ru,12
Sc2RuPt,123
Sc2RuPt,225
Sc2RuRh,123
Sc2RuRh,225
Sc2SO2,194
Sc2Sb,129
Sc2SbP,166
Sc2Si2Pt3,55
Sc2Si2Ru,12
Sc2SiB2Ir5,127
Sc2SiIr,216
Sc2SnPt,216
Sc2SnRu,216
Sc2TaBe,123
Sc2Tc,139
Sc2TcAg,123
Sc2TcAu,225
Sc2TcHg,225
Sc2TcNi,225
Sc2TcPd,123
Sc2TcPd,225
Sc2TcPt,225
Sc2TiGa,71
Sc2TlAg,225
Sc2TlCd,225
Sc2TlIn,139
Sc2TlP,160
Sc2TlPd,71
Sc2VB2Ir5,127
Sc2ZnAg,123
Sc2ZnAg,225
Sc2ZnAu,225
Sc2ZnCd,123
Sc2ZnCu,225
Sc2ZnGa,123
Sc2ZnGa,225
Sc2ZnIn,71
Sc2ZnIn,123
Sc2ZnIn,225
Sc2ZnIr,225
Sc2ZnNi,123
Sc2ZnNi,225
Sc2ZnOs,123
Sc2ZnOs,225
Sc2ZnPd,71
Sc2ZnPt,225
Sc2ZnRh,225
Sc2ZnRu,225
Sc2ZnS4,227
Sc2ZnTc,225
Sc3(Ni10B3)2,225
Sc3Ag,71
Sc3Al,123
Sc3Al,194
Sc3Al,221
Sc3Al2Zn,123
Sc3AlC,221
Sc3AlZn2,123
Sc3As2,62
Sc3B,44
Sc3BPb,221
Sc3BPd,221
Sc3BPt,221
Sc3BeRu2,123
Sc3Bi,194
Sc3Bi2,123
Sc3BiB,221
Sc3Cd,194
Sc3Co2Si3,63
Sc3Fe2Si3,63
Sc3Ga,139
Sc3GaC,221
Sc3Ge,139
Sc3Hg,194
Sc3Hg,221
Sc3In,194
Sc3In,221
Sc3InB,221
Sc3InC,221
Sc3InN,221
Sc3InRh,221
Sc3Nb,139
Sc3P,62
Sc3P,139
Sc3P2,62
Sc3Pb,139
Sc3PbC,221
Sc3Pd,139
Sc3Pt,139
Sc3Rh,139
Sc3Ru,71
Sc3Sb,139
Sc3Sb2,123
Sc3Si,139
Sc3Si3Ni2,63
Sc3Sn,194
Sc3Sn,221
Sc3SnB,221
Sc3SnC,221
Sc3SnPt,221
Sc3Tc,194
Sc3Tl,194
Sc3TlB,221
Sc3TlC,221
Sc3ZnRu2,123
Sc4BeTc,216
Sc4C3,220
Sc4Ge6Ir7,229
Sc4Ge6Os7,229
Sc4Ge6Rh7,229
Sc4Ge6Ru7,229
Sc4Si6Ir7,229
Sc4TaFe19P12,6
Sc5Ge3,193
Sc5Pb3,193
Sc5Si3,193
Sc5Si7Pt9,174
Sc5Sn3,193
Sc6Al16Ir7,225
Sc6Al16Ni7,225
Sc6Al16Os7,225
Sc6Al16Pd7,225
Sc6Al16Rh7,225
Sc6Al16Ru7,225
Sc6FeSb2,189
Sc6Ga16Ru7,225
Sc6Ni16Ge7,225
Sc6NiTe2,189
Sc6Si7Ni16,225
Sc7P3,186
ScAg,221
ScAg2,139
ScAg2P,216
ScAg2Sn,71
ScAg4,87
ScAgAu,99
ScAgC,216
ScAgGe,216
ScAgIr,99
ScAgO2,194
ScAgP,187
ScAgPd2,71
ScAgRu,216
ScAl,63
ScAl,123
ScAl,221
ScAl2,227
ScAl2Ag,225
ScAl2Au,63
ScAl2Cd,123
ScAl2Cu,63
ScAl2Ga,123
ScAl2Hg,123
ScAl2Os,71
ScAl2Os,225
ScAl2Pt,225
ScAl2Ru,225
ScAl2Zn,123
ScAl3,139
ScAl3,221
ScAl5Fe,123
ScAl5Pd,123
ScAl5Ru,123
ScAl7,225
ScAlAg2,225
ScAlAu,216
ScAlAu2,225
ScAlCd,216
ScAlCd2,99
ScAlCo2,225
ScAlCoRh,216
ScAlCoRu,216
ScAlCu2,225
ScAlCu4,216
ScAlGa,187
ScAlGe,63
ScAlHg,216
ScAlIn,216
ScAlIr,99
ScAlIr2,225
ScAlNi2,225
ScAlNiPd,216
ScAlNiPt,216
ScAlNiRh,216
ScAlNiRu,216
ScAlOs2,225
ScAlPd2,225
ScAlPdRh,216
ScAlPdRu,47
ScAlPdRu,216
ScAlPt2,225
ScAlRh2,47
ScAlRh2,123
ScAlRh2,225
ScAlRu,187
ScAlRu2,71
ScAlRu2,225
ScAlRuRh,216
ScAlSi,63
ScAlSi2,2
ScAlZnCu,216
ScAlZnPd,216
ScAs,221
ScAs,225
ScAs2,123
ScAs3,139
ScAsO4,141
ScAsPd,216
ScAsPt,216
ScAu,221
ScAu2,139
ScAu3,194
ScAu4,87
ScAuO2,194
ScB,63
ScB12,139
ScB12,225
ScB2,191
ScB2,227
ScB2C,135
ScB3,12
ScB4Ir3,176
ScB4Os3,63
ScB6,221
ScBIr,99
ScBIr3,221
ScBPd,187
ScBPd2,99
ScBPd3,221
ScBPt2,99
ScBPt3,221
ScBRh3,221
ScBRu,216
ScBe13,226
ScBe2Cu,216
ScBe2Re,119
ScBe2Rh,123
ScBe2Sb,119
ScBe4Pt,216
ScBe4Ru,216
ScBe5,191
ScBeB,216
ScBeCd2,225
ScBeCo2,119
ScBeCr2,123
ScBeCr2,139
ScBeFe,156
ScBeFe4,216
ScBeGa,187
ScBeGe,187
ScBeHg2,225
ScBeIn,107
ScBeIn,187
ScBeIn,216
ScBeMo,156
ScBeNb,216
ScBeNi2,119
ScBePb,187
ScBePb2,123
ScBeRh,187
ScBeRh2,99
ScBeRu,216
ScBeRu2,119
ScBeSi,187
ScBeSi2,99
ScBeSn,107
ScBeSn2,99
ScBeTc2,216
ScBeTl,187
ScBeV,107
ScBeV2,99
ScBeV2,119
ScBeW2,216
ScBeZn,187
ScBeZn,216
ScBeZn2,216
ScBi,225
ScBi3,139
ScBiO3,221
ScBiPd,216
ScBiPd2,225
ScBiRu2,225
ScC,194
ScC,225
ScCd,221
ScCd2Ag,225
ScCd2Au,225
ScCd2Pd,225
ScCd3,194
ScCdAg2,225
ScCdAu2,225
ScCdB,216
ScCdCu2,225
ScCdHg2,225
ScCdIn,216
ScCdNi4,216
ScCdPd,187
ScCdPd2,225
ScCdPt2,225
ScCdRh2,123
ScCdRh2,225
ScCdRu,216
ScCo,221
ScCo2,227
ScCo2Ge,71
ScCo2Ge,225
ScCo2Si,225
ScCo2Sn,225
ScCo3B2,191
ScCoC2,129
ScCoP,62
ScCoRu,216
ScCoS,216
ScCoSe,216
ScCoSi,129
ScCoSi2,216
ScCoSn2,63
ScCoSnRu,216
ScCoTe,216
ScCr4Mo,216
ScCrC2,194
ScCrIn,216
ScCrRu,216
ScCu,221
ScCu2,139
ScCu2Ag,71
ScCu2Au,225
ScCu2Pt,225
ScCu2Si,225
ScCu3,139
ScCuAu,187
ScCuC,216
ScCuGe,189
ScCuHg2,71
ScCuNiSn,216
ScCuO2,194
ScCuPd2,225
ScCuRu,216
ScCuSi,62
ScCuSi,189
ScCuSi,216
ScCuSn,186
ScCuSn,194
ScCuSn,216
ScF3,221
ScFe2,227
ScFeGe,189
ScFeRu,216
ScFeSi,62
ScGa,63
ScGa,221
ScGa2,65
ScGa2,74
ScGa2Fe,225
ScGa2Ir,71
ScGa2Ir,225
ScGa2Ni,63
ScGa2Os,71
ScGa2Os,225
ScGa2Rh,225
ScGa2Ru,225
ScGa2Tc,225
ScGa3,221
ScGa5Co,123
ScGa5Fe,123
ScGa5Ni,123
ScGaAg2,71
ScGaAu2,99
ScGaCo2,225
ScGaCu2,225
ScGaCu4,216
ScGaCuNi,216
ScGaFe,187
ScGaFe2,225
ScGaHg,216
ScGaIr,187
ScGaIr2,99
ScGaIr2,225
ScGaNi2,225
ScGaPd2,225
ScGaPt2,225
ScGaRh,187
ScGaRh2,225
ScGaRu,187
ScGaRu,216
ScGaRu2,225
ScGaTc2,99
ScGe,63
ScGe,216
ScGe2,63
ScGeAu,186
ScGeAu,216
ScGeAu2,99
ScGeIr,62
ScGeOs,189
ScGePd,189
ScGeRh,62
ScGeRh,189
ScGeRu,189
ScGeRu,216
ScGeRuRh,216
ScH2,225
ScHg,221
ScHg3,194
ScHgAu2,12
ScHgB,216
ScHgRu,216
ScHgW2,225
ScIn2Pd,63
ScIn3,221
ScInAg,216
ScInAg2,225
ScInAs,216
ScInAu,216
ScInAu2,225
ScInB,216
ScInBi,216
ScInCo,216
ScInCo2,225
ScInCu,216
ScInCu2,225
ScInCu4,216
ScInCuNi,216
ScInFe,216
ScInGa,216
ScInGe,216
ScInHg,216
ScInIr,187
ScInIr,216
ScInIr2,225
ScInIr4,216
ScInMo,216
ScInNi,216
ScInNi2,225
ScInNiRh,216
ScInNiRu,216
ScInOs,216
ScInP2,115
ScInPb,216
ScInPd,216
ScInPd2,225
ScInPt,189
ScInPt,216
ScInPt2,225
ScInRe,216
ScInRh,187
ScInRh,216
ScInRh2,225
ScInRu,216
ScInRuRh,216
ScInSb,216
ScInSi,216
ScInSn,216
ScInTc,216
ScInW,216
ScIr,221
ScIr2,227
ScIr2Pd,225
ScIr3,221
ScIrPd2,225
ScIrRu,216
ScMn2,194
ScMnAu2,71
ScMnBe,156
ScMnIn,216
ScMnNb,216
ScMnRh2,225
ScMnRu,216
ScMnSi,189
ScMnZn,216
ScMo2,139
ScMoRu,216
ScMoRu2,225
ScN,225
ScNb,187
ScNb2,139
ScNbAg,216
ScNbAl,216
ScNbAs,216
ScNbAu,216
ScNbB,216
ScNbBi,216
ScNbCd,216
ScNbCo,216
ScNbCr,216
ScNbCr4,216
ScNbCu,216
ScNbFe,216
ScNbGa,216
ScNbGe,216
ScNbHg,216
ScNbIn,216
ScNbIr,216
ScNbIrRu,216
ScNbMo,216
ScNbNi,216
ScNbOs,216
ScNbOs2,123
ScNbOs2,225
ScNbPb,216
ScNbPd,216
ScNbPt,216
ScNbRe,216
ScNbRh,216
ScNbRu,216
ScNbRu2,123
ScNbRu2,225
ScNbSb,216
ScNbSi,71
ScNbSi,216
ScNbSn,216
ScNbTc,216
ScNbTc2,225
ScNbTcOs,216
ScNbTcRu,216
ScNbTl,216
ScNbV,216
ScNbW,216
ScNbZn,216
ScNi,221
ScNi2,227
ScNi2P,216
ScNi2Sn,225
ScNi4Ge,216
ScNi4Os,216
ScNi4Pb,216
ScNi4Sn,216
ScNi5,191
ScNiAs,216
ScNiB4,55
ScNiBi,216
ScNiP,62
ScNiP,187
ScNiP,216
ScNiPb,216
ScNiRu,216
ScNiSb,216
ScNiSn,189
ScO,225
ScOs,221
ScOs2,194
ScOs3,221
ScOsRu,216
ScP,216
ScP,221
ScP,225
ScP2,38
ScPIr,189
ScPO4,141
ScPPd,216
ScPPt,62
ScPPt,216
ScPRu,189
ScPaIn,216
ScPaNb,216
ScPaRu,216
ScPaTa,216
ScPaTc2,225
ScPaZn,216
ScPbAu,216
ScPd,221
ScPd2,71
ScPd2Pb,225
ScPd2Pt,123
ScPd2Pt,225
ScPd3,221
ScPdPt2,99
ScPdRh2,123
ScPdRu,216
ScPt,221
ScPt2,71
ScPt2Rh,123
ScPt3,221
ScPtRh2,123
ScRe2,194
ScReRu,216
ScReTc2,225
ScRh,221
ScRh2,71
ScRh2Au,123
ScRh2Pb,139
ScRh2Pb,225
ScRh3,221
ScRh3C,221
ScRu,221
ScRu2,194
ScRu3,139
ScRu3,221
ScRu3C,221
ScRuAu,216
ScRuAu2,99
ScRuPt,216
ScRuRh,216
ScRuW,216
ScS,225
ScSb,221
ScSb,225
ScSb3,139
ScSbPd,216
ScSbPd2,99
ScSbPt,216
ScSbRh,216
ScSbRh2,225
ScSbRu2,225
ScSe,225
ScSi,63
ScSi,216
ScSi2,191
ScSi2Pt,166
ScSi2Rh,62
ScSi3,139
ScSi3Ni,65
ScSi7Ir3,167
ScSi7Rh3,167
ScSiAg,216
ScSiAu,187
ScSiAu,216
ScSiIr,62
ScSiNi,62
ScSiNi2,225
ScSiPd,62
ScSiPd2,225
ScSiPt,62
ScSiPt2,63
ScSiRh,62
ScSiRh2,139
ScSiRh2,225
ScSiRu,189
ScSiRu2,225
ScSiRuRh,216
ScSn,216
ScSn2,141
ScSn3,139
ScSn3,194
ScSnAu,186
ScSnAu,216
ScSnAu2,99
ScSnPd,189
ScSnPd2,225
ScSnPt,190
ScSnPt,216
ScSnPt2,225
ScSnRh2,139
ScSnRh2,225
ScSnRu,187
ScSnRu2,225
ScTaAg,216
ScTaAl,216
ScTaAs,216
ScTaAu,216
ScTaB,216
ScTaBe,216
ScTaBe2,123
ScTaBi,216
ScTaCd,216
ScTaCo,216
ScTaCr,216
ScTaCu,216
ScTaFe,216
ScTaFe2,225
ScTaFeOs,216
ScTaGa,216
ScTaGe,216
ScTaHg,216
ScTaIn,216
ScTaIr,216
ScTaMn,216
ScTaMo,216
ScTaNb,216
ScTaNi,216
ScTaOs,216
ScTaOs2,123
ScTaOs2,225
ScTaOsRu,216
ScTaPb,216
ScTaPd,216
ScTaPt,216
ScTaRe,216
ScTaRh,216
ScTaRu,216
ScTaRu2,123
ScTaRu2,225
ScTaSb,216
ScTaSi,216
ScTaSn,216
ScTaTc,216
ScTaTcRu,216
ScTaTi,216
ScTaTl,216
ScTaV,216
ScTaW,216
ScTaZn,216
ScTc,129
ScTc2,194
ScTc2Mo,225
ScTc2W,123
ScTc2W,225
ScTcMoOs,216
ScTcMoRu,216
ScTcRu,216
ScTcW,107
ScTe,194
ScTeRh,216
ScTi2W,123
ScTi2Zn3,123
ScTi5,189
ScTiCo2,71
ScTiGa,129
ScTiGa,187
ScTiGa2,225
ScTiIn,216
ScTiNb,216
ScTiOs2,123
ScTiPdRh,216
ScTiRh2,71
ScTiRh2,123
ScTiRh2,225
ScTiRu,216
ScTiRu2,123
ScTiRu2,225
ScTiZn,216
ScTl2W,225
ScTl3,139
ScTlAg,216
ScTlCd,216
ScTlCd2,99
ScTlCu2,71
ScTlHg,216
ScTlIn,216
ScTlRh2,225
ScTlRu,216
ScTlS2,194
ScTlZn,216
ScU3Sb5,193
ScUIn,216
ScUNb,216
ScURu,216
ScUTa,216
ScUZn,216
ScV,129
ScV,221
ScV2Ru3,123
ScVFe,216
ScVGa2,225
ScVIn,216
ScVOs2,225
ScVOsRu,216
ScVRu,216
ScVRu2,225
ScVTc2,71
ScVZn,216
ScW2,227
ScZn,221
ScZn2,191
ScZn2,194
ScZn2Ag,225
ScZn2Au,225
ScZn2Cu,71
ScZn2Cu,225
ScZn2In,225
ScZn2Ni,225
ScZn2Pd,225
ScZn2Pt,225
ScZn2Rh,139
ScZn3,194
ScZn3,221
ScZn3,225
ScZnAg,216
ScZnAg2,225
ScZnAs,216
ScZnAu,187
ScZnAu,216
ScZnB,216
ScZnBi,216
ScZnCd,216
ScZnCo,216
ScZnCr,216
ScZnCu,216
ScZnCu2,225
ScZnFe,216
ScZnGa,216
ScZnGe,216
ScZnHg,216
ScZnHg2,71
ScZnInCu,216
ScZnInNi,216
ScZnIr,187
ScZnIr,216
ScZnIr2,225
ScZnMo,216
ScZnNi,187
ScZnNi,216
ScZnNi2,225
ScZnNi4,216
ScZnNiPd,216
ScZnOs,216
ScZnPd,63
ScZnPd,216
ScZnPd2,225
ScZnPdRh,216
ScZnPt,63
ScZnPt,216
ScZnPt2,225
ScZnPtRh,216
ScZnRe,216
ScZnRh,187
ScZnRh,216
ScZnRh2,225
ScZnRu,187
ScZnRu,216
ScZnRu2,225
ScZnSb,216
ScZnSi,129
ScZnSi,216
ScZnSn,216
ScZnTc,216
ScZnW,216
Si,12
Si,15
Si,137
Si,139
Si,141
Si,191
Si,194
Si,206
Si,217
Si,223
Si,227
Si,229
Si(GeN2)2,227
Si(NiO2)2,227
Si2AgPt2,139
Si2Mo,139
Si2Mo,180
Si2Mo3,127
Si2MoPt,225
Si2MoPt2,139
Si2Ni,225
Si2Ni6B,189
Si2OsRu,225
Si2Ru,64
Si2Ru,123
Si2Ru,225
Si2TcOs,225
Si2TcRu,71
Si2TcRu,225
Si2W,139
Si2W,180
Si2W3,127
Si3Ag,139
Si3Ag3(SnP3)2,217
Si3Mo,194
Si3Mo2,139
Si3Mo5,140
Si3MoPt2,26
Si3N4,176
Si3N4,220
Si3N4,227
Si3NiP4,121
Si3Ru,225
Si3Ru2,116
Si3Ru5,55
Si3Tc5,140
Si3W,194
Si3W5,140
Si4MoW,123
Si4P4Ru,1
Si5Rh4,11
SiAgPt,216
SiAgPt5,123
SiAs2,205
SiAsAu,216
SiBAu,216
SiBPb,216
SiBr4,205
SiC,156
SiC,186
SiC,216
SiC,225
SiC2,205
SiF4,217
SiGeAs,216
SiGeMo,129
SiGeRu2,123
SiHgP2,225
SiIr2,62
SiIr3,140
SiMo,187
SiMo2As,216
SiMo3,223
SiMoAs,129
SiMoPt2,99
SiNi,59
SiNi,198
SiNi3,221
SiNiB,216
SiNiPd,189
SiNiRu2,123
SiO2,24
SiO2,60
SiO2,92
SiO2,98
SiO2,136
SiO2,194
SiO2,195
SiO2,205
SiO2,227
SiOs,198
SiOs,221
SiP2,205
SiP2O7,205
SiPd,62
SiPd,129
SiPd2,189
SiPt2,139
SiPt2,189
SiPt5Pb,123
SiPtRh,216
SiPtSe,29
SiRh,198
SiRu,198
SiRu,221
SiRu2,62
SiRu2W,123
SiRuPt,216
SiS2,122
SiSbOs2,216
SiSn,216
SiTc,198
SiTc2Mo,71
SiTc2W,123
SiTc2W,225
SiW,129
SiW2,140
Sm(AgGe)2,139
Sm(Al2Cu)4,139
Sm(Al5Ru)2,63
Sm(AlZn)2,139
Sm(BRu)2,70
Sm(CuSi)2,139
Sm(GaPd)2,139
Sm(GaPt)2,139
Sm(GePd)2,139
Sm(GeRu)2,139
Sm(PRu)2,139
Sm(Re2Si)2,136
Sm(SiAg)2,139
Sm(SiPd)2,139
Sm(SiRu)2,139
Sm(ZnAu)2,139
Sm(ZnGa)2,139
Sm(ZnP)3,194
Sm2(Ga3Ru)3,63
Sm2(Zn2Ge)3,189
Sm2AgHg,225
Sm2AgIr,225
Sm2AgRh,225
Sm2AgRu,225
Sm2AlCd,225
Sm2AlTl,225
Sm2AlZn,225
Sm2CdIr,225
Sm2CdPb,225
Sm2CdPd2,127
Sm2CoCu,225
Sm2CuAu,225
Sm2CuIr,225
Sm2CuRu,225
Sm2ErLu,225
Sm2ErMg,225
Sm2Ga5Cu3,115
Sm2Ga8Co,123
Sm2Ga9Ru5,139
Sm2GaAg,225
Sm2GaHg,225
Sm2Ge2Ru,12
Sm2Ge5Ru3,72
Sm2GeRu3,166
Sm2In,194
Sm2In3Cu,156
Sm2InAg,225
Sm2InGe2,127
Sm2InHg,225
Sm2IrPd,225
Sm2IrRh,225
Sm2LuSc,225
Sm2MgAl,225
Sm2MgIr,225
Sm2MgRu,225
Sm2MgTl,225
Sm2NiIr,225
Sm2PdRu,225
Sm2RuAu,225
Sm2Si3Pd,44
Sm2SnAu,225
Sm2TlAg,225
Sm2TlCd,225
Sm2TlHg,225
Sm2TlRu,225
Sm2TlZn,225
Sm2ZnAg,225
Sm2ZnAu,225
Sm2ZnGa,225
Sm2ZnHg,225
Sm2ZnIn,225
Sm2ZnIr,225
Sm2ZnPd,225
Sm2ZnRu,225
Sm3(Al3Ru)4,194
Sm3(Ge2Ru)2,12
Sm3(GeRu)2,57
Sm3Ag,139
Sm3Ag,194
Sm3Ga,221
Sm3Ge13Ru4,223
Sm3Hf,139
Sm3Hf,221
Sm3In,194
Sm3In,221
Sm3Pd,139
Sm3Pd,221
Sm3Sc,139
Sm3Sc,194
Sm3V,225
Sm3Zn,139
Sm4Ga7Ag5,6
Sm5Ga3,130
Sm6GaCo2,71
Sm8Al53Si17Ru12,1
Sm8Ga21Ru11,21
SmAg,221
SmAg2Hg,225
SmAg2Sn,225
SmAg3,194
SmAg3,225
SmAgGe,189
SmAgHg2,225
SmAgPb,186
SmAl3Pd2,191
SmAlAg2,225
SmAlCu,189
SmAlGa,187
SmAlPd,62
SmAlZn,12
SmAsPd,186
SmB2Ru3,191
SmBPd3,221
SmBiAu2,225
SmBiPd,216
SmBiPd2,225
SmCdAg2,225
SmCdAu2,225
SmCdIn,164
SmCdPd2,225
SmCu,62
SmCu,221
SmCu4Ag,216
SmCu5,191
SmCuGe,187
SmCuPb,186
SmCuSi,187
SmCuSi,194
SmCuSn,186
SmDyHg2,225
SmDyIr2,225
SmDyMg2,225
SmDyRh2,225
SmDyRu2,225
SmDyTl2,225
SmDyZn2,225
SmErHg2,225
SmErIn2,225
SmErMg2,225
SmErRh2,225
SmErRu2,225
SmErTl2,225
SmErZn2,225
SmGa,63
SmGa2,191
SmGa3Ag,119
SmGa3Ni,119
SmGa3Pd,119
SmGa3Pt,119
SmGa5Co,123
SmGaAu2,225
SmGaSb2,20
SmGaSb2,123
SmGePd,187
SmGeRu,62
SmGeRu,129
SmHfPt,216
SmHfSc,216
SmHgAu2,225
SmHoHg2,225
SmHoIn2,225
SmHoMg2,225
SmHoRh2,225
SmHoRu2,225
SmHoTl2,225
SmHoZn2,225
SmIn,221
SmIn2Ir,63
SmIn2Rh,63
SmIn3,221
SmInCu2,225
SmInIr,189
SmInPt,216
SmInRh,189
SmInRh2,225
SmLuIn2,225
SmLuMg2,225
SmLuRu2,225
SmLuTl2,225
SmLuZn2,225
SmMg2Ag,225
SmMg2Cd,225
SmMg2Sc,225
SmMgAg2,225
SmMgAu2,225
SmMgGa,189
SmMgHg2,225
SmMgIn,189
SmMgPd,189
SmMgZn2,225
SmMnIn,187
SmNbPt,216
SmNiBi,216
SmOF,216
SmPPd,194
SmPbAu2,225
SmPd,63
SmPd3,221
SmRe3,225
SmRu2,227
SmRuPt,216
SmSb2Pd,129
SmSbPd,186
SmSbPd,194
SmScIn,216
SmScNb,216
SmScRu,216
SmScSi,139
SmScTa,216
SmScZn,216
SmSiAg,189
SmSiPd,62
SmSiPd,187
SmSiRu,129
SmSnAu,216
SmSnAu2,225
SmSnPd2,225
SmSnRh2,225
SmTa3,225
SmTaPt,216
SmThZn2,225
SmTiGe,139
SmTlAg2,225
SmTlAu2,225
SmTmHg2,225
SmTmMg2,225
SmTmRh2,225
SmTmRu2,225
SmTmTl2,225
SmTmZn2,225
SmV,221
SmYAg2,225
SmYAl2,225
SmYIr2,225
SmYMg2,225
SmYRh,216
SmYTl2,225
SmYZn2,225
SmZn,221
SmZn2Ag,225
SmZn2Cd,225
SmZn2Hg,225
SmZnAg2,225
SmZnAu2,225
SmZnCuP2,156
SmZnGa,194
SmZnGe,194
SmZnIn,194
SmZnPt,216
SmZnRh,62
SmZnSi,187
SmZrZn2,225
Sn,141
Sn,227
Sn(SeO3)2,205
Sn2Bi2O7,227
Sn2Ir,225
Sn2Pt,225
Sn2Rh,64
Sn2Rh,140
Sn2S3,62
Sn3Ir2S3,200
Sn3N4,227
Sn3Ru2,116
Sn4Au,68
Sn4Ir,68
Sn5(BIr3)2,189
Sn7Ir3,229
Sn7Ir5,107
Sn7Os3,229
Sn7Ru3,229
SnAs,225
SnAsIr,216
SnAsRh,216
SnAsRu,216
SnAu,194
SnB2As,216
SnC,216
SnC,225
SnF3,225
SnF4,139
SnHgAu,216
SnHgBi,216
SnIr,194
SnMo3,223
SnO,129
SnO2,58
SnO2,60
SnO2,62
SnO2,136
SnO2,205
SnO2,225
SnOsW,216
SnP,107
SnP,225
SnPPd,187
SnPPd2,99
SnPPd5,123
SnPPt5,123
SnPbAu,216
SnPd,62
SnPd3,221
SnPt,194
SnPt3,221
SnRh,198
SnRh2,62
SnRuPt,216
SnRuW,216
SnS,225
SnSb,221
SnSb,225
SnSbAu,216
SnSe,225
SnTe,225
Sr(Ag2Sb)2,166
Sr(AgGe)2,139
Sr(AgP)2,139
Sr(AgSb)2,12
Sr(AgSn)2,139
Sr(AlAu)2,129
Sr(AlGa)2,139
Sr(AlS2)2,66
Sr(AlSe2)2,66
Sr(AsPd)2,139
Sr(AsRu)2,139
Sr(CdAg)2,139
Sr(CdGa)2,139
Sr(CdGe)2,139
Sr(CdIn)2,139
Sr(Cu2As)2,166
Sr(CuAs)2,139
Sr(CuGe)2,139
Sr(CuSb)2,129
Sr(CuSi)2,139
Sr(GaAs)2,10
Sr(GaAu)2,129
Sr(GaPd)2,139
Sr(GaS2)2,66
Sr(GaSe2)2,66
Sr(GaSn)2,139
Sr(GeRh)2,139
Sr(GeRu)2,139
Sr(InAu)2,62
Sr(InP)2,194
Sr(InPt)2,139
Sr(InRh)2,139
Sr(InSn)2,139
Sr(InTe2)2,66
Sr(LiGa)2,139
Sr(LiPd)2,139
Sr(LiZn)2,139
Sr(MgAg)2,139
Sr(MgZn)2,139
Sr(PPd)2,139
Sr(PRu)2,139
Sr(Sb3Os)4,204
Sr(Sb3Ru)4,204
Sr(SbPd)2,129
Sr(SbPd)2,139
Sr(SbRu)2,139
Sr(SiAg)2,139
Sr(SiAu)2,139
Sr(SiPd)2,139
Sr(ZnAs)2,164
Sr(ZnGe)2,139
Sr(ZnP)2,164
Sr(ZnSb)2,164
Sr(ZnSi)2,139
Sr11Al4In3,225
Sr2AgP,166
Sr2AgPd,71
Sr2AgPt,225
Sr2AgSn,71
Sr2AsAu,225
Sr2AsPd,225
Sr2BeBi,119
Sr2BeGa,119
Sr2BeGe,119
Sr2BeP,119
Sr2BePd,119
Sr2BeRh,119
Sr2BeRu,99
Sr2BeSn,119
Sr2BeV,119
Sr2BeW,225
Sr2BeZn,225
Sr2BiAs,225
Sr2BiAu,225
Sr2BiP,225
Sr2BiSb,225
Sr2CdAs,225
Sr2CdGa,225
Sr2CdIn,225
Sr2CdPb,225
Sr2CdSn,225
Sr2Cu3O5,65
Sr2FeH6,225
Sr2GaAs,225
Sr2GaGe,225
Sr2GaHg,225
Sr2GaSn,225
Sr2GeN2,64
Sr2GeP,225
Sr2H6Os,225
Sr2H6Ru,225
Sr2HgPb,225
Sr2InP,166
Sr2InPd2,15
Sr2InPt,225
Sr2LiCd,225
Sr2LiGa,71
Sr2LiGa,225
Sr2LiIn,225
Sr2LiPt,225
Sr2LiTl,225
Sr2MgTl,225
Sr2Mn2O5,55
Sr2Nb5O9,123
Sr2PdPt,225
Sr2PtAu,225
Sr2Sb,139
Sr2SbAu,225
Sr2SbP,225
Sr2ScBe,99
Sr2Si,62
Sr2Si,194
Sr2Sn,62
Sr2SnP,225
Sr2SnS4,40
Sr2TaBe,119
Sr2TiBe,139
Sr2TlIn,71
Sr2TlZn,225
Sr2VW,225
Sr2Zn3Cd,8
Sr2ZnAs2,187
Sr2ZnGa,71
Sr2ZnGa,225
Sr2ZnGe,71
Sr2ZnIn,71
Sr2ZnIn,225
Sr2ZnN2,139
Sr2ZnP2,187
Sr2ZnPb,225
Sr2ZnPt,225
Sr3(GaIr)4,217
Sr3(InP2)2,58
Sr3(SnIr)4,217
Sr3BiN,221
Sr3CrN3,176
Sr3In,225
Sr3InP3,62
Sr3MnN3,176
Sr3SbN,221
Sr3Sc,139
Sr3Sn13Ir4,223
Sr3Sn13Rh4,223
Sr3SnO,221
Sr4Bi3,220
Sr4Fe4O11,65
Sr4GaSi3,25
Sr4Zn3F14,157
Sr5Sb3,193
Sr5Si3,108
SrAcHg2,225
SrAcIn2,225
SrAcTl2,225
SrAcZn2,225
SrAg,62
SrAg2,74
SrAg3Pd2,191
SrAg5,191
SrAgAs,194
SrAgAs,216
SrAgBi,194
SrAgP,194
SrAgSb,194
SrAl2,227
SrAl9Co2,191
SrAlGa,187
SrAlGa,216
SrAlGe,187
SrAlSi,187
SrAsPd,194
SrAsPd2,99
SrAsPt,194
SrBe2Hg,225
SrBe2V,123
SrBeBi2,119
SrBeCd2,216
SrBeCu,107
SrBeCu2,225
SrBeHg2,225
SrBeIn,187
SrBeMo2,139
SrBePd,107
SrBeTc2,216
SrBeV,187
SrBeV2,99
SrBeV2,216
SrBeW2,99
SrBi3,221
SrBiB,216
SrBrCl,216
SrCa2Ac,225
SrCa2In,123
SrCa2Mg,225
SrCa2Yb,225
SrCaAu,216
SrCaHg2,225
SrCaIn,187
SrCaIn2,225
SrCaIn3,119
SrCaPb,216
SrCaSi,216
SrCaSn,62
SrCaSn,216
SrCd2Ag,225
SrCd2Pd,63
SrCd2Sn,139
SrCdAg2,99
SrCdGe,62
SrCdHg2,225
SrCdSi,216
SrCoO3,221
SrCrF4,140
SrCrRh2,225
SrCrW2,225
SrCu,194
SrCu2O3,65
SrCu4Ag,65
SrCu5,191
SrCuAs,194
SrCuBi,194
SrCuF4,140
SrCuGe,187
SrCuO2,63
SrCuP,194
SrCuSb,194
SrCuSb,216
SrCuSi,187
SrFeO2,123
SrFeO3,221
SrGa,221
SrGa2,191
SrGa2Rh,63
SrGa4,139
SrGaAs,187
SrGaAs2,99
SrGaCu,187
SrGaCu2,166
SrGaGe,187
SrGaSi,187
SrGaSn,194
SrGaSn2,99
SrGaSn3,107
SrGe3Ir,107
SrGe3Pd,107
SrGeO3,189
SrGePd2,99
SrGePt,198
SrHf2Mo,216
SrHfO3,62
SrHfO3,63
SrHfO3,127
SrHfO3,140
SrHfO3,221
SrHfPt,216
SrHfRe2,216
SrHfSc,216
SrHgBi,216
SrIn2,194
SrIn2Ir,63
SrIn2Pt,63
SrIn4,139
SrIn4Ir,51
SrIn4Ni,63
SrIn4Pd,63
SrIn4Pt,63
SrInHg2,225
SrInP,38
SrInPd,62
SrInPt,62
SrInPt,216
SrInPt2,99
SrLaZn2,71
SrLi2Be,119
SrLi2In,166
SrLi2Pb,225
SrLi2Sn,225
SrLiBi,62
SrLiBi,216
SrLiSb,62
SrLiSb,216
SrMgPb,216
SrMgSi,62
SrMgSi,216
SrMgSn,216
SrMn2Si,216
SrMnBi2,139
SrMnO3,194
SrMnO3,221
SrNbO3,221
SrNbPt,216
SrNi5P3,63
SrNiIr2,225
SrPd,63
SrPd2,227
SrPd3O4,223
SrPd5,191
SrPdF4,140
SrPmMg2,225
SrPrMg2,225
SrPt2,227
SrRuO3,221
SrRuPt,216
SrSO4,216
SrSbPd,187
SrScBe,107
SrScBe,156
SrScBe,216
SrScIn,216
SrScNb,216
SrScRu,216
SrScTa,216
SrScTl2,71
SrScZn,216
SrSi,71
SrSi2,141
SrSi2,212
SrSi3Ni,107
SrSi6,63
SrSiPd,198
SrSmMg2,225
SrSn3Pd,107
SrSn4,63
SrSnHg,186
SrSnO3,62
SrSnO3,140
SrSnO3,221
SrSnPt,62
SrSnS3,62
SrTa2Be,216
SrTa2Mn,225
SrTaBe,107
SrTaBe,156
SrTaBe2,123
SrTaPt,216
SrTePd,216
SrTiN2,129
SrTiO3,140
SrTiO3,221
SrTl2Pd,63
SrTlHg,216
SrTlHg2,225
SrV,221
SrVSb,216
SrYMg2,225
SrYPt2,139
SrZn13,226
SrZn5,191
SrZnGe,187
SrZnGe2,99
SrZnGe3,107
SrZnIn3,107
SrZnPb,194
SrZnPt,216
SrZnSb2,62
SrZnSi,187
SrZnSi,194
SrZnSn,194
SrZr2Nb,216
SrZrO3,140
SrZrO3,221
SrZrS3,62
SrZrSe3,62
SrZrZn,216
Ta,136
Ta(BMo)2,127
Ta(BeIr)2,139
Ta(BePt)2,139
Ta(BeRh)2,139
Ta2Al,136
Ta2AlFe,216
Ta2AlFe,225
Ta2B,140
Ta2BAs,216
Ta2Be,140
Ta2Be2Pb,139
Ta2BeAs,216
Ta2BeCd,99
Ta2BeCo,99
Ta2BeCu,99
Ta2BeFe,216
Ta2BeFe,225
Ta2BeMo,99
Ta2BeOs,99
Ta2BeRu,99
Ta2Cd2O7,227
Ta2CdBi,216
Ta2Co,140
Ta2CoRe,71
Ta2CrB2,127
Ta2CrFe,225
Ta2CrOs,123
Ta2CrOs,225
Ta2CrRe,71
Ta2CrRh,123
Ta2CrRu,123
Ta2CrRu,225
Ta2CrSi6,21
Ta2CrW,71
Ta2CuMo,123
Ta2CuOs,71
Ta2CuRe,71
Ta2Fe,193
Ta2FeAg,216
Ta2FeAg,225
Ta2FeAs,216
Ta2FeAs,225
Ta2FeAu,216
Ta2FeAu,225
Ta2FeB,216
Ta2FeB,225
Ta2FeB2,127
Ta2FeBi,216
Ta2FeBi,225
Ta2FeMo,225
Ta2FeOs,225
Ta2FeRe,71
Ta2FeRu,71
Ta2FeRu,225
Ta2FeTc,71
Ta2FeW,71
Ta2Ga,139
Ta2GaC,194
Ta2Ge,139
Ta2H,21
Ta2Ir,71
Ta2IrW,71
Ta2Mn,139
Ta2MnCr,225
Ta2MnFe,71
Ta2MnOs,225
Ta2MnTc,123
Ta2MnTc,225
Ta2MnW,123
Ta2MoIr,225
Ta2MoOs,123
Ta2MoRh,71
Ta2MoRu,225
Ta2MoW,123
Ta2MoW,225
Ta2NbAu,123
Ta2NbCu,123
Ta2NbIr,225
Ta2NbMo,123
Ta2NbOs,123
Ta2NbOs,225
Ta2NbRe,71
Ta2NbRh,123
Ta2NbRh,225
Ta2NbRu,123
Ta2NbRu,225
Ta2NbTc,123
Ta2NbTc,225
Ta2NbV,123
Ta2NbW,71
Ta2Ni,140
Ta2NiO6,136
Ta2O5,47
Ta2OsRu,225
Ta2OsW,123
Ta2OsW,225
Ta2ReMo,225
Ta2ReOs,225
Ta2RePd,71
Ta2ReRh,71
Ta2ReTc,225
Ta2ReW,225
Ta2Rh,71
Ta2RhW,71
Ta2Ru,139
Ta2RuW,123
Ta2RuW,225
Ta2Si,140
Ta2Tc,139
Ta2TcMo,225
Ta2TcRu,71
Ta2TcRu,123
Ta2TcRu,225
Ta2TcW,123
Ta2TcW,225
Ta2TiMn,123
Ta2TiMo,123
Ta2TiMo,225
Ta2TiMo3,123
Ta2TiNb,123
Ta2TiOs,225
Ta2TiRe,71
Ta2TiRu,225
Ta2TiTc,123
Ta2TiTc,225
Ta2TiW,71
Ta2TiW,123
Ta2TiW,225
Ta2V,139
Ta2V3Cu,194
Ta2V3Si,194
Ta2VFe,71
Ta2VFe,225
Ta2VIr,225
Ta2VMo,71
Ta2VMo,123
Ta2VO6,136
Ta2VOs,225
Ta2VRu,123
Ta2VRu,225
Ta2VTc,123
Ta2VTc,225
Ta2VW,225
Ta2W,139
Ta3(Ni10B3)2,225
Ta3Al2C,213
Ta3AlFe8,156
Ta3As,71
Ta3Au,223
Ta3B2,127
Ta3B4,71
Ta3Be2,127
Ta3Co2Mo,42
Ta3Fe8Si,156
Ta3Ga2,127
Ta3Ir,225
Ta3Mo,123
Ta3Mo,225
Ta3Nb,225
Ta3PbS6,193
Ta3Pd,223
Ta3Ru,123
Ta3Ru,225
Ta3S2,39
Ta3Sb,223
Ta3Si,221
Ta3SiNi2,227
Ta3Sn,223
Ta3SnS6,193
Ta3V,225
Ta3W,123
Ta3W,225
Ta4AlC3,194
Ta4AlN3,194
Ta4Co2C,227
Ta4Co2N,227
Ta4CoP,124
Ta4Cr3,191
Ta4Fe4Si7,139
Ta4FeP,124
Ta4Ni2C,227
Ta4Ni2N,227
Ta4NiP,124
Ta4O,123
Ta5(NiP)4,87
Ta5As4,87
Ta5AuS,216
Ta5B6,65
Ta5Ga3,140
Ta5Ge3,140
Ta5Ge3B,193
Ta5N6,193
Ta5Sb4,87
Ta6Fe16Si7,225
Ta6Fe7,166
Ta6Si7Ni16,225
Ta7Fe6,166
Ta9(CoS3)2,189
Ta9(FeS3)2,189
Ta9(NiS3)2,189
TaAgPt,216
TaAgS3,36
TaAgS3,63
TaAl2Fe,216
TaAl2Fe,225
TaAl2Pt,225
TaAl2Rh,123
TaAl3,139
TaAlCo2,225
TaAlCr4,216
TaAlFe,38
TaAlFe,187
TaAlFe,216
TaAlFe2,123
TaAlFe2,216
TaAlFe2,225
TaAlFe4,164
TaAlNi,216
TaAlNi2,225
TaAlOs2,225
TaAlPd,216
TaAlPt,216
TaAlPt2,99
TaAlRe2,71
TaAlRh2,123
TaAlRu2,225
TaAlTcOs,216
TaAlZn,38
TaAlZn2,123
TaAs,109
TaAs2,12
TaAsOs,216
TaAsP2,216
TaAsPt,216
TaAsRu,216
TaB,63
TaB2,191
TaB3,119
TaBO4,141
TaBPt,216
TaBe2,227
TaBe2Cd,119
TaBe2Fe,123
TaBe2Fe,216
TaBe2Fe,225
TaBe2Hg,119
TaBe2Ni,216
TaBe2Ni,225
TaBe2Os,119
TaBe2Pd,119
TaBe2Rh,216
TaBe2Sb,99
TaBe2Tl,119
TaBe2Tl,123
TaBe2V,99
TaBe2V,119
TaBe4,139
TaBe4Fe,216
TaBe4Ir,216
TaBe4Mo,216
TaBe4Os,216
TaBeB,187
TaBeCd,156
TaBeCo2,225
TaBeCoRu,216
TaBeCr,107
TaBeCu2,123
TaBeFe,156
TaBeFe,216
TaBeFe2,216
TaBeFe2,225
TaBeFe4,216
TaBeGa,156
TaBeGa2,139
TaBeIn4,216
TaBeNb,107
TaBeOs,156
TaBeOs2,71
TaBeP,187
TaBeP2,119
TaBePb4,216
TaBePd,187
TaBePd2,123
TaBePt,216
TaBeRh2,225
TaBeRu,99
TaBeRu,107
TaBeRu2,225
TaBeRuRh,216
TaBeSn,107
TaBeTc,99
TaBeTc,107
TaBeV2,99
TaBeW2,119
TaBeZn2,99
TaBiOs,216
TaBiPt,216
TaBiRu,216
TaC,216
TaC,221
TaC,225
TaCdPt,216
TaCo,221
TaCo2,227
TaCo2Os,123
TaCo3,194
TaCo3,221
TaCo4Mo,164
TaCoC,216
TaCoGe,62
TaCoGe,216
TaCoPb,216
TaCoPt,216
TaCoSb,216
TaCoSi,62
TaCoSi,216
TaCoSn,216
TaCoSn2,216
TaCr2,227
TaCr2Re,71
TaCr4W,216
TaCrP,62
TaCrPt,216
TaCrRe2,71
TaCu3Se4,215
TaCuPt,216
TaCuRh2,225
TaCuSi,216
TaFe,166
TaFe2,194
TaFe2Ag,216
TaFe2Ag,225
TaFe2As,216
TaFe2As,225
TaFe2Au,216
TaFe2Au,225
TaFe2B,216
TaFe2B,225
TaFe2Bi,216
TaFe2Bi,225
TaFe2Ge,71
TaFe2Ge,225
TaFe4Si,164
TaFe4W,164
TaFeAg,216
TaFeAg2,216
TaFeAg2,225
TaFeAs,62
TaFeAs,216
TaFeAs2,216
TaFeAs2,225
TaFeAu,216
TaFeAu2,216
TaFeAu2,225
TaFeB,189
TaFeB,216
TaFeB2,216
TaFeB2,225
TaFeBi,216
TaFeBi2,216
TaFeBi2,225
TaFeGe,62
TaFeP,62
TaFeP,216
TaFePt,216
TaFeRu2,225
TaFeSb,216
TaFeSi,62
TaFeSn,216
TaGa2Cu,123
TaGa3,139
TaGaCo2,139
TaGaCo2,225
TaGaFe2,225
TaGaNi,216
TaGaNi2,225
TaGaOs,99
TaGaOs2,225
TaGaPd,216
TaGaPt,216
TaGaRh2,123
TaGaRu2,225
TaGaTcOs,216
TaGe2,180
TaGeAs,216
TaGeIr,216
TaGePt,216
TaGeRh,62
TaGeRh,216
TaGeRu2,71
TaGeRu2,225
TaH2,225
TaHgPt,216
TaInNi,216
TaInNi2,225
TaInPd,216
TaInPt,216
TaInRh2,71
TaInRu2,123
TaInRu2,225
TaIr3,194
TaIr3,221
TaIrPb,216
TaIrPt,216
TaMn2,194
TaMn2Al,225
TaMn2Be,119
TaMn2Nb,123
TaMn2Nb,225
TaMn2O3,191
TaMn2Sb,225
TaMn2Sn,225
TaMn2V,123
TaMn2V,225
TaMn4Os,216
TaMn4Ru,216
TaMn4W,216
TaMnAl2,99
TaMnAs,216
TaMnAs2,99
TaMnGe,189
TaMnNbTc,216
TaMnP,62
TaMnPt,216
TaMnRe2,71
TaMnRu2,225
TaMnSb,216
TaMnSi,189
TaMnSiRu,216
TaMnTe,216
TaMo,221
TaMo2,139
TaMo3,123
TaMo3,225
TaMoPt,216
TaMoW,42
TaMoW2,71
TaMoW2,123
TaMoW2,216
TaMoW2,225
TaN,187
TaN,189
TaN,191
TaN,194
TaN,221
TaN,225
TaN2,191
TaN2,194
TaN2,205
TaNb,65
TaNb,221
TaNb2Ga,123
TaNb2In,123
TaNb2Mo,71
TaNb2Mo,123
TaNb2Ru,123
TaNb2Tc,225
TaNb2W,71
TaNb2W,123
TaNb2W,225
TaNb2Zn,123
TaNbAl6,123
TaNbAs,216
TaNbCr4,216
TaNbCrOs,216
TaNbCrRu,216
TaNbMo,42
TaNbMo2,123
TaNbMo2,225
TaNbMoIr,216
TaNbMoOs,216
TaNbMoRh,216
TaNbMoRu,216
TaNbMoW,216
TaNbOs2,71
TaNbOsW,216
TaNbPd,107
TaNbPt,216
TaNbRhW,216
TaNbRuW,216
TaNbTc,107
TaNbTcOs,216
TaNbTcRu,99
TaNbTcRu,216
TaNbTcW,216
TaNbV,42
TaNbV,107
TaNbW,42
TaNbW,107
TaNbW2,71
TaNbW2,225
TaNbZn4,216
TaNi2,139
TaNi2Rh,123
TaNi3,11
TaNi3,59
TaNiB,63
TaNiB,216
TaNiB2,62
TaNiGe,62
TaNiP,62
TaNiPt,216
TaNiTe5,63
TaO2,136
TaOs2Pt,123
TaOsPb,216
TaOsPt,216
TaP,141
TaP,187
TaPOs,216
TaPRh,62
TaPRu,62
TaPRu,216
TaPd,129
TaPd2,71
TaPd3,139
TaPdPt,216
TaPt,123
TaPt2,63
TaPt3,59
TaPtAu,216
TaPtPb,216
TaPtRh,216
TaPtW,216
TaRe2Mo,71
TaRePt,216
TaReSi,189
TaReW2,71
TaRh2Au,123
TaRh3,221
TaRhC,216
TaRhPb,216
TaRu,123
TaRu,221
TaRu2Pt,123
TaRu2Rh,123
TaRu3,139
TaRu3,221
TaRu3C,221
TaRuPt,216
TaRuPt2,123
TaS,187
TaS2,164
TaS2,194
TaSb2,12
TaSbOs,216
TaSbPt,216
TaSbRu,216
TaSe2,187
TaSe2,194
TaSi2,180
TaSi2,181
TaSiAs,129
TaSiIr,62
TaSiIr,216
TaSiNi,62
TaSiPt,216
TaSiRh,62
TaSiRh,216
TaSiRu2,225
TaSiTc2,71
TaSiTc2,225
TaSnIr,216
TaSnPt,216
TaSnRh,216
TaTc,221
TaTc2,139
TaTc2As,216
TaTc2Ge,71
TaTc2Ge,225
TaTc2Mo,225
TaTc2Sn,71
TaTc2Sn,225
TaTc2W,123
TaTc2W,225
TaTcGeOs,216
TaTcPb2,216
TaTcPt,216
TaTi2Au,123
TaTi2Be,119
TaTi2Cd,123
TaTi2Fe,123
TaTi2Hg,123
TaTi2Mn,123
TaTi2Os,123
TaTi2Os,225
TaTi2Rh,123
TaTi2Ru,123
TaTi2Ru,225
TaTi2Sb,123
TaTi2Sn,123
TaTi2Tc,123
TaTi2V,216
TaTi2Zn,123
TaTi3Tc2,123
TaTiAl,216
TaTiAl2,123
TaTiAl6,123
TaTiBe,107
TaTiBe2,123
TaTiBe2,139
TaTiCrOs,216
TaTiFe2,225
TaTiFe4,164
TaTiFeTc,216
TaTiMn2,225
TaTiMnFe,216
TaTiMo2,71
TaTiMo2,123
TaTiMo2,225
TaTiMoRh,216
TaTiNb2,123
TaTiNbMo,216
TaTiNbOs,216
TaTiNbPt,216
TaTiNbTc,216
TaTiNbW,216
TaTiOs2,225
TaTiOsRu,216
TaTiPt,216
TaTiPt2,123
TaTiRe2,225
TaTiRu2,123
TaTiRu2,225
TaTiTcIr,216
TaTiTcMo,216
TaTiTcRh,216
TaTiTcRu,216
TaTiVOs,216
TaTl3Se4,217
TaTlNi,216
TaTlPt,216
TaV,221
TaV2,227
TaV2Fe,216
TaV2Ga,123
TaV2Mo,123
TaV2Os,225
TaV2Re,71
TaV2W,123
TaVMo2,123
TaVMo2,225
TaVMoOs,216
TaVOs2,225
TaVPt,216
TaVRu,107
TaVTc2,123
TaVTcMo,216
TaVW2,71
TaW,65
TaW,129
TaW,221
TaW,227
TaW3,123
TaW3,225
TaZn2,194
TaZn2Ga,123
TaZn3,221
TaZnAs,216
TaZnCo2,225
TaZnCoOs,216
TaZnNi2,47
TaZnNi2,71
TaZnOs2,225
TaZnOsRu,216
TaZnPt,216
TaZnPt2,123
TaZnRh2,225
TaZnRu2,225
Tb(Al5Ru)2,63
Tb(AlAg)2,139
Tb(AlC)3,194
Tb(CuGe)2,139
Tb(CuSi)2,139
Tb(FeSi)2,139
Tb(GaIr)2,139
Tb(GeIr)2,129
Tb(GePd)2,139
Tb(GeRh)2,139
Tb(GeRu)2,139
Tb(MnSi)2,139
Tb(NbSn)6,191
Tb(NiP)2,139
Tb(NiSb)2,129
Tb(P3Ru)4,204
Tb(SiAg)2,139
Tb(SiAu)2,139
Tb(SiIr)2,129
Tb(SiIr)2,139
Tb(SiNi)2,139
Tb(SiOs)2,139
Tb(SiPd)2,139
Tb(SiRh)2,139
Tb(SiRu)2,139
Tb(TiGa2)2,139
Tb(ZnAu)2,139
Tb2(Ga3Ru)3,63
Tb2AgIr,225
Tb2AgPd,123
Tb2Al,62
Tb2CdGe2,127
Tb2CuAg,123
Tb2CuPt,26
Tb2Ge2Ru,12
Tb2Hf3Si4,92
Tb2In,194
Tb2InAg,123
Tb2InAu2,127
Tb2InGe2,127
Tb2InNi2,65
Tb2InPd2,127
Tb2IrPd,225
Tb2IrRh,225
Tb2IrRu,225
Tb2MgGe2,127
Tb2MgPd2,127
Tb2MnGa6,225
Tb2NiAs2,194
Tb2Pd2Pb,127
Tb2PdRu,225
Tb2Pt,62
Tb2Si5Ru3,72
Tb2Sn2O7,227
Tb2Ti2O7,227
Tb2ZnAg,123
Tb2ZnCu,123
Tb2ZnNi2,71
Tb2ZnSb4,115
Tb3(Al3Ru)4,194
Tb3(CuSi)4,71
Tb3Al,221
Tb3Al2,136
Tb3AlC,221
Tb3AlN,221
Tb3Co4Ge13,223
Tb3Cu3Sb4,220
Tb3Ga15Ru4,62
Tb3Ga8Ag3,71
Tb3GaO6,36
Tb3Ge13Ir4,223
Tb3Ge13Os4,223
Tb3Ge13Rh4,223
Tb3Ge13Ru4,223
Tb3Ge3Ir2,63
Tb3Ge3Ru2,63
Tb3InN,221
Tb3Mn3Ga2Si,189
Tb3Ru,62
Tb3Sb4Au3,220
Tb3Sc,139
Tb3Sc,221
Tb4Bi3,220
Tb4CdRh,216
Tb4Ga12Ag,229
Tb4Ga12Fe,229
Tb4Ga12Pd,229
Tb4Ge6Ir7,229
Tb4InIr,216
Tb4InRh,216
Tb4MgIr,216
Tb4Sb3,220
Tb5Bi3,193
Tb5BiAu2,140
Tb5Ge3,193
Tb5Ru2,15
Tb5Sn3,193
TbAg,221
TbAg2,139
TbAg3,139
TbAg3,194
TbAgGe,189
TbAgHg2,225
TbAgPb,186
TbAgSn,186
TbAgSn,187
TbAl,57
TbAl,221
TbAl2,227
TbAl4Ni,63
TbAlAg2,225
TbAlCu,74
TbAlCu2,225
TbAlGa,187
TbAlPd,62
TbAlPd,189
TbAsPd,62
TbB2Ru,62
TbB2Ru3,191
TbBPd3,221
TbBi,225
TbBiPd,216
TbBiPd2,225
TbBiPt,216
TbCdAg2,225
TbCdAu2,225
TbCdNi4,216
TbCdPd2,225
TbCdRh2,225
TbCoC2,38
TbCoSi2,63
TbCoSn,62
TbCrO4,141
TbCu,221
TbCu2,74
TbCu2Ni3,191
TbCu4Ag,216
TbCu4Au,216
TbCu5,191
TbCuAs2,129
TbCuGe,187
TbCuPb,186
TbCuSb2,129
TbCuSi,187
TbCuSi,194
TbCuSn,194
TbDyHg2,225
TbErIn2,225
TbErRh2,225
TbFeSi,129
TbGa,63
TbGa2,191
TbGa2Ag,62
TbGa2Co3,191
TbGa2Pd,63
TbGa3,221
TbGa3Os,221
TbGa3Ru,221
TbGa5Co,123
TbGa5Fe,123
TbGaAg,12
TbGaPd,62
TbGaPt,62
TbGaRh2,225
TbGe2,141
TbGeAu,186
TbGeIr,62
TbGePd2,62
TbGeRh,62
TbGeRu,62
TbHf,187
TbHfPt,216
TbHfSc,216
TbIn3,221
TbIn5Rh,123
TbInAg2,225
TbInAu,189
TbInAu2,225
TbInCo2,51
TbInCu,189
TbInCu2,225
TbInCu4,216
TbInIr,189
TbInPd,189
TbInPd2,225
TbInPt2,194
TbInPt4,216
TbInRh,189
TbInRh2,225
TbLuHg2,225
TbMg2Cu,225
TbMgAu2,225
TbMgCd2,225
TbMgHg2,225
TbMgRh2,225
TbMnSi,62
TbNbPt,216
TbNi,63
TbNi4Au,216
TbNi4B,191
TbNiBi,216
TbNiC2,38
TbNiSb,216
TbNiSn,62
TbPPt,187
TbPbAu,216
TbPd,62
TbPd,63
TbPd3,221
TbPmRh2,225
TbPrZn2,225
TbPt2,227
TbPt3,221
TbRe2,194
TbRh2Pb,225
TbRu2,194
TbRuPt,216
TbSb,225
TbSb2,64
TbSbPd,186
TbSbPd,194
TbSbPt,216
TbSbRh,62
TbSc,187
TbScGe,139
TbScIn,216
TbScNb,216
TbScRu,216
TbScSb,129
TbScSi2,38
TbScTa,216
TbScZn,216
TbSi3Ir,107
TbSi3Rh,107
TbSiPd2,62
TbSiRu,62
TbSmHg2,225
TbSn2,63
TbSn3,221
TbSnAu,186
TbSnAu,194
TbSnAu2,225
TbSnGe,63
TbSnPd2,225
TbSnPt,62
TbSnRh,189
TbSnRh2,225
TbTaPt,216
TbTiGe,139
TbTlAg2,225
TbTlPd,189
TbTmIn2,225
TbTmRh2,225
TbV,221
TbVB4,55
TbYHg2,225
TbYIr2,225
TbYRh2,225
TbYTl2,225
TbYbHg2,225
TbYbPt2,225
TbYbRh2,225
TbZn,221
TbZn2,74
TbZnAgAs2,156
TbZnNi,189
TbZnPt,216
TbZnRh,62
TbZnSi,187
TbZnSn,194
TbZrSb,139
Tc2GeMo,71
Tc2GeW,225
Tc2MoPd,123
Tc2MoPt,123
Tc2MoRh,123
Tc2NiMo,119
Tc2NiMo,123
Tc2PtW,123
Tc2RhW,123
Tc3Ru,25
Tc3Ru,194
Tc5Ru,65
TcAsPd2,216
TcAsW2,216
TcIrOs,216
TcMo2,139
TcMo2Ir,123
TcMo2W,47
TcMo2W,123
TcMo3,225
TcMoW2,99
TcMoW2,123
TcNiP,216
TcNiW,216
TcRu2W,123
TcRu3,194
TcRuPt,216
TcTeS,216
TcW3,225
Te2Pd3,63
Te2Ru,58
Te2Ru,205
Th(AlAu)2,129
Th(AlC)4,87
Th(CuP)2,164
Th(CuSi)2,139
Th(CuSn)2,129
Th(GeAu)2,139
Th(GeIr)2,129
Th(GeOs)2,139
Th(GePd)2,139
Th(GePt)2,129
Th(GePt)2,139
Th(GeRh)2,139
Th(GeRu)2,139
Th(NiP)2,129
Th(P3Ru)4,204
Th(SiAu)2,139
Th(SiIr)2,129
Th(SiIr)2,139
Th(SiNi)2,139
Th(SiOs)2,139
Th(SiPd)2,139
Th(SiPt)2,129
Th(SiPt)2,139
Th(SiRh)2,139
Th(SiRu)2,139
Th2Ag,140
Th2Al2C3,58
Th2Al7,55
Th2AlH4,140
Th2BiN2,139
Th2CdHg,225
Th2Cu,140
Th2Ga,140
Th2In,140
Th2InPd2,127
Th2Pd,140
Th2SbN2,139
Th2TlHg,225
Th2Zn,140
Th3Al2,127
Th3Bi4,220
Th3Ga2,127
Th3Ge2,127
Th3In,221
Th3Sb4,220
Th3Si2,127
Th3Sn13Rh4,223
Th4AgPd,97
Th5Sn4,193
Th7Pt3,186
Th7Ru3,186
ThAg2,191
ThAl,63
ThAl2,191
ThAl2,227
ThAl3,194
ThAl3Ni2,191
ThAlCu2,225
ThAlIr,189
ThAlPd,189
ThAlPt,189
ThAlRh,189
ThB2Ru3,191
ThB4Mo,65
ThB4W,65
ThBi,221
ThBi2,129
ThBiRh,216
ThCdAg2,225
ThCdAu2,225
ThCdCu2,225
ThCdHg2,225
ThCdPd2,225
ThCdPt2,225
ThCdRh2,225
ThCoC2,38
ThCoSi3,107
ThCoSn,189
ThCu2,191
ThGa2,141
ThGa2,191
ThGaAu2,225
ThGaIr,189
ThGaPt,189
ThGe,225
ThGe2,63
ThGe2,65
ThGe2,141
ThHN,216
ThIn3,221
ThInAg2,2
ThInAu2,225
ThInPd,189
ThInPt,189
ThInRu2,225
ThMg2Sc,225
ThMgHg2,225
ThMgRh2,225
ThMgZn2,225
ThMnSe3,63
ThNbPt,216
ThNiSn,216
ThPd,62
ThPdPb,216
ThPt,63
ThRe2,194
ThReB4,65
ThRu,63
ThRu3C,221
ThRuPt,216
ThSb,221
ThSb,225
ThSb2,129
ThSbIr,216
ThSbRh,216
ThScIn,216
ThScNb,216
ThScRu,216
ThScTa,216
ThScZn,216
ThSi,62
ThSi2,141
ThSi2,191
ThSi2Ru3,191
ThSi2Ru3,193
ThSi3Ir,107
ThSi3Os,107
ThSi3Rh,107
ThSi3Ru,107
ThSiAu,187
ThSiNi,109
ThSn2,63
ThSn3,221
ThSnAu2,225
ThSnPt,216
ThSnRh,189
ThSnRu2,225
ThTaN3,63
ThTaN3,221
ThTaPt,216
ThTlPd,216
ThV,221
ThZn2,191
ThZn4,139
ThZnAu2,225
ThZnPt,216
ThZnRh2,225
ThZr2H7,227
Ti,191
Ti,194
Ti(SiPd)2,139
Ti(SiRu)2,139
Ti2Ag,139
Ti2AgMo,123
Ti2AgW,123
Ti2AlAu,216
Ti2AlC,194
Ti2AlCr,216
Ti2AlCu,123
Ti2AlCu,216
Ti2AlFe,216
Ti2AlIn,123
Ti2AlMo,123
Ti2AlMo,225
Ti2AlNi,216
Ti2AlOs,225
Ti2AlPd,216
Ti2AlRe,225
Ti2AlRu,216
Ti2AlTc,225
Ti2AlV,216
Ti2AlW,71
Ti2AlW,123
Ti2AlZn,123
Ti2AlZn,216
Ti2AsIr,216
Ti2AsOs,216
Ti2AsP,216
Ti2AsRh,216
Ti2AsW,216
Ti2BRh6,225
Ti2BeCo,119
Ti2BeGa,99
Ti2BeMo,99
Ti2BeMo,119
Ti2BeMo,123
Ti2BeRe,71
Ti2BeZn,123
Ti2Bi,139
Ti2Bi2O7,227
Ti2C,227
Ti2CdW,123
Ti2Co,227
Ti2CoGe,216
Ti2CoIr,225
Ti2CoMo,71
Ti2CoMo,225
Ti2CoOs,225
Ti2CoRe,225
Ti2CoSb,216
Ti2CoSi,216
Ti2CoSn,216
Ti2CoTc,225
Ti2CrIr,225
Ti2CrPt,225
Ti2Cu,139
Ti2Cu3,139
Ti2CuAs,216
Ti2CuMo,123
Ti2CuNi,25
Ti2CuOs,123
Ti2CuRe,71
Ti2CuRe,225
Ti2CuRu,123
Ti2CuSb3,115
Ti2CuTc,123
Ti2CuTc,225
Ti2CuW,123
Ti2FeAs,216
Ti2FeGe,216
Ti2FeIr,225
Ti2FeMo,71
Ti2FeNi,225
Ti2FeRu,225
Ti2FeSi,216
Ti2FeSn,216
Ti2Ga,194
Ti2Ga,216
Ti2Ga3,83
Ti2GaAu,123
Ti2GaC,194
Ti2GaCo,216
Ti2GaFe,216
Ti2GaIr,216
Ti2GaNi,216
Ti2GaPd,123
Ti2GaRh,216
Ti2GaTc,123
Ti2GaTc,225
Ti2GaW,71
Ti2GeC,194
Ti2GePt,216
Ti2GeRu,216
Ti2H3Pd,123
Ti2In,216
Ti2InC,194
Ti2InCo,216
Ti2InCo,225
Ti2InFe,216
Ti2InHg,123
Ti2InN,194
Ti2InNi,216
Ti2InNi,225
Ti2InPd,225
Ti2InRh,225
Ti2InTc,123
Ti2InW,123
Ti2IrOs,225
Ti2IrRu,225
Ti2IrW,225
Ti2MnAg,123
Ti2MnAl,216
Ti2MnBe,119
Ti2MnBe,225
Ti2MnCo,225
Ti2MnCu,71
Ti2MnCu,123
Ti2MnFe,225
Ti2MnGa,123
Ti2MnGa,216
Ti2MnGe,216
Ti2MnIn,216
Ti2MnIr,225
Ti2MnMo,71
Ti2MnNi,225
Ti2MnOs,225
Ti2MnRe,225
Ti2MnRh,225
Ti2MnRu,225
Ti2MnSi,216
Ti2MnSn,216
Ti2MoAs,216
Ti2MoAu,71
Ti2MoIr,225
Ti2MoOs,71
Ti2MoOs,123
Ti2MoOs,225
Ti2MoPb,123
Ti2MoPd,123
Ti2MoPd,225
Ti2MoPt,225
Ti2MoRh,71
Ti2MoRh,123
Ti2MoRh,225
Ti2MoRu,71
Ti2MoRu,123
Ti2MoW,71
Ti2N,141
Ti2NbAg,123
Ti2NbAl,63
Ti2NbAl5,139
Ti2NbAu,123
Ti2NbCu,123
Ti2NbGa,123
Ti2NbGa,225
Ti2NbHg,123
Ti2NbIn,123
Ti2NbIr,71
Ti2NbNi,123
Ti2NbPb,123
Ti2NbPd,123
Ti2NbPd,225
Ti2NbPt,71
Ti2NbPt,123
Ti2NbPt,225
Ti2NbRh,123
Ti2NbRh,225
Ti2NbRu,123
Ti2NbRu,225
Ti2NbSb,123
Ti2NbSi,123
Ti2NbSn,123
Ti2NbSn,225
Ti2NbTl,123
Ti2NbW,71
Ti2NbZn,71
Ti2NbZn,123
Ti2NiGe,216
Ti2NiIr,225
Ti2NiMo,123
Ti2NiMo,225
Ti2NiOs,225
Ti2NiPt,216
Ti2NiW,123
Ti2O3,167
Ti2OsRh,225
Ti2OsRu,225
Ti2PbC,194
Ti2Pd,139
Ti2Pd3,63
Ti2PdW,123
Ti2PtW,71
Ti2PtW,123
Ti2Re,164
Ti2ReAs,216
Ti2ReB2,127
Ti2ReIr,225
Ti2ReMo,71
Ti2ReNi,225
Ti2ReOs,225
Ti2RePd,225
Ti2RePt,225
Ti2ReRh,225
Ti2ReRu,225
Ti2Rh,139
Ti2RhW,123
Ti2RuRh,123
Ti2SbP,194
Ti2SbPd,123
Ti2SiOs,216
Ti2SiPd,216
Ti2SiPt,216
Ti2SiRu,216
Ti2SiTc,216
Ti2Sn,194
Ti2SnAu,139
Ti2SnC,194
Ti2SnMo,123
Ti2SnRu,216
Ti2SnW,123
Ti2TcIr,225
Ti2TcMo,71
Ti2TcMo,225
Ti2TcOs,225
Ti2TcPd,123
Ti2TcPt,225
Ti2TcRh,225
Ti2TcRu,123
Ti2TcRu,225
Ti2TlC,194
Ti2VAu,123
Ti2VCu,123
Ti2VNi,123
Ti2VOs,225
Ti2VPb,123
Ti2VPd,123
Ti2VPt,123
Ti2VRh,71
Ti2VSn,123
Ti2VTc,71
Ti2Zn,139
Ti2ZnCo,225
Ti2ZnCr,123
Ti2ZnMo,123
Ti2ZnMo,225
Ti2ZnNi,225
Ti2ZnOs,71
Ti2ZnOs,123
Ti2ZnRe,225
Ti2ZnSn,123
Ti2ZnTc,123
Ti2ZnTc,225
Ti2ZnW,123
Ti3Ag,221
Ti3AgMo2,123
Ti3Al,194
Ti3AlC,221
Ti3As,223
Ti3Au,223
Ti3B4,71
Ti3CdMo2,123
Ti3Cu,123
Ti3Cu,221
Ti3Cu4,139
Ti3CuMo2,123
Ti3CuRu2,123
Ti3Fe2Ru,123
Ti3Ga,139
Ti3Ga,191
Ti3Ga,194
Ti3Ga,223
Ti3Ga,225
Ti3Ga2Rh,123
Ti3GaMo2,123
Ti3GeC2,194
Ti3H3Au,223
Ti3Hg,223
Ti3In,139
Ti3In,194
Ti3In,221
Ti3In,223
Ti3In,225
Ti3In3Rh2,189
Ti3Ir,223
Ti3Mn2Ga,123
Ti3Mo2Au,123
Ti3Mo2Pd,123
Ti3Mo2Rh,123
Ti3MoRh2,123
Ti3Nb,139
Ti3Nb,221
Ti3NbFe2,123
Ti3NiMo2,123
Ti3O,193
Ti3O5,63
Ti3Pd,223
Ti3Pd5,123
Ti3Pt,223
Ti3Sb,223
Ti3SiC2,194
Ti3SnC2,63
Ti3TlC,221
Ti3VRh2,123
Ti3Zn,221
Ti3Zn2Mo,123
Ti3Zn2W,123
Ti3ZnFe2,123
Ti3ZnGa2,123
Ti3ZnMo2,123
Ti3ZnTc2,123
Ti4Al11Zn,99
Ti4CuAg,123
Ti4Ga3Ni2,189
Ti4GaS8,216
Ti4Mo3,166
Ti4Zn,139
Ti5AgSn3,193
Ti5CuSb2,140
Ti5Ga4,193
Ti5Ru,123
Ti5Si4,92
Ti5Sn3,63
Ti5Zn3,123
Ti6Al16Pd7,225
Ti6Al16Pt7,225
Ti6Al16Ru7,225
Ti6AlGa,187
Ti6Ga16Ru7,225
Ti6Si7Ni16,225
Ti6ZnSn,187
Ti8Cu3Ni,123
TiAg,123
TiAg,129
TiAgB,216
TiAgHg2,123
TiAl,123
TiAl2Ga,123
TiAl2Ga,139
TiAl2Mo,225
TiAl2Pd,123
TiAl2V,225
TiAl2Zn,123
TiAl6Mo,123
TiAlAg,216
TiAlAu,216
TiAlAu2,225
TiAlCo2,225
TiAlCu2,225
TiAlCuPt,216
TiAlCuRh,216
TiAlFe2,225
TiAlFeCo,216
TiAlIr2,225
TiAlMo2,99
TiAlNi2,225
TiAlOsRu,216
TiAlPd,187
TiAlPd2,225
TiAlPt,194
TiAlRh2,225
TiAlRu2,225
TiAlTc2,225
TiAlV,194
TiAlZn,187
TiAlZn2,99
TiAlZn2,123
TiAlZnRh,216
TiAs,194
TiAsIr,216
TiAsPd,189
TiAsPd2,216
TiAsRh,62
TiAsRh,216
TiAsW2,216
TiAu,129
TiAu,221
TiAu2,139
TiAu4,87
TiAuBr,216
TiAuCl,216
TiB,62
TiB2,191
TiB2Mo,38
TiB2W,38
TiBAu,216
TiBe,221
TiBe2,227
TiBe2Cd,225
TiBe2Ir,225
TiBe2Nb,119
TiBe2Nb,139
TiBe2Os,119
TiBe2Pt,216
TiBe2Rh,216
TiBe2Ru,139
TiBe2V,119
TiBe2V,123
TiBe2W,123
TiBe4Mo,216
TiBe4W,216
TiBeBi2,139
TiBeCd2,216
TiBeCo2,119
TiBeCo2,225
TiBeFe2,225
TiBeGa2,119
TiBeGa2,123
TiBeGe2,119
TiBeHg,216
TiBeIr2,225
TiBeOs2,225
TiBePd4,216
TiBeRh2,119
TiBeRh2,225
TiBeRuPt,216
TiBeSi2,119
TiBeSi2,139
TiBeV,107
TiBeV2,99
TiBeV2,119
TiBeW,107
TiBeZn,216
TiBeZn2,216
TiBiIr,216
TiBiRh,216
TiBiRh2,139
TiBr4,205
TiC,225
TiCdHg2,123
TiCdO3,62
TiCdPd2,71
TiCo,221
TiCo2Ge,139
TiCo2Ge,225
TiCo2P,225
TiCo2Sb,225
TiCo2Si,225
TiCo2Sn,225
TiCoAs,216
TiCoBi,216
TiCoGe,189
TiCoIr2,225
TiCoP,216
TiCoSb,216
TiCoSn,216
TiCr2,227
TiCr2Mo,225
TiCr4Mo,216
TiCrAg,216
TiCrMo2,71
TiCrRe2,71
TiCrTc2,225
TiCu,129
TiCu,221
TiCu2,63
TiCu2,191
TiCu3,59
TiCuB,216
TiCuHg2,216
TiCuNi,107
TiCuRh,107
TiCuSi,62
TiCuSiP,129
TiCuSn,186
TiF2,225
TiFe,221
TiFe2As,225
TiFe2Ge,225
TiFe2Sb,225
TiFe2Si,225
TiFe2Sn,225
TiFePo,216
TiFeS,216
TiFeSb,216
TiFeSe,216
TiFeSn,216
TiFeTe,216
TiGa,123
TiGa2Ni,123
TiGa2Pd,123
TiGa2Rh,225
TiGa2Ru,225
TiGa3,139
TiGa4Rh,123
TiGa5Co,123
TiGa5Ni,123
TiGaAg,216
TiGaAs,216
TiGaAu,216
TiGaAu2,71
TiGaCo,187
TiGaCo2,225
TiGaCu,216
TiGaCu2,225
TiGaFe,187
TiGaFe2,225
TiGaFeCo,216
TiGaIr2,225
TiGaNi,189
TiGaNi2,225
TiGaPd,194
TiGaPd2,139
TiGaPd2,225
TiGaPt,194
TiGaRh,216
TiGaRh2,225
TiGaRu2,123
TiGaRu2,225
TiGaTc2,225
TiGaTcRh,216
TiGeAs,216
TiGePd,62
TiGePd,189
TiGePd,216
TiGePt,216
TiGeRu,46
TiGeRu,187
TiGeRu2,225
TiH,131
TiHg,123
TiIn,123
TiIn2Pd,12
TiIn3,139
TiInAg,216
TiInAu,216
TiInAu2,225
TiInCo2,225
TiInCu2,225
TiInFe2,225
TiInNi2,225
TiInNi4,216
TiInPd,187
TiInPd2,225
TiInPt,216
TiInPt2,123
TiInRh,187
TiInRh2,123
TiInRh2,225
TiInRuRh,216
TiIr,123
TiIr3,221
TiMn2Al,225
TiMn2Cr,225
TiMn2Ga,225
TiMn2Ge,225
TiMn2Mo,225
TiMn2Nb,71
TiMn2Nb,225
TiMn2P,225
TiMn2Si,225
TiMn2Sn,225
TiMn2V,225
TiMn2W,225
TiMn4W,216
TiMnCo2,225
TiMnNbFe,216
TiMnNbMo,216
TiMnNbOs,216
TiMnRh2,225
TiMnTcW,216
TiMnTe,216
TiMnV,42
TiMnV2,35
TiMnV2,123
TiMnW,107
TiMo,74
TiMo2As,216
TiMo2W,71
TiMo2W,123
TiMo2W,225
TiMo3,71
TiMo3,225
TiMoAs,187
TiMoAs2,99
TiMoP2,164
TiN,225
TiNb,65
TiNb2Mo,71
TiNb2Mo,123
TiNb2Ru,225
TiNb2Tc,123
TiNb2Tc,225
TiNb2W,123
TiNb2W,225
TiNbMo2,123
TiNbMo2,225
TiNbMoRh,216
TiNbMoW,216
TiNbPt,216
TiNbRe2,225
TiNbRu2,225
TiNbTc2,123
TiNbTc2,225
TiNbTcMo,216
TiNbTcRh,99
TiNbTcRh,216
TiNbVIr,216
TiNbW2,71
TiNbZn2,123
TiNbZnMo,99
TiNi2Ge,225
TiNi2Pd,123
TiNi2Sb,225
TiNi2Sn,225
TiNiC,216
TiNiGe,62
TiNiGe,216
TiNiPb,216
TiNiSb,216
TiNiSn,216
TiO,12
TiO2,60
TiO2,136
TiO2,141
TiOs,221
TiOs3,221
TiP,194
TiP2,62
TiP2O7,205
TiP2W,44
TiPIr,216
TiPRh,216
TiPRu,189
TiPbO3,221
TiPd,11
TiPd,51
TiPd,123
TiPd,221
TiPd2,71
TiPd2,139
TiPd2Pt,123
TiPd3,194
TiPd3,221
TiPdPb,216
TiPdPt2,123
TiPdRh2,123
TiPt,221
TiPt3,221
TiPtC,216
TiPtPb,216
TiRe,221
TiRe2As,216
TiRe2Mo,71
TiRe2Mo,225
TiRe2W,225
TiReMo2,71
TiReSi,189
TiReTc2,225
TiRh3,221
TiRu,221
TiRu2,139
TiRu3,221
TiRuPt,216
TiRuPt2,123
TiS,187
TiS,194
TiS2,205
TiSbIr,216
TiSbRh,216
TiSbRu,216
TiSe,194
TiSi,62
TiSi2,70
TiSi2Os,225
TiSi2Ru3,191
TiSiNi,216
TiSiOs2,225
TiSiPd,62
TiSiPd,216
TiSiPt,216
TiSiRh,62
TiSiRu,62
TiSiRu2,225
TiSiTc2,225
TiSiTcRu,216
TiSnIr,216
TiSnO3,221
TiSnPd,216
TiSnPd2,225
TiSnPt,216
TiSnRh,216
TiSnRh2,139
TiSnRu2,225
TiTc,221
TiTc2Mo,225
TiTc2Sb,225
TiTc2Sn,225
TiTc2W,123
TiTc2W,225
TiTcMo2,99
TiTcMoW,216
TiTcSnRu,216
TiTe,63
TiTeOs,216
TiTeRu,216
TiTl2W,225
TiTlAu,216
TiV,129
TiV,221
TiV2,139
TiV2Mo,71
TiV2Mo,225
TiV2Os,123
TiV2Os,216
TiV2Re,71
TiV2Tc,225
TiV2W,123
TiV2W,225
TiV4Mo,216
TiVB4,191
TiVCr,74
TiVFeTc,216
TiVGa2,123
TiVGe,129
TiVMo2,123
TiVMoOs,216
TiVMoRh,216
TiVMoW,216
TiVPt2,123
TiVRe2,225
TiVRu2,225
TiVSi,129
TiVTc2,123
TiVTc2,225
TiVTcMo,216
TiVTcRu,216
TiVW,216
TiVZnMo,99
TiW,65
TiW,227
TiW2,139
TiW3,123
TiW3,225
TiZn,129
TiZn,221
TiZn2,194
TiZn2In,123
TiZn2Ir,225
TiZn2Ni,225
TiZn2Pd,225
TiZn2Pt,225
TiZn3,194
TiZn3,221
TiZn4Tc,216
TiZnCo,187
TiZnCo2,225
TiZnCoRh,216
TiZnCu2,225
TiZnCuNi,216
TiZnGa2,123
TiZnIn2,123
TiZnIr,187
TiZnIr2,225
TiZnNi2,123
TiZnNi2,225
TiZnNi4,216
TiZnNiRh,216
TiZnPd2,139
TiZnPd2,225
TiZnPdRh,216
TiZnPt,216
TiZnPt2,225
TiZnRh2,123
TiZnRh2,225
TiZnRuPt,216
TiZnTc2,99
Tl(CoSe)2,139
Tl(CuAs)2,12
Tl(CuTe)2,139
Tl2PdCl4,123
Tl2PdSe2,55
Tl2Pt,140
Tl2Pt2O7,227
Tl2Pt3,194
Tl2PtCl6,225
Tl2SiF6,225
Tl2SiNi,225
Tl2SnCl6,225
Tl2SnTe5,140
Tl2TeCl6,225
Tl3Ru,194
Tl3SbSe3,198
Tl3V,139
Tl3VS4,217
Tl3Zn,139
Tl3Zn,221
Tl3Zn,225
Tl4SnSe3,140
Tl4SnTe3,140
Tl7Sb2,229
TlAgPd2,71
TlAgPd2,225
TlAgSe,62
TlAgTe,62
TlAsOs,216
TlAsPd5,123
TlAsPt5,123
TlAsRh,216
TlBPdRh2,123
TlBiAu,216
TlCdAu,216
TlCdGa,216
TlCdRh2,225
TlCdSb,62
TlClO4,216
TlCoAs2,225
TlCoBi,216
TlCoMo2,216
TlCoW,216
TlCrIr,216
TlCuAs,216
TlCuIr,216
TlCuS2,122
TlGaPb,216
TlGaSe2,140
TlHPd3,221
TlIn2Bi,71
TlInPt,216
TlInS2,194
TlInTe2,140
TlIrW,216
TlMoIr,216
TlNi,194
TlPPd2,99
TlPPd5,123
TlPPt5,123
TlPd2Au,225
TlPd3,139
TlPd3,221
TlPd3O4,225
TlPdAu,99
TlRhW,216
TlRuPt,216
TlSb,216
TlTcAs,216
TlTcIr2,225
TlV,221
TlVPt,216
TlZn2Tc,216
TlZnPt,216
Tm(CuSi)2,139
Tm(GaRu)2,139
Tm(GeRu)2,139
Tm(SiPd)2,139
Tm(TiGa2)2,139
Tm2(Ga3Ru)3,63
Tm2AgHg,225
Tm2AgIr,225
Tm2AgOs,225
Tm2AgPb,225
Tm2AgPt,225
Tm2AgRu,225
Tm2AlCd,225
Tm2AlOs,225
Tm2AlRu,225
Tm2AlTc,225
Tm2AlTl,225
Tm2AlZn,225
Tm2BeOs,225
Tm2CdHg,225
Tm2CdIn,225
Tm2CdOs,225
Tm2CoCu,225
Tm2CoIr,225
Tm2CoOs,225
Tm2CoRh,225
Tm2CoRu,225
Tm2CuIr,225
Tm2CuOs,225
Tm2CuPd,225
Tm2CuPt,225
Tm2CuRu,225
Tm2Ga8Fe,123
Tm2GaCu,225
Tm2GaNi,225
Tm2GaOs,225
Tm2GaPt,225
Tm2GaRu,225
Tm2Ge5Ru3,72
Tm2HgOs,225
Tm2In,194
Tm2InAg,123
Tm2InCu2,127
Tm2InHg,225
Tm2InOs,225
Tm2InPd,225
Tm2InPd2,127
Tm2InPt,225
Tm2InTc,225
Tm2IrOs,225
Tm2IrPd,225
Tm2IrRh,225
Tm2IrRu,225
Tm2MgAl,225
Tm2MgCd,225
Tm2MgHg,225
Tm2MgIn,225
Tm2MgIr,225
Tm2MgOs,225
Tm2MgRu,225
Tm2MgTc,225
Tm2MgZn,225
Tm2MnOs,225
Tm2NiAg,225
Tm2NiHg,225
Tm2NiIr,225
Tm2NiOs,225
Tm2NiPd,225
Tm2NiRu,225
Tm2OsAu,225
Tm2OsPd,225
Tm2OsRh,225
Tm2OsRu,225
Tm2PdPt,225
Tm2PdRu,225
Tm2RuPt,225
Tm2RuRh,225
Tm2TcHg,225
Tm2TcIr,225
Tm2TcNi,225
Tm2TcOs,225
Tm2TcRu,225
Tm2TlAg,225
Tm2TlCd,225
Tm2TlCu,225
Tm2TlGa,225
Tm2TlOs,225
Tm2TlRu,225
Tm2ZnGa,225
Tm2ZnIn,225
Tm2ZnIr,225
Tm2ZnOs,225
Tm2ZnPd,225
Tm2ZnPt,225
Tm2ZnRu,225
Tm2ZnTc,225
Tm3(Al3Ru)4,194
Tm3(GePd)4,71
Tm3Ga,194
Tm3Ga8Ag3,71
Tm3Ge13Ru4,223
Tm3Ge3Ru2,63
Tm3In,194
Tm4In(NiGe2)2,12
TmAg,221
TmAg2,139
TmAg3,221
TmAgPb,189
TmAgSn,186
TmAgSn,189
TmAlAg2,225
TmAlCu,189
TmAlGa,187
TmAlZn,194
TmAsPd,62
TmB2Ru3,191
TmBPd3,221
TmBiPd,216
TmBiPd2,225
TmBiPt,216
TmCdAg2,225
TmCdAu2,225
TmCdHg2,225
TmCdPd2,225
TmCdPt2,225
TmCdRh2,225
TmCu,221
TmCu4Ag,216
TmCu5,216
TmCuAs2,129
TmCuGe,187
TmCuPb,186
TmCuSi,187
TmCuSi,194
TmFeCu,74
TmGa2,74
TmGa2Pd,63
TmGa3,221
TmGa3Ru,221
TmGa5Co,123
TmGaAg,12
TmGaNi2,225
TmGaRh2,225
TmGeRu,62
TmHfCo2,225
TmHfIr2,225
TmHfOs2,225
TmHfPt,216
TmHfRu2,225
TmHfSc,216
TmHfZn2,225
TmIn,221
TmIn3,221
TmIn5Co,123
TmInAu,189
TmInCu4,216
TmInNi4,216
TmInPd2,225
TmInPt,189
TmInPt,216
TmInPt2,225
TmInRh,189
TmInRh2,225
TmLuCo2,225
TmLuMg2,225
TmLuRh2,225
TmMg2Sc,225
TmMgAu2,225
TmMgCd2,225
TmMgGa,189
TmMgHg2,225
TmMgIn,189
TmMgPd2,225
TmMgPt2,225
TmMgRh2,225
TmMgZn2,225
TmMn6(GaSn2)2,191
TmMnIn,187
TmNbOs2,225
TmNbPt,216
TmNi2Sn,225
TmNiBi,216
TmNiSb,216
TmNpRu2,225
TmPPd,62
TmPaRu2,225
TmPd,221
TmPd3,221
TmRuPt,216
TmSbPd,216
TmSbPd2,225
TmSbPt,216
TmScIn,216
TmScNb,216
TmScPd2,225
TmScRu,216
TmScRu2,225
TmScTa,216
TmScZn,216
TmSiRu,62
TmSnAu,216
TmSnPd2,225
TmSnRu2,225
TmTa3,225
TmTaOs2,225
TmTaPt,216
TmTaRu2,225
TmThRu2,225
TmTlRh2,225
TmUTc2,225
TmV,221
TmZn,221
TmZn2,74
TmZn2Cd,225
TmZnGa,194
TmZnPd2,225
TmZnPt,216
TmZnRh2,225
TmZnSn,194
TmZrOs2,225
TmZrRu2,225
U(Al5Ru)2,63
U(CuGe)2,139
U(CuSi)2,139
U(GePd)2,139
U(NiAs)2,129
U(SiOs)2,139
U(SiPd)2,139
U(SiRu)2,139
U2(Ni7B2)3,225
U2Al3Os,194
U2Cu4As5,139
U2CuSi3,25
U2Ga8Ru,123
U2InNi2,127
U2InPd2,127
U2InPt2,127
U2InRh2,127
U2Mo,139
U2Si3Ru,25
U2Si4W3,14
U2SnRu2,127
U3(Al3Ru)4,194
U3Al3CoRu2,189
U3Al3NiRu2,189
U3Si,221
U4As6Ru7,229
UAg3,139
UAl2Pd5,139
UAl3,221
UAl3Pd2,191
UAlRu,189
UAs2Pd,129
UB4Mo,65
UBi,225
UCoCuSi2,119
UCu4Ag,216
UCuAs2,129
UCuGe,187
UCuP2,139
UCuSb2,129
UCuSi,187
UFeSb,216
UGa,187
UGa2,191
UGa2Cu3,191
UGa3,221
UGa3Ni,119
UGa3Pd2,191
UGa5Co,123
UGa5Ir,123
UGa5Ni,123
UGa5Os,123
UGa5Pd,123
UGa5Rh,123
UGa5Ru,123
UGaCo,189
UGaIr,189
UGaNi,189
UGaPd,189
UGaPt,189
UGaRu,189
UGePd,62
UIn3,221
UInAu2,225
UInPt,189
UInPt,216
UInPt2,194
UInRh,189
UNbPt,216
UNi2Sn,225
UNi5,216
UNiSn,216
UPd3,194
UPt,63
UReB3,194
UReB4,65
URu3,221
URuPt,216
USb,225
USb2Pd,129
USb2Ru,129
USbPd,194
USbRh,216
USi2RuRh,119
USi3Ir,107
USiPd,62
USnAu2,225
USnPd,194
USnPt,38
USnPt,216
USnRu,189
UTaPt,216
UWC2,62
UZn3,194
UZnNi4,216
UZnPt,216
V12P7,174
V2As,139
V2AsAu,216
V2B,139
V2B2Ir,58
V2B3,63
V2C,60
V2CoGe,216
V2CoMo,225
V2CoNi,123
V2CoPd,123
V2CoPt,123
V2CoSi,216
V2Cr,139
V2CrFe,225
V2CrGa,123
V2CrMo,225
V2CrRe,225
V2CrRh,123
V2CrRu,123
V2CrRu,225
V2CrTc,123
V2CrW,123
V2CrW,225
V2FeMo,71
V2FeRe,71
V2FeSi,216
V2Ga,139
V2GaMo,123
V2GaPt,216
V2GaSn2,64
V2GaTc,216
V2GaW,123
V2GaW,225
V2Ge,139
V2GeAs,216
V2GeC,194
V2Mo5W,139
V2MoIr,71
V2MoOs,123
V2MoOs,225
V2MoRh,225
V2MoRu,123
V2MoRu,225
V2MoW,123
V2MoW,225
V2N,162
V2N3,164
V2NiPt,123
V2NiRh,123
V2NiSb,216
V2O3,146
V2O5,59
V2Os,139
V2OsRu,225
V2OsW,71
V2OsW,225
V2P,62
V2PdPt,123
V2PdRh,123
V2Pt,71
V2ReMo,225
V2ReOs,225
V2ReRh,71
V2ReRu,225
V2Ru,139
V2RuW,123
V2RuW,225
V2Si,139
V2SiRu,216
V2SiTc,216
V2Sn,139
V2Tc,139
V2TcGe,216
V2TcMo,123
V2TcMo,225
V2TcOs,123
V2TcRu,225
V2TcW,71
V2TcW,123
V2W,139
V3Ag,221
V3As,223
V3AsC,63
V3Au,221
V3Au,223
V3B,123
V3B2,127
V3B4,71
V3Cd,221
V3Cd,223
V3Co,223
V3Cr2Ga,123
V3CrTc2,123
V3Cu,225
V3Fe,223
V3Ga,123
V3Ga,223
V3Ga2N,213
V3Ge,223
V3Ir,223
V3Mo,71
V3Mo,225
V3Ni,223
V3Os,123
V3Os,225
V3PN,63
V3Pb,223
V3Pd,223
V3Pt,221
V3Pt,223
V3Re,225
V3Rh,223
V3Ru,225
V3Sb,223
V3Sb2,166
V3Si,223
V3Sn,194
V3Sn,223
V3Tc,123
V3Tc,225
V3W,225
V3Zn2N,213
V4As3,12
V4SiSb2,140
V4Zn5,139
V5As3,140
V5Ge3,193
V5Os,123
V5Sb4,87
V5Si3,140
V5SiB2,140
V5Tc3,123
V6CoIr,200
V6CoRh,200
V6GaSi,200
V6GeOs,200
V8C7,212
VAg,221
VAs,62
VAs2,12
VAsIr,216
VAsOs,216
VAsPt2,216
VAsRu,216
VAu,166
VAu,221
VAu2,63
VAu2,139
VAu3,194
VAu4,87
VAuS2,194
VB,63
VB2,191
VB3,139
VBPt,216
VBiO4,141
VBiOs,216
VBiRu,216
VC,225
VCd,221
VCdO3,62
VCo,221
VCo2Ge,225
VCo2Os,123
VCo2Ru,123
VCo2Si,225
VCo2Sn,225
VCo3,191
VCo3,194
VCo3,221
VCoB3,63
VCoC,216
VCoGe,62
VCoGe,216
VCoOs2,123
VCoP,62
VCoPb,216
VCoSb,216
VCoSi,62
VCoSi,216
VCoSi2,99
VCoSn,216
VCr,221
VCr2Mo,123
VCr2Re,71
VCr2W,71
VCrMo,42
VCrMo2,71
VCrO4,63
VCrRe2,71
VCrW2,123
VCrW2,225
VCu,221
VCu3S4,215
VCu3Te4,215
VCuRh2,123
VCuRh2,225
VF2,136
VFe,65
VFe,221
VFe2Si,225
VFe2Sn,225
VFe3,225
VFeAs,189
VFeAs,216
VFeAs2,99
VFeBi,216
VFeP,62
VFeP,216
VFeRu2,225
VFeSb,194
VFeSb,216
VFeSe,216
VFeSi,187
VFeSi2,99
VFeTcGe,216
VFeTe,216
VGa2,123
VGaCo,187
VGaCo2,139
VGaCo2,225
VGaFe2,225
VGaFeOs,216
VGaNi,216
VGaNi2,225
VGaOs2,123
VGaOs2,225
VGaOsRu,216
VGaPd,216
VGaPt,216
VGaRu,107
VGaRu2,225
VGaTc2,225
VGaTcOs,216
VGaTcRu,216
VGe3,223
VGeAs,216
VGeIr,216
VGePt,216
VGeRh,216
VGeRu2,225
VH2,225
VHg,221
VInNi,216
VInPt,216
VInPt2,225
VInRu2,71
VIr,63
VIr,65
VIr,123
VIr,221
VIr3,221
VIrC,216
VIrPb,216
VMo,187
VMo,221
VMo2,139
VMo2As,216
VMo2W,123
VMo2W,225
VMoW2,71
VMoW2,123
VMoW2,225
VN,187
VN,194
VN,221
VNi2,71
VNi2Sn,225
VNi3,139
VNiB,216
VNiSb,216
VO,225
VO2,136
VOs,221
VOs2Rh,123
VOsRu2,123
VP,194
VP2,12
VP4,15
VPOs,216
VPRu,216
VPd,221
VPd2,71
VPd3,139
VPd3,194
VPt,51
VPt,123
VPt,166
VPt2,71
VPt3,139
VPt3,221
VPt8,139
VRe2Mo,71
VReMo,42
VReTe,216
VReW2,71
VRh,65
VRh,123
VRh2,71
VRh3,194
VRh3,221
VRhC,216
VRhPb,216
VRu,129
VRu,221
VRu2Rh,123
VRu3,139
VRu3,194
VRu3C,221
VRuPt,216
VRuRh2,123
VSb,194
VSb2,140
VSbIr,216
VSbO4,109
VSbOs,216
VSbRh,216
VSbRu,216
VSe,194
VSi2,180
VSi2,181
VSi2As,216
VSi2Pt,71
VSi3,38
VSiAs,129
VSiB,187
VSiIr,216
VSiNi,62
VSiOs2,225
VSiPt,216
VSiRh,216
VSiRu2,225
VSiTc2,225
VSiTcRu,216
VSn2,70
VSnIr,216
VSnPd,216
VSnPt,216
VSnPt2,225
VSnRh,216
VSnRh2,139
VSnRh2,225
VSnRu2,71
VSnRu2,225
VTc,221
VTc2,139
VTc2Ge,225
VTc2Pt,123
VTc2W,71
VTc2W,123
VTcGe2,99
VTcGeRu,216
VTcTe,216
VTcW2,123
VTe,194
VTeRu,216
VW,65
VW,221
VW3,225
VZn,221
VZn2Rh,225
VZn3,221
VZnFe2,71
VZnFeCo,216
VZnPd2,123
VZnPt,216
VZnRh2,225
VZnRu2,225
VZnRuRh,216
VZnSi2,99
W,223
W,229
W2C,60
W2C,162
W2C,164
W3N4,221
WC,187
WC,216
WC,221
WC,225
WN2,187
WN2,194
WN2,205
WO2,14
WO2,136
WO3,14
WO3,129
WO3,191
WO3,221
WS2,194
Y,194
Y(Al2Fe)4,139
Y(Al2V)2,139
Y(Al5Ru)2,63
Y(AlC)3,194
Y(AlGa)2,139
Y(AsPd)2,139
Y(BC)2,131
Y(BH4)3,226
Y(BRh)4,137
Y(CoB)2,139
Y(CuGe)2,139
Y(CuSi)2,139
Y(GeRh)2,139
Y(GeRu)2,139
Y(MnSi)2,139
Y(NbAl2)2,139
Y(NbOs)2,139
Y(PPd)2,139
Y(PRu)2,139
Y(PdO2)2,88
Y(SiAg)2,139
Y(SiIr)2,139
Y(SiOs)2,139
Y(SiPd)2,139
Y(SiPt)2,129
Y(SiRh)2,139
Y(SiRu)2,139
Y(Sn3Ru2)2,121
Y(VGe)2,139
Y(VSi)2,139
Y(VSn)6,191
Y(ZnAg)2,139
Y(ZnGe)2,139
Y(ZnP)3,194
Y(ZnPt)2,139
Y2(Ga3Ru)3,63
Y2AgAu,225
Y2AgHg,2
Y2AgIr,225
Y2AgPd,71
Y2AgRu,225
Y2Al,62
Y2AlAg,71
Y2AlAg2,71
Y2AlCd,225
Y2AlCo,225
Y2AlCu,71
Y2AlCu,123
Y2AlCu,225
Y2AlCu2,71
Y2AlRu,71
Y2AlRu,225
Y2AlZn,123
Y2AlZn,225
Y2AlZn2,71
Y2Au,62
Y2B6Os,55
Y2B6Ru,55
Y2BPd,225
Y2BPd2,71
Y2BRh,225
Y2BeGa,119
Y2BeGe,119
Y2BeIn,119
Y2BeP,225
Y2BeSn,119
Y2BeW,99
Y2BiO2,139
Y2CdPt,139
Y2CdS4,227
Y2CdSe4,227
Y2Cu,139
Y2CuAg,71
Y2CuAu,12
Y2CuGe6,38
Y2CuHg,71
Y2CuPb,225
Y2CuPt,71
Y2CuPt,225
Y2CuRu,225
Y2CuSi2,71
Y2CuSn,225
Y2FeB,216
Y2Ga3Ag,156
Y2GaAg,71
Y2GaAg,225
Y2GaCo2,71
Y2GaCu,71
Y2GaHg,71
Y2GaRh,225
Y2Ge2Ru,12
Y2Ge5Ru3,72
Y2Hf2O7,227
Y2HfBe,99
Y2In,194
Y2In8Co,123
Y2InAu2,127
Y2InCu,12
Y2InHg,71
Y2InPt,225
Y2InRh,225
Y2InRu,71
Y2IrPd,225
Y2IrRh,225
Y2Mg3Sc,123
Y2Mg5Sc,139
Y2MgAg,225
Y2MgAl,225
Y2MgAu,225
Y2MgGe2,127
Y2MgIn,225
Y2MgRu,225
Y2MgSe4,227
Y2Mn2O7,227
Y2NiIr,225
Y2NiPd,71
Y2NiRu,225
Y2O3,206
Y2PbAu,225
Y2Pd2Pb,127
Y2PdRh,225
Y2PdRu,225
Y2Pt,62
Y2ReB6,55
Y2ReC2,62
Y2Ru2O7,227
Y2RuAu,71
Y2RuPt,71
Y2RuRh,225
Y2S3,62
Y2Sc,139
Y2ScAu,225
Y2ScCu,123
Y2Si4Mo3,14
Y2Sn2O7,227
Y2Ti2O7,227
Y2TlAg,225
Y2V2O7,227
Y2Zn,139
Y2Zn17,166
Y2ZnAg,225
Y2ZnCu,12
Y2ZnCu,225
Y2ZnGa,71
Y2ZnGa,225
Y2ZnIn,225
Y2ZnPb,71
Y2ZnRu,225
Y2ZnS4,227
Y2ZnSe4,227
Y2Zr2O7,227
Y3Al,221
Y3Al2,136
Y3Al7Cu2,166
Y3AlC,221
Y3B7W,63
Y3BrO4,63
Y3Co2,58
Y3Co4Ge13,223
Y3Cu3Sb4,220
Y3Ga15Ru4,62
Y3Ga8Ag3,71
Y3GaC,221
Y3GaO6,36
Y3Ge13Ir4,223
Y3Ge13Rh4,223
Y3Ge13Ru4,223
Y3Ge4,63
Y3In,194
Y3InC,221
Y3MgSc2,123
Y3MnB7,63
Y3PbC,221
Y3Pt,62
Y3ReB7,63
Y3Ru,62
Y3Sb4Au3,220
Y3Sc,221
Y3Si3Pd2,63
Y3Si3Rh2,63
Y3SnC,221
Y3TlC,221
Y4Ga12Fe,229
Y4Ga12Pd,229
Y4Ga12Pt,229
Y4GaCo4,12
Y4Ge6Ir7,229
Y4Sb3,220
Y4ZnGa3,44
Y5Ga3,193
Y5Ge3,193
Y5Si3H,193
Y7Pt3,186
Y8In3Co,186
YAg,221
YAg2,139
YAgC,216
YAgHg2,225
YAgO2,194
YAgPb,189
YAgPd2,71
YAgSn,186
YAgSn2,123
YAgTe2,113
YAl,63
YAl,221
YAl2,227
YAl2BRu2,123
YAl2Co,63
YAl2Ni,63
YAl2Pd5,139
YAl3,221
YAl3Cu,107
YAlAg2,225
YAlAu,62
YAlCo2,225
YAlCu2,225
YAlGe,63
YAlHg,216
YAlO3,62
YAlO3,194
YAlPd,62
YAlPd,189
YAlSi,63
YAlZn,194
YAs,225
YAsPd,216
YAsPt,216
YAsRh,216
YAsRu,216
YAu,221
YAu2,139
YAuO2,194
YB12,225
YB2,191
YB2Ru,62
YB2Ru3,191
YB6,221
YB7Mo3,62
YBPd2,99
YBPd3,221
YBPt2,180
YBRh3,221
YBe2Cu,123
YBe2Mo,123
YBe2Ru,139
YBe2V,225
YBeCd2,216
YBeCd2,225
YBeCo2,119
YBeGa,187
YBeGa2,99
YBeHg2,216
YBeHg2,225
YBeIn,187
YBeMo,107
YBeZn,107
YBeZn2,216
YBi,225
YBiPd,216
YBiPd2,225
YBiPt,216
YC,216
YC,225
YC2,139
YCd,221
YCd2,191
YCd2Pd,225
YCd3,225
YCdB,216
YCdGa,216
YCdGa2,99
YCdHg2,225
YCdIn,216
YCdNi4,216
YCdPd2,225
YCdPt2,225
YClO,129
YCo,63
YCo3B2,191
YCo5,65
YCoS,216
YCoSi2,63
YCoSn,62
YCoTe,216
YCu,221
YCu2Ag,225
YCu2Pb,225
YCu2Pt,225
YCu2Si,225
YCu4Pt,216
YCu5,191
YCuAg2,99
YCuAs,216
YCuAs2,129
YCuC,216
YCuGe,186
YCuGe,187
YCuGe,216
YCuGe2,99
YCuO2,194
YCuP2,129
YCuPb,186
YCuPt,187
YCuPt2,99
YCuSb,187
YCuSb2,129
YCuSi,187
YCuSi,194
YCuSi,216
YCuSi2,99
YCuSn,186
YCuSn,194
YEr(SnPd2)2,166
YErHg2,225
YErIn2,225
YErRh2,225
YErTl2,225
YErZn2,225
YF3,62
YF3,221
YGa,63
YGa2,191
YGa2Fe2B,123
YGa2Ni,63
YGa3,221
YGa3Ru,221
YGa4Ni,63
YGa5Co,123
YGaAg,12
YGaAg2,71
YGaAu2,225
YGaCo2,225
YGaIr,62
YGaPt,62
YGaRh,62
YGaRh2,123
YGaRh2,225
YGe,63
YGeAu,186
YGeAu,216
YGeIr,62
YGePd2,62
YGePt,62
YGeRh,62
YH2,225
YH3,63
YHSe,187
YHf2Pb,225
YHfBe2,123
YHfP2,166
YHfPt,216
YHfRu2,71
YHfRu2,123
YHfSc,216
YHg,221
YHg2,191
YHg3,194
YHgB,216
YHgPd2,225
YHoAg2,225
YHoAl2,225
YHoCd2,225
YHoCu2,225
YHoRh2,225
YHoRu2,225
YHoZn2,225
YIn,221
YIn2,139
YIn2Ni,63
YIn3,221
YInAg2,225
YInAu,189
YInAu2,225
YInCu2,225
YInCu4,216
YInNi,189
YInNi2,225
YInPd,189
YInPd2,225
YInPdAu,216
YInPt,189
YInPt,216
YInPt2,194
YInRh,189
YInRh2,225
YIr,221
YIr2,227
YIrPd,187
YIrPd2,225
YLuCd2,225
YLuIr2,225
YLuMg2,225
YLuRu2,225
YLuTl2,225
YLuZn2,225
YMg,221
YMg2Cd,225
YMg2Sc,225
YMg2Sc3,123
YMgAg,189
YMgAg2,225
YMgAl,189
YMgAu2,225
YMgBe2,225
YMgCd2,225
YMgCu,189
YMgCu,216
YMgCu2,225
YMgCu4,216
YMgGa,189
YMgGa2,99
YMgHg2,225
YMgIn,189
YMgIn,216
YMgNi,216
YMgPd,189
YMgRh2,225
YMgTl,189
YMgTl,216
YMgZn,189
YMgZn2,225
YMnAs,216
YMnNi4,216
YMnO3,194
YMnTe,216
YN,194
YN,216
YN,225
YNbPt,216
YNbRu2,225
YNiAs,216
YNiBi,216
YNiGe3,65
YNiP,216
YNiSb,216
YNiSn,62
YOF,216
YOs2,194
YP,225
YPO4,141
YPPt,187
YPPt,216
YPaRu2,225
YPaTc2,225
YPb2,63
YPbAu,216
YPd,63
YPd2Pb,225
YPd3,221
YPd3S4,223
YPt,62
YPt2,227
YPt3,221
YRe2,194
YRh,221
YRh2,227
YRh3C,221
YRh5,191
YRhW2,225
YRuPt,216
YS,225
YS2,129
YSF,194
YSb,225
YSbPd,216
YSbPd2,225
YSbPt,216
YSc,123
YSc,129
YSc,141
YSc2,139
YSc2Ru,123
YSc2Tc,123
YSc3,123
YSc3,139
YSc3,221
YSc4Be,216
YScAl2,225
YScAl4,216
YScAlCd,216
YScAlZn,216
YScAs2,166
YScAu,187
YScBe,107
YScBe,156
YScBe,216
YScBe2,123
YScCd2,71
YScGaCu,216
YScHg2,71
YScIn,216
YScIn2,71
YScIr,216
YScNb,216
YScP2,166
YScRh2,123
YScRu,216
YScS3,33
YScSn,129
YScTa,216
YScZn,216
YScZnGa,216
YSe,225
YSeBr,216
YSeCl,216
YSi,63
YSi2,141
YSi2Rh3,191
YSi2Ru3,191
YSi3Ir,107
YSi3Ru,107
YSiAg,189
YSiAg,216
YSiAu,186
YSiAu,216
YSiIr,62
YSiPd2,62
YSiPt,62
YSiRh,62
YSiRu,62
YSiRu2,99
YSn2,63
YSn3,221
YSnAu,186
YSnAu,194
YSnAu,216
YSnPd,62
YSnPd2,225
YSnPt,189
YSnRh,189
YSnRh2,139
YSnRh2,225
YSnRu,187
YSnRu2,71
YTaBe2,123
YTaPt,216
YTaRu2,123
YTaRu2,225
YTcAs,216
YTe,225
YTe2,129
YTeRh,216
YTi,221
YTiGe,139
YTiSi,129
YTl,221
YTl2Ag,225
YTl3,221
YTlAg2,225
YTlCd,216
YTlCd2,225
YTlHg,216
YTlPd,189
YTlPd2,71
YTmAl2,225
YTmCu2,225
YTmHg2,225
YTmMg2,225
YTmRh2,225
YTmTl2,225
YV,221
YVO4,141
YWC2,62
YZn,221
YZn,225
YZn2,65
YZn2Au,71
YZn2Hg,225
YZn2In,225
YZn5,191
YZnB,216
YZnGa,194
YZnGe,187
YZnGe,194
YZnIn,187
YZnP,187
YZnPd,62
YZnPt,216
YZnSi,187
YZnSn,194
YZnSn2,129
YZrRu,216
YZrRu2,225
YZrSb,139
YZrSc2,123
YZrZn2,123
Yb(Al2Mo)2,139
Yb(Al5Ru)2,63
Yb(CuSi)2,139
Yb(GePd)2,139
Yb(GeRu)2,139
Yb(PRu)2,139
Yb(SiAg)2,139
Yb(SiAu)2,139
Yb(SiPd)2,139
Yb(SiRu)2,139
Yb(TiAl10)2,227
Yb(ZnAs)2,164
Yb(ZnGa)2,139
Yb(ZnP)2,164
Yb(ZnSb)2,164
Yb2AgBi,225
Yb2AgGe,225
Yb2AgHg,225
Yb2AgIr,225
Yb2AgPd,123
Yb2AgPd,225
Yb2AgPt,225
Yb2AgRh,225
Yb2AgSn,225
Yb2AlCd,225
Yb2AsAu,225
Yb2BiAu,225
Yb2CdHg,225
Yb2CdIn,225
Yb2CdIr,225
Yb2CdPb,225
Yb2CdPd,225
Yb2CdPd2,127
Yb2CdSi,225
Yb2CdSn,225
Yb2CeY,225
Yb2CuAu,225
Yb2CuIr,225
Yb2CuRh,225
Yb2Ga,62
Yb2Ga10Ru3,127
Yb2GaHg,225
Yb2Ge4Ru3,15
Yb2HgAs,225
Yb2HgGe,225
Yb2HgPb,225
Yb2In8Ir,123
Yb2InGa,225
Yb2InPb,225
Yb2InPd2,127
Yb2InSn,225
Yb2MgIn,225
Yb2MgTl,225
Yb2Ni12P7,174
Yb2NiRh,225
Yb2PdAu,225
Yb2PdRh,225
Yb2PrSm,225
Yb2PtAu,225
Yb2SbAu,225
Yb2SiAg,225
Yb2SnAu,225
Yb2SnHg,225
Yb2SnPb,225
Yb2TlCd,225
Yb2TlGa,225
Yb2ZnAg,225
Yb2ZnAu,225
Yb2ZnGa,225
Yb2ZnGe,225
Yb2ZnHg,225
Yb2ZnIn,225
Yb2ZnPb,225
Yb2ZnRh,225
Yb2ZnSn,225
Yb3Co4Ge13,223
Yb3Ge13Ir4,223
Yb3Ge13Ru4,223
Yb3In,225
Yb3In3Ge2Au,189
Yb3Re,225
Yb3Ru,225
Yb3Sn13Ir4,223
Yb3SnO,221
Yb3Ta,139
Yb3V,139
Yb3V,221
Yb3V,225
Yb3W,194
Yb3W,225
Yb3Zn11,71
Yb4Ge6Ir7,229
Yb5Sb3,193
Yb6Al7Cu16,225
YbAg,221
YbAg2,139
YbAg2Pb,225
YbAg2Sn,225
YbAg3,225
YbAgBi,186
YbAgGe,189
YbAgHg2,225
YbAgPd2,225
YbAgSb,62
YbAgSn,187
YbAl2,227
YbAl2Cu,166
YbAl3,221
YbAlAg2,225
YbAlAu,62
YbAlCu,74
YbAlPd,62
YbAlZn2,225
YbAsPd,189
YbB2Ru3,191
YbB4Ru,55
YbBPd3,221
YbBiAu,216
YbBiPd,216
YbBiPd2,225
YbBiPt,216
YbBiRh2,225
YbCdAg2,225
YbCdAu2,225
YbCdCu4,216
YbCdHg2,225
YbCdPd2,225
YbCeCu2,225
YbCeHg2,225
YbCu,62
YbCu4Ag,216
YbCu4Ni,216
YbCu5,191
YbCuAs2,129
YbCuBi,186
YbCuBi,194
YbCuGe,194
YbCuGe,216
YbCuSb,186
YbCuSb,194
YbCuSi,194
YbDyCd2,225
YbDyHg2,225
YbDyMg2,225
YbDyPd2,225
YbDyZn2,225
YbErHg2,225
YbErPd2,225
YbErPt2,225
YbErZn2,225
YbEuZn2,225
YbGa,221
YbGa2,191
YbGa2,194
YbGa2Ag,62
YbGa2Ir,225
YbGa4,139
YbGa5Co,123
YbGa6,125
YbGa7Au3,167
YbGaAu2,225
YbGaGe,194
YbGaPd2,225
YbGaPt,62
YbGaRh2,225
YbH3Pd,221
YbHfIr2,225
YbHfPt,216
YbHfRh2,225
YbHfSc,216
YbHgPd2,225
YbHoCd2,225
YbHoMg2,225
YbIn,221
YbIn2Au,63
YbIn2Ni,63
YbIn2Pd,63
YbIn2Rh,63
YbIn3,221
YbIn5Co,123
YbIn5Ir,123
YbIn5Rh,123
YbInAg2,225
YbInAu,189
YbInCu4,216
YbInPd,189
YbInPd2,225
YbInPt,216
YbLuPt2,225
YbMgCu4,216
YbMgHg2,225
YbMgTl2,225
YbMnCuP2,156
YbMnGe,62
YbNbPt,216
YbNbRu2,225
YbNdAg2,225
YbNdCd2,225
YbNdHg2,225
YbNdPd,216
YbNdPd2,225
YbNdPt2,225
YbNdRh2,225
YbNdZn2,225
YbNi2Sn,225
YbNiH3,221
YbNiSb,216
YbPaPt2,225
YbPaRu2,225
YbPbAu2,225
YbPd,221
YbPd2Au,225
YbPd2Pb,225
YbPd3,221
YbPm2Al,225
YbPm2In,225
YbPmAg2,225
YbPmAu2,225
YbPmCd2,225
YbPmHg2,225
YbPmPd,216
YbPmPd2,225
YbPmPt2,225
YbPmRh2,225
YbPmZn2,225
YbPr2Al,225
YbPr2Cd,225
YbPr2Mg,225
YbPr2Tl,225
YbPr2Y,225
YbPrAg2,225
YbPrAu2,225
YbPrCd2,225
YbPrHg2,225
YbPrMg2,225
YbPrPd,216
YbPrRh2,225
YbPrZn2,225
YbPt2,227
YbPt3,221
YbRh2Pb,225
YbRu,221
YbRuPt,216
YbSbAu,186
YbSbPd,62
YbSbPd,216
YbSbPd2,225
YbSbPt,216
YbScIn,216
YbScNb,216
YbScRh2,225
YbScRu,216
YbScTa,216
YbScZn,216
YbSiAg,189
YbSm2Mg,225
YbSmHg2,225
YbSmMg2,225
YbSmPd2,225
YbSmPt2,225
YbSmRh2,225
YbSmZn2,225
YbSn2Pd,63
YbSn3,221
YbSnAu2,225
YbSnHg,186
YbSnPd,62
YbSnPd,189
YbSnPd2,225
YbSnRh2,225
YbTa,187
YbTaPt,216
YbTaRu2,225
YbThPt2,225
YbThRh2,225
YbTlPd,189
YbTlPd2,225
YbTmPt2,225
YbTmRh2,225
YbV,221
YbYCd2,225
YbYMg2,225
YbYRh2,225
YbZn,221
YbZn,225
YbZn2,74
YbZnAu2,225
YbZnCuAs2,156
YbZnGa,12
YbZnGa3,107
YbZnIn,187
YbZnIn,194
YbZnPt,216
YbZnSn,186
Zn(BIr)2,139
Zn(CN)2,215
Zn(CrS2)2,227
Zn(CrSe2)2,227
Zn(GaAg)2,139
Zn(GaBi)2,139
Zn(GaO2)2,227
Zn(InAu4)3,25
Zn(InS2)2,227
Zn(InSe2)2,82
Zn(InTe2)2,82
Zn(PtO2)3,65
Zn(RhO2)2,227
Zn(SbO3)2,136
Zn2AgAu,225
Zn2AgPd,71
Zn2AsRh,216
Zn2AsW,216
Zn2Au,2
Zn2CdGa,216
Zn2CdGa,225
Zn2CdRh3,123
Zn2CoNi,123
Zn2CoNi,225
Zn2CoPt,225
Zn2CuAs,216
Zn2CuAu,225
Zn2CuIr,225
Zn2CuNi,119
Zn2CuPd,71
Zn2CuPt,225
Zn2CuRh,71
Zn2GaAg,216
Zn2GaAg,225
Zn2GaAs,225
Zn2GaAu,216
Zn2GaAu,225
Zn2GaB,225
Zn2GaBi,225
Zn2GaCu,225
Zn2In2S5,186
Zn2Ni,123
Zn2NiPd,123
Zn2NiPd,225
Zn2NiPt,123
Zn2NiPt,139
Zn2NiRh,123
Zn2NiRh,225
Zn2PdAu,123
Zn2PdPt,225
Zn2PdRh,123
Zn2PdRh,225
Zn2PtRh,123
Zn2PtRh,225
Zn2ReAs,216
Zn2Rh,139
Zn2RhAu,139
Zn2RhAu,225
Zn2SiO4,122
Zn2SiO4,227
Zn2SnO4,227
Zn2TcAs,216
Zn3(InS3)2,156
Zn3(Ni10B3)2,225
Zn3As2,224
Zn3Au,223
Zn3B,139
Zn3Cd,139
Zn3Co,221
Zn3Ga4Pd7,146
Zn3Hg,194
Zn3In,63
Zn3In,139
Zn3Ir,139
Zn3Mo,221
Zn3N2,206
Zn3Ni,194
Zn3Ni2Ge,227
Zn3P2,137
Zn3P2,224
Zn3Pt,139
Zn3Rh,139
Zn3Rh,194
Zn3Rh,221
Zn3Ru,139
Zn3Ru,221
Zn3Si,139
Zn3SiNi2,227
Zn7Mo,225
Zn7Sb8Ru9,225
Zn9(InSb3)2,19
Zn9Ga3Mo2,164
ZnAg,65
ZnAg,123
ZnAg,221
ZnAg3,139
ZnAgAs,216
ZnAgF3,221
ZnAgPd2,71
ZnAgPd2,225
ZnAgPt,216
ZnAs,61
ZnAsAu,216
ZnAsPt,216
ZnAsPt5,123
ZnAsRh2,216
ZnAu,221
ZnAu2,71
ZnAu3,64
ZnBPt,216
ZnBi,61
ZnBiAs,99
ZnBiPt,216
ZnCd2Ga,216
ZnCd2Ga,225
ZnCdAg2,35
ZnCdAu2,123
ZnCdGa,216
ZnCdGa2,216
ZnCdGa2,225
ZnCdPt,216
ZnCdPt2,123
ZnCdRh2,123
ZnCl2,122
ZnCo,187
ZnCo2Ge,225
ZnCo2Os,123
ZnCoPt,216
ZnCr2O4,141
ZnCr2O4,227
ZnCrPt,216
ZnCu,221
ZnCu2Ni,123
ZnCu2Pt,123
ZnCuAu2,225
ZnCuGe,216
ZnCuMo,216
ZnCuNi2,123
ZnCuNi2,225
ZnCuPd2,225
ZnCuPt,187
ZnCuPt,216
ZnCuPt2,225
ZnF2,60
ZnF2,136
ZnFeBi,216
ZnFePb,216
ZnFePt,216
ZnFeRh2,225
ZnFeSb,216
ZnGa11Co4,10
ZnGa2Ag,216
ZnGa2Ag,225
ZnGa2As,216
ZnGa2As,225
ZnGa2Au,216
ZnGa2Au,225
ZnGa2B,216
ZnGa2B,225
ZnGa2Bi,216
ZnGa2Bi,225
ZnGa3,221
ZnGaAg,216
ZnGaAg2,71
ZnGaAg2,216
ZnGaAg2,225
ZnGaAs,216
ZnGaAs2,216
ZnGaAs2,225
ZnGaAu,216
ZnGaAu2,216
ZnGaAu2,225
ZnGaB,216
ZnGaB2,216
ZnGaB2,225
ZnGaBi,216
ZnGaBi2,216
ZnGaBi2,225
ZnGaCo2,71
ZnGaCo2,123
ZnGaCo2,225
ZnGaCu2,71
ZnGaCu2,225
ZnGaIr2,225
ZnGaNi2,71
ZnGaNi2,225
ZnGaPd2,71
ZnGaPt,216
ZnGaRh2,123
ZnGaRh2,225
ZnGaRuPt,216
ZnGeAs2,115
ZnGeAs2,122
ZnGeP2,115
ZnGeP2,122
ZnGePt,216
ZnGeRh2,123
ZnGeRu2,71
ZnGeRuRh,216
ZnHg3,139
ZnHgPt,216
ZnIn2GeAs4,139
ZnIn2SnAs4,121
ZnIn3,63
ZnIn3,139
ZnIn3,225
ZnInAu,216
ZnInGa,216
ZnInIr2,71
ZnInPd2,71
ZnInPd2,225
ZnInPt,216
ZnInRh2,71
ZnInRh2,123
ZnInRh2,225
ZnIrPt,216
ZnMo3,221
ZnMoPt,216
ZnMoRu2,71
ZnNi,123
ZnNi,221
ZnNi2Ge,225
ZnNi2Pd,123
ZnNi2Sb,225
ZnNi3C,221
ZnNi3N,221
ZnNi3Sb2,164
ZnNi6Sb,187
ZnNiAs,216
ZnNiGe,216
ZnNiPd2,71
ZnNiPt,216
ZnNiSb,216
ZnNiSn,216
ZnO,186
ZnO,194
ZnO,216
ZnO,225
ZnO2,205
ZnOsPt,216
ZnP,186
ZnP2,14
ZnP2,92
ZnP4,92
ZnPPd5,123
ZnPPt,187
ZnPPt5,123
ZnPb3,139
ZnPd,123
ZnPd2Au,225
ZnPd2Pt,225
ZnPd3,221
ZnPdAu,187
ZnPdAu2,225
ZnPdPt,216
ZnPt,123
ZnPt2,139
ZnPt3,221
ZnPtAu,216
ZnPtPb,216
ZnPtRh,216
ZnPtW,216
ZnRe2As,216
ZnRePt,216
ZnRh,221
ZnRh3,139
ZnRhAu2,99
ZnRu2W,123
ZnRu2W,225
ZnRuPt,216
ZnS,156
ZnS,186
ZnS,216
ZnSO4,216
ZnSb,61
ZnSbAs,99
ZnSbPd,216
ZnSbPt,216
ZnSbRu2,71
ZnSe,186
ZnSe,216
ZnSiAs2,122
ZnSiNi2,123
ZnSiNi2,225
ZnSiP2,122
ZnSiPt,216
ZnSiRh2,225
ZnSiTc2,71
ZnSn,166
ZnSn3,225
ZnSnAs2,115
ZnSnAs2,122
ZnSnAu,216
ZnSnP2,115
ZnSnP2,122
ZnSnPt,216
ZnSnSb2,122
ZnTc,129
ZnTc2,139
ZnTcMo,216
ZnTcPt,216
ZnTe,63
ZnTe,216
Zr,194
Zr(CuP)2,164
Zr(CuSi)2,139
Zr(GaCu)2,139
Zr(MnSn)6,191
Zr(NiP)2,139
Zr(SiNi)2,139
Zr(SiRu)2,139
Zr(TiGa2)2,139
Zr(VB)2,139
Zr(VGa2)2,139
Zr2(Ni7B2)3,225
Zr2(ZnGa)3,47
Zr2Ag,139
Zr2Al,140
Zr2Al,194
Zr2Al3C4,194
Zr2Al3Zn,166
Zr2AlAg,123
Zr2AlC,194
Zr2AlCu,123
Zr2AlIn,123
Zr2AlIn,139
Zr2AlN,194
Zr2Au,139
Zr2Be2Ga,139
Zr2BeGe,119
Zr2BePb,119
Zr2BeSi,119
Zr2BeZn,225
Zr2CS,194
Zr2Cd,139
Zr2CdGa,123
Zr2CdPd,225
Zr2Co,140
Zr2Co3Mo,166
Zr2CoOs,225
Zr2CoTc,225
Zr2Cu,12
Zr2Cu,139
Zr2CuMo,123
Zr2CuOs,225
Zr2CuS4,227
Zr2CuSb3,115
Zr2CuTc,123
Zr2Fe,140
Zr2FeRu,71
Zr2Ga,140
Zr2Ga,194
Zr2Ga3,43
Zr2Ga3Cu,8
Zr2GaHg,123
Zr2H2Pd,139
Zr2In,71
Zr2InC,194
Zr2InCo2,127
Zr2InGa,123
Zr2InMo,123
Zr2InNi2,127
Zr2InP,160
Zr2InPd2,136
Zr2InTc,123
Zr2Ir,227
Zr2MnAg,123
Zr2MnPd,123
Zr2MnZn,123
Zr2MoAu,123
Zr2MoIr,71
Zr2MoPt,71
Zr2MoRh,225
Zr2NbAg,123
Zr2NbAl,123
Zr2NbAu,123
Zr2NbCd,123
Zr2NbGa,123
Zr2NbIn,123
Zr2NbIr,123
Zr2NbOs,123
Zr2NbPd,123
Zr2NbPt,71
Zr2NbPt,123
Zr2NbRh,123
Zr2NbSn,123
Zr2NbTl,123
Zr2NbZn,123
Zr2Ni,140
Zr2OsRh,225
Zr2OsRu,225
Zr2Pd,139
Zr2Pt,227
Zr2RePd,71
Zr2ReRh,225
Zr2Ru,139
Zr2RuRh,71
Zr2RuRh,123
Zr2SN2,194
Zr2Sb,139
Zr2Sb3Pd,115
Zr2SbP,194
Zr2Sc,139
Zr2ScAl,123
Zr2ScAl,139
Zr2ScGa,123
Zr2ScIn,123
Zr2ScOs,44
Zr2ScOs,225
Zr2ScPb,139
Zr2ScSn,123
Zr2ScTc,123
Zr2SeN2,194
Zr2Si,140
Zr2SiMo3,194
Zr2TaPd,123
Zr2TaZn,123
Zr2TcMo,71
Zr2TcPd,225
Zr2TcRu,225
Zr2TiAg,123
Zr2TiAl,225
Zr2TiGa,123
Zr2TiGa,225
Zr2TiZn,123
Zr2TlC,194
Zr2V3Ru,194
Zr2VCo3,166
Zr2Zn,139
Zr2ZnCu,71
Zr2ZnIn,123
Zr2ZnMo,123
Zr2ZnOs,123
Zr2ZnPd,123
Zr2ZnPt,71
Zr2ZnRh,47
Zr2ZnRu,123
Zr2ZnTc,123
Zr3(Cu2Ge)2,189
Zr3(Cu2Si)2,189
Zr3Ag,221
Zr3Al,221
Zr3Al2,136
Zr3AlN,63
Zr3As2,62
Zr3Au,223
Zr3Co2Si3,63
Zr3Cu,221
Zr3Ga,221
Zr3Ga2,127
Zr3GeO8,121
Zr3Hg,223
Zr3In,139
Zr3In,221
Zr3Ir,121
Zr3Mo,44
Zr3N4,220
Zr3Ni3Sb4,220
Zr3NiO,63
Zr3O,182
Zr3Ru,123
Zr3S4,227
Zr3Sc,123
Zr3Sc,139
Zr3Sc,221
Zr3Sn,223
Zr3TaFe8,160
Zr3TiZn2,123
Zr3Zn,139
Zr3Zn2Cd,123
Zr3Zn3C,227
Zr3Zn3N,227
Zr4Al3,191
Zr4Co2N,227
Zr4CoP,124
Zr4CuP,124
Zr4Ir2N,227
Zr4Ni2N,227
Zr4Os2C,227
Zr4Os2N,227
Zr4Pd2O,227
Zr4Pt2N,227
Zr4Re2N,227
Zr4Rh2N,227
Zr4Ru2N,227
Zr5AgSb3,193
Zr5Al3C,193
Zr5Al4,193
Zr5AlSn3,193
Zr5AsPb3,193
Zr5CuSn3,193
Zr5GaSn3,193
Zr5Ir3,193
Zr5P7Pd9,38
Zr5Pd,123
Zr5Sb3As,193
Zr5Sb4,193
Zr5Si3,193
Zr5SiSb3,193
Zr5SiSn3,193
Zr5Sn3B,193
Zr5Sn3N,193
Zr5Sn3P,193
Zr6Al16Os7,225
Zr6Al16Pd7,225
Zr6Al16Pt7,225
Zr6Al16Ru7,225
Zr6Al2Co,189
Zr6Al2Fe,189
Zr6Al2Ni,189
Zr6Al7Cu16,225
Zr6CuBi2,189
Zr6FeSb2,189
Zr6FeTe2,189
Zr6Ga16Ru7,225
Zr6Ga2Co,189
Zr6Sb2Pt,189
Zr6Si7Ni16,225
Zr6Zn16Cu7,225
Zr8AgPd3,123
ZrAg,129
ZrAg2,139
ZrAgB,216
ZrAgMo,216
ZrAl,63
ZrAl2,194
ZrAl2Ga,123
ZrAl2Ga,139
ZrAl2Rh,225
ZrAl2Si,119
ZrAl2Si,139
ZrAl2Zn,123
ZrAl3,139
ZrAl3,221
ZrAl5Pd,123
ZrAl6Mo,123
ZrAlAu,216
ZrAlAu2,225
ZrAlCo2,225
ZrAlCoRu,216
ZrAlCu2,225
ZrAlCuPd,216
ZrAlGa2,119
ZrAlNi2,225
ZrAlPd,38
ZrAlPd,187
ZrAlPd2,225
ZrAlPt,189
ZrAlPt,190
ZrAlRh2,225
ZrAlRu2,225
ZrAlRuRh,216
ZrAlW,216
ZrAlZn,187
ZrAlZn2,123
ZrAs,194
ZrAs,225
ZrAs2,62
ZrAs2,71
ZrAsIr,216
ZrAsP,216
ZrAsPt,216
ZrAsRh,216
ZrAsRu,189
ZrAu4,62
ZrB,225
ZrB12,225
ZrB2,191
ZrB4Ir3,176
ZrB4Mo,191
ZrBAu,216
ZrBOsRu2,123
ZrBRh3,221
ZrBRuRh2,123
ZrBe13,226
ZrBe2,191
ZrBe2As,216
ZrBe2Cr,119
ZrBe2Cu,123
ZrBe2Cu,216
ZrBe2Ga,119
ZrBe2Nb,139
ZrBe2Ni,216
ZrBe2Os,119
ZrBe2Pd,123
ZrBe2Pd,216
ZrBe2Si,119
ZrBe2V,119
ZrBe2Zn,216
ZrBeCd,216
ZrBeGa,107
ZrBeGe2,139
ZrBeIn,107
ZrBeIr2,225
ZrBeMo,107
ZrBeNb,107
ZrBePd,156
ZrBePd2,99
ZrBeSi2,139
ZrBeZn,107
ZrBiIr,216
ZrBiRh,216
ZrBiRh2,139
ZrC,216
ZrC,225
ZrCd3,123
ZrCdAg2,225
ZrCdAu2,225
ZrCdCu2,225
ZrCdPd,187
ZrCdRh2,225
ZrCo,221
ZrCo2Si,225
ZrCo2Sn,225
ZrCoAs,216
ZrCoBi,216
ZrCoP,216
ZrCoSb,216
ZrCoSi2,216
ZrCrFe,216
ZrCu,11
ZrCu,221
ZrCu2,63
ZrCu2Ag,71
ZrCu2Hg,225
ZrCu2Si,225
ZrCu2Sn,194
ZrCu4Ag,216
ZrCu5,216
ZrCuB,216
ZrCuGe,62
ZrCuHg2,216
ZrCuP2,99
ZrCuPt2,139
ZrCuSi,62
ZrCuSi2,129
ZrCuSiAs,129
ZrCuSiP,129
ZrFeP,62
ZrFePo,216
ZrFeS,216
ZrFeSb,216
ZrFeSe,216
ZrFeSi,62
ZrFeTe,216
ZrGa,141
ZrGa2,65
ZrGa2Au,123
ZrGa3,139
ZrGa4Co,123
ZrGa5Co,123
ZrGaAu,187
ZrGaAu,216
ZrGaCo4,216
ZrGaCu,194
ZrGaNi2,225
ZrGaPd2,225
ZrGaPt,189
ZrGaPt,190
ZrGaRh,189
ZrGaRh2,225
ZrGaRu2,71
ZrGaRu2,225
ZrGaRuRh,216
ZrGe,62
ZrGeIr,62
ZrGeOs,189
ZrGePd,62
ZrGePd,216
ZrGePt,62
ZrGePt,216
ZrGeRh,62
ZrGeRu,46
ZrGeRu2,225
ZrH2,139
ZrHg3,221
ZrIn,166
ZrIn2,141
ZrIn2Ga,139
ZrIn3,139
ZrInAu,216
ZrInAu2,123
ZrInAu2,225
ZrInCo2,225
ZrInCu2,225
ZrInCu4,216
ZrInCuNi,216
ZrInCuRh,216
ZrInNi,187
ZrInNi2,225
ZrInNi4,216
ZrInPd,187
ZrInPd2,123
ZrInPd2,225
ZrInPt,216
ZrInPt2,225
ZrInRh2,139
ZrInRu2,71
ZrInRuRh,216
ZrIr2,227
ZrIr3,221
ZrMn2Al,225
ZrMn2As,216
ZrMnNb,107
ZrMnP,62
ZrMnTe,216
ZrMo2,227
ZrMo3,223
ZrMoAs,216
ZrMoP,189
ZrN,187
ZrN,216
ZrN,221
ZrN,225
ZrNb,129
ZrNb2,139
ZrNb2Mo,123
ZrNb2Tc,123
ZrNbB4,191
ZrNbCr4,216
ZrNbGa,129
ZrNbMo2,225
ZrNbOs2,123
ZrNbOsRu,216
ZrNbP,62
ZrNbPt,216
ZrNbTc,107
ZrNbTc2,225
ZrNbTcOs,216
ZrNi,63
ZrNi2,227
ZrNi2As,225
ZrNi2Ge,225
ZrNi2Sb,225
ZrNi2Sn,225
ZrNi4Ag,216
ZrNiBi,216
ZrNiC,216
ZrNiGe,62
ZrNiGe,216
ZrNiPb,216
ZrNiSb,62
ZrNiSn,216
ZrO2,14
ZrO2,60
ZrO2,62
ZrO2,225
ZrOs,221
ZrOs3,221
ZrP,194
ZrP,225
ZrP2O7,205
ZrPIr,216
ZrPOs,62
ZrPRh,62
ZrPRh,216
ZrPRu,62
ZrPRu,189
ZrPbF6,67
ZrPbO3,221
ZrPd,221
ZrPd2,139
ZrPd2Rh,123
ZrPd3,139
ZrPd3,221
ZrPdPb,216
ZrPdRh2,123
ZrPt,63
ZrPt3,221
ZrPtPb,216
ZrRe2,194
ZrReSi,189
ZrRh,123
ZrRh,221
ZrRh3,221
ZrRu,221
ZrRu2,194
ZrRu3,221
ZrRu3C,221
ZrRuPt,216
ZrRuPt2,123
ZrS,225
ZrSO,198
ZrSb,63
ZrSb,198
ZrSbIr,216
ZrSbPd,62
ZrSbRh,216
ZrSbRu,216
ZrSbRu2,123
ZrSbRu2,225
ZrSc,129
ZrSc,166
ZrSc,187
ZrSc2,139
ZrSc2Al,123
ZrSc2Cu,123
ZrSc2Ni,123
ZrSc2Zn,123
ZrSc2Zn3,123
ZrSc3,139
ZrSc3,194
ZrSc3Zn2,123
ZrSc5,189
ZrSc6Tl,123
ZrSc7,225
ZrScBe2,123
ZrScCd2,71
ZrScCoCu,216
ZrScCoTc,216
ZrScCr4,216
ZrScCuRh,216
ZrScCuRu,216
ZrScIn,216
ZrScIr2,71
ZrScNb,216
ZrScOs,216
ZrScOs2,123
ZrScOs2,225
ZrScOsRu,216
ZrScP2,166
ZrScPdRh,216
ZrScRu,216
ZrScTa,216
ZrScTc4,216
ZrScTcNi,216
ZrScTcPt,216
ZrScZn,216
ZrScZn2,71
ZrScZn2,123
ZrScZn2,225
ZrScZnOs,216
ZrSi,62
ZrSi,63
ZrSi2,63
ZrSiAs,216
ZrSiMo,62
ZrSiNi,216
ZrSiO4,88
ZrSiO4,141
ZrSiOs,62
ZrSiPd,62
ZrSiPd,216
ZrSiPt,62
ZrSiPt,216
ZrSiRh,62
ZrSiRu,189
ZrSiRu2,71
ZrSiRu2,225
ZrSnIr,189
ZrSnIr,190
ZrSnIr2,225
ZrSnPd,216
ZrSnPd2,225
ZrSnPt,216
ZrSnRh,189
ZrSnRh,190
ZrSnRh2,225
ZrTa2,139
ZrTa2Mo,123
ZrTa2N3,191
ZrTaB4,191
ZrTaBe,107
ZrTaBe2,99
ZrTaBe2,139
ZrTaCo4,216
ZrTaFe4,164
ZrTaNb2,123
ZrTaPt,216
ZrTaRe2,71
ZrTaRu2,71
ZrTaRu2,225
ZrTaTcOs,216
ZrTc2,194
ZrTc2Mo,225
ZrTc2W,225
ZrTcMoW,216
ZrTcPd2,99
ZrTe,62
ZrTe,187
ZrTe,194
ZrTeRu,216
ZrTi2Ga,225
ZrTi2Ru,123
ZrTi2W,123
ZrTi2Zn,123
ZrTiAs,139
ZrTiBe2,119
ZrTiCu,107
ZrTiIn2,123
ZrTiNb,42
ZrTiP,139
ZrTiRu2,123
ZrTiSi,139
ZrTiTc2,225
ZrTiZn2,123
ZrTlAu,216
ZrTlCu,216
ZrUNb,42
ZrV,129
ZrV,221
ZrV2,227
ZrVAs,216
ZrVAs2,99
ZrVCr,74
ZrVF6,225
ZrVGe,139
ZrVP,62
ZrVSi,129
ZrVSi,139
ZrVTc2,71
ZrW2,227
ZrZn,221
ZrZn2,227
ZrZn22,227
ZrZn2Ir,225
ZrZn2Ni,216
ZrZn2Rh,225
ZrZn3,194
ZrZnAg2,99
ZrZnCo2,123
ZrZnCo2,225
ZrZnCoRh,216
ZrZnCu2,225
ZrZnNi4,216
ZrZnPd2,139
ZrZnPt,216
ZrZnPt2,225
ZrZnRh2,225
ZrZnRuPt,216
ZrZnRuRh,216
